 Destination Port, Flow Duration, Total Fwd Packets, Total Backward Packets,Total Length of Fwd Packets, Total Length of Bwd Packets, Fwd Packet Length Max, Fwd Packet Length Min, Fwd Packet Length Mean, Fwd Packet Length Std, Bwd Packet Length Max, Bwd Packet Length Min, Bwd Packet Length Mean, Bwd Packet Length Std,Flow Bytes/s, Flow Packets/s, Flow IAT Mean, Flow IAT Std, Flow IAT Max, Flow IAT Min,Fwd IAT Total, Fwd IAT Mean, Fwd IAT Std, Fwd IAT Max, Fwd IAT Min,Bwd IAT Total, Bwd IAT Mean, Bwd IAT Std, Bwd IAT Max, Bwd IAT Min,Fwd PSH Flags, Bwd PSH Flags, Fwd URG Flags, Bwd URG Flags, Fwd Header Length, Bwd Header Length,Fwd Packets/s, Bwd Packets/s, Min Packet Length, Max Packet Length, Packet Length Mean, Packet Length Std, Packet Length Variance,FIN Flag Count, SYN Flag Count, RST Flag Count, PSH Flag Count, ACK Flag Count, URG Flag Count, CWE Flag Count, ECE Flag Count, Down/Up Ratio, Average Packet Size, Avg Fwd Segment Size, Avg Bwd Segment Size, Fwd Header Length.1,Fwd Avg Bytes/Bulk, Fwd Avg Packets/Bulk, Fwd Avg Bulk Rate, Bwd Avg Bytes/Bulk, Bwd Avg Packets/Bulk, Bwd Avg Bulk Rate,Subflow Fwd Packets, Subflow Fwd Bytes, Subflow Bwd Packets, Subflow Bwd Bytes,Init_Win_bytes_forward, Init_Win_bytes_backward, act_data_pkt_fwd, min_seg_size_forward,Active Mean, Active Std, Active Max, Active Min,Idle Mean, Idle Std, Idle Max, Idle Min, Label
443,3580,7,9,4788,3976,684,10,684,26.302888412601337,441,0,441,32.89505626912531,2448058,4468,223,288.4872148761698,3580,1,2864,409,0,2864,0,2148,238,0,2148,0,0,0,0,0,140,180,1955,2513,0,1000,547,92.576718237884,733.4691652217822,0,1,0,0,1,0,0,0,1.29,547,684,441,140,0,0,0,0,0,0,7,4788,9,3976,45738,38671,6,20,0,0,0,0,0,0,0,0,BENIGN
443,4602,10,6,1149,3418,114,10,114,9.241577119068367,569,0,569,44.960085794773235,992532,3476,287,891.701561228483,4602,5,3682,368,0,3682,0,2761,460,0,2761,0,0,0,0,0,200,120,2172,1303,0,1000,285,53.079119479794215,224.2449837447812,0,0,0,0,1,0,0,0,0.6,285,114,569,200,0,0,0,0,0,0,10,1149,6,3418,56415,34311,9,20,0,0,0,0,0,0,0,0,BENIGN
123,792,7,3,2281,2192,325,10,325,44.45562999252671,730,0,730,24.478214691748292,5642173,12612,79,36.82042695406806,792,1,634,90,0,634,0,475,158,0,475,0,0,0,0,0,140,60,8828,3783,0,1000,447,20.45172908200784,738.3264002924399,0,1,0,0,0,0,0,0,0.43,447,325,730,140,0,0,0,0,0,0,7,2281,3,2192,58650,34192,6,20,0,0,0,0,0,0,0,0,BENIGN
12142,78,1,0,0,0,0,0,0,12.30769182514792,0,0,0,21.47053278229742,0,12788,78,558.6757781128874,78,3,62,62,0,62,0,46,0,0,46,0,0,0,0,0,20,0,12788,0,0,1000,0,28.720643508332955,722.3726771810143,0,1,0,0,0,0,0,0,0.0,0,0,0,20,0,0,0,0,0,0,1,0,0,0,41566,62621,0,20,0,0,0,0,0,0,0,0,PortScan
22,3136,8,6,3170,5475,396,10,396,41.79260812023776,912,0,912,6.437190450288694,2756457,4463,224,343.10092436730935,3136,3,2509,313,0,2509,0,1881,313,0,1881,0,0,0,0,0,160,120,2550,1912,0,1000,617,13.542973758704157,774.4618687609133,0,0,0,0,1,0,0,0,0.75,617,396,912,160,0,0,0,0,0,0,8,3170,6,5475,57552,33759,7,20,0,0,0,0,0,0,0,0,BENIGN
123,3726,4,10,1355,10893,338,10,338,25.836752741294994,1089,0,1089,13.851957881358551,3287095,3756,266,911.8322078004974,3726,6,2981,745,0,2981,0,2235,223,0,2235,0,0,0,0,0,80,200,1073,2683,0,1000,874,98.06250662920822,82.75008991564891,0,1,0,0,1,0,0,0,2.5,874,338,1089,80,0,0,0,0,0,0,4,1355,10,10893,33380,38661,3,20,0,0,0,0,0,0,0,0,BENIGN
22,1811,9,11,1853,2103,205,10,205,45.43514537871463,191,0,191,43.335275374400176,2184258,11039,90,589.9271150127088,1811,10,1449,161,0,1449,0,1086,98,0,1086,0,0,0,0,0,180,220,4967,6071,0,1000,197,19.617855468548264,27.07000153737549,0,0,0,0,1,0,0,0,1.22,197,205,191,180,0,0,0,0,0,0,9,1853,11,2103,60025,43167,8,20,0,0,0,0,0,0,0,0,BENIGN
443,1654218,296,0,36953,0,124,0,124,0.7906582239863458,0,0,0,32.813441688829094,22339,178,5588,450.63247640931803,1654218,2,1323375,4470,0,1323375,0,992531,0,0,992531,0,0,0,0,0,5920,0,178,0,0,1500,124,37.64978472634599,952.1391543734488,0,1,0,0,0,0,0,0,0.0,124,124,0,5920,0,0,0,0,0,0,296,36953,0,0,32575,46579,295,20,0,0,0,0,0,0,0,0,DDoS
80,3497,10,9,950,8692,95,10,95,34.0074189387905,965,0,965,24.543929815290994,2756755,5431,184,344.0818536294372,3497,8,2798,279,0,2798,0,2098,233,0,2098,0,0,0,0,0,200,180,2858,2572,0,1000,507,38.749627043133536,726.1041732214028,0,1,0,0,0,0,0,0,0.9,507,95,965,200,0,0,0,0,0,0,10,950,9,8692,51191,61217,9,20,0,0,0,0,0,0,0,0,BENIGN
443,3463068,425,3,488288,147,1148,0,1148,46.53856931923932,49,0,49,0.5914589404832027,141041,123,8091,955.6678394661366,3463068,9,2770454,6518,0,2770454,0,2077840,692613,0,2077840,0,0,0,0,0,8500,60,122,0,0,1500,1141,12.722846260514508,361.32440782461305,0,1,0,0,0,0,0,0,0.01,1141,1148,49,8500,0,0,0,0,0,0,425,488288,3,147,59763,62979,424,20,0,0,0,0,0,0,0,0,DDoS
123,1598,1,5,782,5371,782,10,782,43.22322490291532,1074,0,1074,0.25881099652400597,3849813,3753,266,0.8696687576716933,1598,10,1278,1278,0,1278,0,959,191,0,959,0,0,0,0,0,20,100,625,3128,0,1000,1025,34.48890468947867,313.84942340103714,0,0,0,0,0,0,0,0,5.0,1025,782,1074,20,0,0,0,0,0,0,1,782,5,5371,64585,45579,0,20,0,0,0,0,0,0,0,0,BENIGN
123,3209,2,2,1221,2262,610,10,610,20.91221738463006,1131,0,1131,16.009557828525033,1085425,1246,802,232.04530290737924,3209,9,2567,1283,0,2567,0,1925,962,0,1925,0,0,0,0,0,40,40,623,623,0,1000,870,0.756500992756115,182.5294200500731,0,1,0,0,1,0,0,0,1.0,870,610,1131,40,0,0,0,0,0,0,2,1221,2,2262,42608,52236,1,20,0,0,0,0,0,0,0,0,BENIGN
80,4948,1,9,799,7161,799,10,799,1.4750909749139618,795,0,795,29.72087648689183,1608857,2020,494,152.50179043107227,4948,2,3958,3958,0,3958,0,2969,329,0,2969,0,0,0,0,0,20,180,202,1818,0,1000,796,98.01809372221689,350.8045135533273,0,1,0,0,1,0,0,0,9.0,796,799,795,20,0,0,0,0,0,0,1,799,9,7161,40570,43614,0,20,0,0,0,0,0,0,0,0,BENIGN
123,1519,6,2,2559,2366,426,10,426,31.32042101649679,1183,0,1183,19.940183253784525,3241563,5264,189,325.4497833752178,1519,8,1215,202,0,1215,0,911,455,0,911,0,0,0,0,0,120,40,3948,1316,0,1000,615,46.81891796917689,261.3272003255298,0,1,0,0,1,0,0,0,0.33,615,426,1183,120,0,0,0,0,0,0,6,2559,2,2366,44355,48016,5,20,0,0,0,0,0,0,0,0,BENIGN
3306,860514,420,3,402111,105,957,0,957,0.30563983084523905,35,0,35,30.119577263462038,467414,491,2034,73.93563726435781,860514,6,688411,1639,0,688411,0,516308,172102,0,516308,0,0,0,0,0,8400,60,488,3,0,1500,950,97.10001126343948,438.56234932856563,0,1,0,0,0,0,0,0,0.01,950,957,35,8400,0,0,0,0,0,0,420,402111,3,105,51236,57187,419,20,0,0,0,0,0,0,0,0,DDoS
443,1681,7,9,4887,9458,698,10,698,40.296362767806784,1050,0,1050,34.72702087481719,8532822,9515,105,480.9121431319693,1681,1,1345,192,0,1345,0,1008,112,0,1008,0,0,0,0,0,140,180,4163,5352,0,1000,896,49.446345158532345,482.8207929085575,0,0,0,0,0,0,0,0,1.29,896,698,1050,140,0,0,0,0,0,0,7,4887,9,9458,45728,34215,6,20,0,0,0,0,0,0,0,0,BENIGN
123,2217,10,5,7608,1182,760,10,760,39.234826251795994,236,0,236,33.77580902139054,3963647,6763,147,342.9198860940315,2217,10,1774,177,0,1774,0,1330,266,0,1330,0,0,0,0,0,200,100,4508,2254,0,1000,586,25.79495178222011,409.8388239393457,0,0,0,0,0,0,0,0,0.5,586,760,236,200,0,0,0,0,0,0,10,7608,5,1182,39496,46044,9,20,0,0,0,0,0,0,0,0,BENIGN
80,313726,234,1,101531,4,433,0,433,46.22843936151302,4,0,4,1.9863628534173061,323644,749,1335,193.95534913313605,313726,7,250980,1072,0,250980,0,188235,188235,0,188235,0,0,0,0,0,4680,20,745,3,0,1500,432,60.23629236761766,808.9663951389126,0,1,0,0,0,0,0,0,0.0,432,433,4,4680,0,0,0,0,0,0,234,101531,1,4,44709,56324,233,20,0,0,0,0,0,0,0,0,DDoS
123,193,3,11,205,5441,68,10,68,29.16801102598529,494,0,494,1.5532078063862254,29166617,72307,13,552.4671949029621,193,9,154,51,0,154,0,116,10,0,116,0,0,0,0,0,60,220,15494,56813,0,1000,403,45.2319164066072,523.1197232797358,0,0,0,0,1,0,0,0,3.67,403,68,494,60,0,0,0,0,0,0,3,205,11,5441,44009,29667,2,20,0,0,0,0,0,0,0,0,BENIGN
443,353,9,1,8502,833,944,10,944,48.7867484110687,833,0,833,15.729392743272491,26430954,28312,35,83.81820191493816,353,1,282,31,0,282,0,211,211,0,211,0,0,0,0,0,180,20,25481,2831,0,1000,933,59.808426265012216,467.3644977473791,0,1,0,0,1,0,0,0,0.11,933,944,833,180,0,0,0,0,0,0,9,8502,1,833,55797,50233,8,20,0,0,0,0,0,0,0,0,BENIGN
80,3993535,376,0,302001,0,803,0,803,35.3878503544013,0,0,0,25.295704687732464,75622,94,10621,329.26742326854264,3993535,3,3194828,8496,0,3194828,0,2396121,0,0,2396121,0,0,0,0,0,7520,0,94,0,0,1500,803,12.202886860289974,792.3207231702511,0,1,0,0,0,0,0,0,0.0,803,803,0,7520,0,0,0,0,0,0,376,302001,0,0,45482,52216,375,20,0,0,0,0,0,0,0,0,DDoS
8080,1162919,207,5,271940,38,1313,0,1313,19.81093204811061,7,0,7,18.902015601814693,233876,182,5485,874.7390664044742,1162919,8,930335,4494,0,930335,0,697751,139550,0,697751,0,0,0,0,0,4140,100,178,4,0,1500,1282,43.26692632487399,424.28986335062933,0,1,0,0,0,0,0,0,0.02,1282,1313,7,4140,0,0,0,0,0,0,207,271940,5,38,55906,29423,206,20,0,0,0,0,0,0,0,0,DDoS
80,2846,7,4,3067,4082,438,10,438,48.26889672822834,1020,0,1020,48.81412129237243,2512185,3864,258,169.98001289867037,2846,9,2277,325,0,2277,0,1707,426,0,1707,0,0,0,0,0,140,80,2459,1405,0,1000,650,70.51382400938896,779.6369246213608,0,1,0,0,0,0,0,0,0.57,650,438,1020,140,0,0,0,0,0,0,7,3067,4,4082,47953,63164,6,20,0,0,0,0,0,0,0,0,BENIGN
80,2591,5,5,386,3097,77,10,77,6.734941409664436,619,0,619,41.24441518772771,1344195,3858,259,341.8033246910369,2591,2,2073,414,0,2073,0,1555,311,0,1555,0,0,0,0,0,100,100,1929,1929,0,1000,348,10.352725854747913,486.934527434387,0,0,0,0,1,0,0,0,1.0,348,77,619,100,0,0,0,0,0,0,5,386,5,3097,39580,33152,4,20,0,0,0,0,0,0,0,0,BENIGN
53,2830,1,3,805,987,805,10,805,27.603636434185262,329,0,329,22.798093121192238,633185,1412,707,222.27643961313015,2830,9,2264,2264,0,2264,0,1698,566,0,1698,0,0,0,0,0,20,60,353,1059,0,1000,448,55.24958827903635,652.2241203613859,0,1,0,0,1,0,0,0,3.0,448,805,329,20,0,0,0,0,0,0,1,805,3,987,46980,37890,0,20,0,0,0,0,0,0,0,0,BENIGN
22,4605,10,9,5379,962,537,10,537,40.70483906893985,106,0,106,10.760288602555645,1377199,4125,242,862.3258836966673,4605,4,3684,368,0,3684,0,2763,307,0,2763,0,0,0,0,0,200,180,2171,1954,0,1000,333,57.91948901756109,968.4287587464337,0,0,0,0,1,0,0,0,0.9,333,537,106,200,0,0,0,0,0,0,10,5379,9,962,63725,57848,9,20,0,0,0,0,0,0,0,0,BENIGN
80,2386,6,4,2572,2108,428,10,428,43.88766427911428,527,0,527,31.975942908011284,1961343,4189,238,402.3166793466466,2386,10,1909,318,0,1909,0,1432,358,0,1432,0,0,0,0,0,120,80,2513,1675,0,1000,468,83.95666458310357,417.4521141230423,0,1,0,0,0,0,0,0,0.67,468,428,527,120,0,0,0,0,0,0,6,2572,4,2108,64494,56533,5,20,0,0,0,0,0,0,0,0,BENIGN
443,682,9,7,6853,2898,761,10,761,15.11458761585821,414,0,414,42.11766611568966,14299192,23460,42,981.2760614459701,682,6,545,60,0,545,0,409,58,0,409,0,0,0,0,0,180,140,13196,10263,0,1000,609,31.29986195443778,908.1556040467688,0,1,0,0,0,0,0,0,0.78,609,761,414,180,0,0,0,0,0,0,9,6853,7,2898,53100,48596,8,20,0,0,0,0,0,0,0,0,BENIGN
80,704,8,8,6210,1966,776,10,776,30.47536141568921,245,0,245,24.143314634037154,11600202,22698,44,557.795339232399,704,3,563,70,0,563,0,422,52,0,422,0,0,0,0,0,160,160,11349,11349,0,1000,511,70.12915175870023,477.5633727074362,0,0,0,0,1,0,0,0,1.0,511,776,245,160,0,0,0,0,0,0,8,6210,8,1966,36877,51689,7,20,0,0,0,0,0,0,0,0,BENIGN
53,1888,7,10,4406,6124,629,10,629,27.349661454727737,612,0,612,37.848316328253055,5576390,9002,111,950.8725103340158,1888,10,1510,215,0,1510,0,1133,113,0,1133,0,0,0,0,0,140,200,3706,5295,0,1000,619,49.774662805449644,480.1237021026401,0,0,0,0,0,0,0,0,1.43,619,629,612,140,0,0,0,0,0,0,7,4406,10,6124,51513,59123,6,20,0,0,0,0,0,0,0,0,BENIGN
8080,737405,126,2,127797,17,1014,0,1014,6.450968399835682,8,0,8,22.562227531126,173330,173,5760,799.175727056582,737405,4,589924,4681,0,589924,0,442443,221221,0,442443,0,0,0,0,0,2520,40,170,2,0,1500,998,5.2850593181135945,309.8554056335845,0,1,0,0,0,0,0,0,0.02,998,1014,8,2520,0,0,0,0,0,0,126,127797,2,17,47881,49329,125,20,0,0,0,0,0,0,0,0,DDoS
80,1675,1,3,580,2846,580,10,580,47.12263465371526,948,0,948,10.892000056997569,2044899,2387,418,916.7370505571214,1675,4,1340,1340,0,1340,0,1005,335,0,1005,0,0,0,0,0,20,60,596,1790,0,1000,856,43.071390906381914,503.5782072182622,0,1,0,0,0,0,0,0,3.0,856,580,948,20,0,0,0,0,0,0,1,580,3,2846,57512,59885,0,20,0,0,0,0,0,0,0,0,BENIGN
80,656,10,8,4492,8525,449,10,449,25.827297136280325,1065,0,1065,39.16199741221295,19821847,27408,36,984.420706115778,656,4,525,52,0,525,0,394,49,0,394,0,0,0,0,0,200,160,15226,12181,0,1000,723,54.8218688825356,881.2497410373908,0,0,0,0,0,0,0,0,0.8,723,449,1065,200,0,0,0,0,0,0,10,4492,8,8525,51120,54376,9,20,0,0,0,0,0,0,0,0,BENIGN
443,3035967,312,1,302221,44,968,0,968,7.971389537458601,44,0,44,26.20314684049009,99561,103,9699,125.87788448357462,3035967,9,2428774,7784,0,2428774,0,1821580,1821580,0,1821580,0,0,0,0,0,6240,20,102,0,0,1500,965,26.12127480871176,47.89035694387689,0,1,0,0,0,0,0,0,0.0,965,968,44,6240,0,0,0,0,0,0,312,302221,1,44,56137,43962,311,20,0,0,0,0,0,0,0,0,DDoS
22,316763,16,88,1153,6006,72,0,72,28.387582288762957,68,0,68,33.01948754062799,22604,328,3045,944.4263797835797,316763,6,253410,15838,0,253410,0,190058,2159,0,190058,0,0,0,0,0,320,1760,50,277,0,1000,68,71.19728822723863,622.2491935085998,0,0,0,0,1,0,0,0,5.5,68,72,68,320,0,0,0,0,0,0,16,1153,88,6006,29590,38689,15,20,0,0,0,0,0,0,0,0,SSH-Patator
22,22,3,1,2267,198,755,10,755,6.852038737736837,198,0,198,39.071196931107934,109411556,177473,5,459.0758311923391,22,9,18,6,0,18,0,13,13,0,13,0,0,0,0,0,60,20,133105,44368,0,1000,616,42.92210432590856,674.9331095803177,0,1,0,0,1,0,0,0,0.33,616,755,198,60,0,0,0,0,0,0,3,2267,1,198,41155,50598,2,20,0,0,0,0,0,0,0,0,BENIGN
22,4367,1,11,444,10449,444,10,444,21.20740322625363,949,0,949,0.6598620319860249,2494050,2747,363,34.44175952365669,4367,5,3494,3494,0,3494,0,2620,238,0,2620,0,0,0,0,0,20,220,228,2518,0,1000,907,34.954500044240156,659.6794620194818,0,1,0,0,1,0,0,0,11.0,907,444,949,20,0,0,0,0,0,0,1,444,11,10449,47715,40010,0,20,0,0,0,0,0,0,0,0,BENIGN
8080,2099226,255,5,93234,105,365,0,365,19.403825756424336,21,0,21,23.853910972580234,44463,123,8073,818.5114646141351,2099226,5,1679380,6585,0,1679380,0,1259535,251907,0,1259535,0,0,0,0,0,5100,100,121,2,0,1500,358,56.94219847545172,630.566191075921,0,1,0,0,0,0,0,0,0.02,358,365,21,5100,0,0,0,0,0,0,255,93234,5,105,60958,30272,254,20,0,0,0,0,0,0,0,0,DDoS
22,503496,86,118,2839,8633,33,0,33,29.304044359439935,73,0,73,47.50595677107069,22787,405,2468,935.3283470140718,503496,4,402797,4683,0,402797,0,302098,2560,0,302098,0,0,0,0,0,1720,2360,170,234,0,1000,56,54.987127728515794,146.9118446616906,0,0,0,0,1,0,0,0,1.37,56,33,73,1720,0,0,0,0,0,0,86,2839,118,8633,56575,57287,85,20,0,0,0,0,0,0,0,0,SSH-Patator
80,3760,3,4,1551,4378,517,10,517,15.23022715699151,1094,0,1094,8.403357267838052,1577141,1861,537,506.25820422493894,3760,9,3008,1002,0,3008,0,2256,564,0,2256,0,0,0,0,0,60,80,797,1063,0,1000,847,26.35735445966563,580.1519286516831,0,1,0,0,1,0,0,0,1.33,847,517,1094,60,0,0,0,0,0,0,3,1551,4,4378,35686,54616,2,20,0,0,0,0,0,0,0,0,BENIGN
80,3642,4,11,2100,1204,525,10,525,22.916102191013554,109,0,109,31.088921762373072,907364,4117,242,118.6854657058517,3642,9,2914,728,0,2914,0,2185,198,0,2185,0,0,0,0,0,80,220,1098,3019,0,1000,220,28.978287261287306,319.0387731125296,0,1,0,0,0,0,0,0,2.75,220,525,109,80,0,0,0,0,0,0,4,2100,11,1204,32028,43535,3,20,0,0,0,0,0,0,0,0,BENIGN
80,4645,8,11,6831,1638,853,10,853,11.031597191159332,148,0,148,31.66894191996232,1823136,4089,244,734.7769603783921,4645,10,3716,464,0,3716,0,2787,253,0,2787,0,0,0,0,0,160,220,1721,2367,0,1000,445,2.9685716475664314,199.98329157828763,0,1,0,0,1,0,0,0,1.38,445,853,148,160,0,0,0,0,0,0,8,6831,11,1638,53964,36248,7,20,0,0,0,0,0,0,0,0,BENIGN
53,460,1,12,760,9331,760,10,760,3.710880076526313,777,0,777,37.99826820603004,21938117,28260,35,322.1026578995969,460,9,368,368,0,368,0,276,23,0,276,0,0,0,0,0,20,240,2173,26086,0,1000,776,71.36459002465901,324.0402471528946,0,1,0,0,1,0,0,0,12.0,776,760,777,20,0,0,0,0,0,0,1,760,12,9331,57201,30592,0,20,0,0,0,0,0,0,0,0,BENIGN
123,3132,2,3,1120,1211,560,10,560,40.96733586756705,403,0,403,38.51449475039559,744507,1596,626,320.3696219828778,3132,1,2505,1252,0,2505,0,1879,626,0,1879,0,0,0,0,0,40,60,638,957,0,1000,466,83.79070603462357,95.84717367461081,0,1,0,0,0,0,0,0,1.5,466,560,403,40,0,0,0,0,0,0,2,1120,3,1211,45013,55379,1,20,0,0,0,0,0,0,0,0,BENIGN
3306,1199502,131,2,160349,39,1224,0,1224,21.146940956137122,19,0,19,44.1736819555022,133712,110,9018,384.1959522748607,1199502,2,959601,7325,0,959601,0,719701,359850,0,719701,0,0,0,0,0,2620,40,109,1,0,1500,1205,13.07340211448852,450.09528158547505,0,1,0,0,0,0,0,0,0.02,1205,1224,19,2620,0,0,0,0,0,0,131,160349,2,39,36084,50718,130,20,0,0,0,0,0,0,0,0,DDoS
40846,59,1,1,0,0,0,0,0,16.654936693380446,0,0,0,21.263845339532388,0,33719,29,654.7744304626306,59,3,47,47,0,47,0,35,35,0,35,0,0,0,0,0,20,20,16859,16859,0,1000,0,42.787785038274826,838.4059533378829,0,1,0,0,0,0,0,0,1.0,0,0,0,20,0,0,0,0,0,0,1,0,1,0,40016,35716,0,20,0,0,0,0,0,0,0,0,PortScan
443,1631,10,9,6436,6999,643,10,643,42.337563609278746,777,0,777,45.083998027035726,8235696,11646,85,844.0710826922126,1631,3,1305,130,0,1305,0,978,108,0,978,0,0,0,0,0,200,180,6129,5516,0,1000,707,43.50680091763037,687.0244279779364,0,0,0,0,0,0,0,0,0.9,707,643,777,200,0,0,0,0,0,0,10,6436,9,6999,46085,46113,9,20,0,0,0,0,0,0,0,0,BENIGN
3306,1070664,163,4,156389,134,959,0,959,28.4189180949525,33,0,33,12.78685201226548,146193,155,6411,374.8276590810896,1070664,9,856531,5254,0,856531,0,642398,160599,0,642398,0,0,0,0,0,3260,80,152,3,0,1500,937,76.8456611972488,839.3906034636032,0,1,0,0,0,0,0,0,0.02,937,959,33,3260,0,0,0,0,0,0,163,156389,4,134,61029,51752,162,20,0,0,0,0,0,0,0,0,DDoS
3306,2201737,163,4,106158,88,651,0,651,1.9159050796983546,22,0,22,40.1881240199366,48256,75,13184,261.5087303392142,2201737,4,1761390,10806,0,1761390,0,1321042,330260,0,1321042,0,0,0,0,0,3260,80,74,1,0,1500,636,7.588252767571124,35.82077701194963,0,1,0,0,0,0,0,0,0.02,636,651,22,3260,0,0,0,0,0,0,163,106158,4,88,56933,37143,162,20,0,0,0,0,0,0,0,0,DDoS
53,270,7,7,3889,6682,555,10,555,2.608074142770944,954,0,954,21.507007727640808,39072141,51741,19,25.320406403112727,270,5,216,30,0,216,0,162,23,0,162,0,0,0,0,0,140,140,25870,25870,0,1000,755,46.09793744123546,143.50540714897187,0,1,0,0,1,0,0,0,1.0,755,555,954,140,0,0,0,0,0,0,7,3889,7,6682,31041,40160,6,20,0,0,0,0,0,0,0,0,BENIGN
53,2517,6,4,3600,3082,600,10,600,48.07006687103993,770,0,770,9.151251186799952,2654587,3972,251,559.6374149609735,2517,2,2013,335,0,2013,0,1510,377,0,1510,0,0,0,0,0,120,80,2383,1588,0,1000,668,51.63779882153212,984.9159773991529,0,0,0,0,0,0,0,0,0.67,668,600,770,120,0,0,0,0,0,0,6,3600,4,3082,37921,38848,5,20,0,0,0,0,0,0,0,0,BENIGN
443,2450,4,5,2162,1521,540,10,540,46.279745632401124,304,0,304,29.796748101870556,1503238,3672,272,478.8839788849162,2450,10,1960,490,0,1960,0,1470,294,0,1470,0,0,0,0,0,80,100,1632,2040,0,1000,409,45.98900662541603,905.3495100619216,0,1,0,0,1,0,0,0,1.25,409,540,304,80,0,0,0,0,0,0,4,2162,5,1521,44044,48865,3,20,0,0,0,0,0,0,0,0,BENIGN
123,2772,4,2,1504,698,376,10,376,45.742633687487135,349,0,349,42.59281495958897,794773,2163,462,748.3836813596974,2772,4,2218,554,0,2218,0,1663,831,0,1663,0,0,0,0,0,80,40,1442,721,0,1000,367,95.69488978920764,731.8918941502985,0,1,0,0,1,0,0,0,0.5,367,376,349,80,0,0,0,0,0,0,4,1504,2,698,48720,29478,3,20,0,0,0,0,0,0,0,0,BENIGN
80,1284,7,10,2971,9483,424,10,424,9.896791147914275,948,0,948,1.9705225894194323,9696302,13234,75,260.68698376296584,1284,2,1027,146,0,1027,0,770,77,0,770,0,0,0,0,0,140,200,5449,7784,0,1000,732,61.49206570768756,892.8531591874593,0,1,0,0,1,0,0,0,1.43,732,424,948,140,0,0,0,0,0,0,7,2971,10,9483,42200,49380,6,20,0,0,0,0,0,0,0,0,BENIGN
123,1099,6,5,4951,3858,825,10,825,35.94292825989616,771,0,771,29.513237197757054,8012340,10004,99,254.2786929183707,1099,3,879,146,0,879,0,659,131,0,659,0,0,0,0,0,120,100,5457,4547,0,1000,800,89.8755282211936,83.54088066362031,0,0,0,0,1,0,0,0,0.83,800,825,771,120,0,0,0,0,0,0,6,4951,5,3858,31429,38562,5,20,0,0,0,0,0,0,0,0,BENIGN
22,3677,7,2,5598,1619,799,10,799,7.363240254112441,809,0,809,33.3496144184239,1962870,2447,408,61.05877189953479,3677,3,2941,420,0,2941,0,2206,1103,0,2206,0,0,0,0,0,140,40,1903,543,0,1000,802,20.165689564804236,360.5929859424339,0,1,0,0,0,0,0,0,0.29,802,799,809,140,0,0,0,0,0,0,7,5598,2,1619,30457,39663,6,20,0,0,0,0,0,0,0,0,BENIGN
80,4532446,184,2,254590,59,1383,0,1383,28.87250053641197,29,0,29,13.948106209390392,56183,41,24367,77.90236518482996,4532446,10,3625956,19706,0,3625956,0,2719467,1359733,0,2719467,0,0,0,0,0,3680,40,40,0,0,1500,1369,8.609141125019015,733.108227015644,0,1,0,0,0,0,0,0,0.01,1369,1383,29,3680,0,0,0,0,0,0,184,254590,2,59,48477,60927,183,20,0,0,0,0,0,0,0,0,DDoS
8080,3173761,163,0,100937,0,619,0,619,38.48361131033104,0,0,0,34.40808230926763,31803,51,19470,927.5894186843585,3173761,10,2539008,15576,0,2539008,0,1904256,0,0,1904256,0,0,0,0,0,3260,0,51,0,0,1500,619,2.3237510332410394,575.7786487974781,0,1,0,0,0,0,0,0,0.0,619,619,0,3260,0,0,0,0,0,0,163,100937,0,0,36292,35363,162,20,0,0,0,0,0,0,0,0,DDoS
443,3967957,58,1,39175,16,675,0,675,28.966047692358444,16,0,16,31.242398453389992,9876,14,67253,911.4133227359226,3967957,9,3174366,54730,0,3174366,0,2380774,2380774,0,2380774,0,0,0,0,0,1160,20,14,0,0,1500,664,75.13865327673304,536.6011369084634,0,1,0,0,0,0,0,0,0.02,664,675,16,1160,0,0,0,0,0,0,58,39175,1,16,59528,32392,57,20,0,0,0,0,0,0,0,0,DDoS
19126,76,2,1,0,0,0,0,0,49.160653347700006,0,0,0,46.29356012761933,0,39216,25,23.78229179251101,76,2,61,30,0,61,0,45,45,0,45,0,0,0,0,0,40,20,26144,13072,0,1000,0,55.95666486869847,852.4198650360715,0,1,0,0,0,0,0,0,0.5,0,0,0,40,0,0,0,0,0,0,2,0,1,0,50145,61068,1,20,0,0,0,0,0,0,0,0,PortScan
80,2103,4,5,2483,3005,620,10,620,32.55589921542118,601,0,601,35.69486967220014,2609646,4279,233,272.7429782425992,2103,7,1682,420,0,1682,0,1261,252,0,1261,0,0,0,0,0,80,100,1901,2377,0,1000,609,6.179603784483733,327.715004019892,0,0,0,0,0,0,0,0,1.25,609,620,601,80,0,0,0,0,0,0,4,2483,5,3005,47673,51649,3,20,0,0,0,0,0,0,0,0,BENIGN
443,4470,9,8,7664,9324,851,10,851,22.142627340234828,1165,0,1165,38.17175343050552,3799664,3802,262,792.5375426560173,4470,2,3576,397,0,3576,0,2682,335,0,2682,0,0,0,0,0,180,160,2012,1789,0,1000,999,56.33813465820844,435.4318678209621,0,0,0,0,0,0,0,0,0.89,999,851,1165,180,0,0,0,0,0,0,9,7664,8,9324,46717,58467,8,20,0,0,0,0,0,0,0,0,BENIGN
123,3144,2,10,911,5563,455,10,455,17.894165427357184,556,0,556,27.59612315749591,2058867,3815,262,440.09219725272607,3144,3,2515,1257,0,2515,0,1886,188,0,1886,0,0,0,0,0,40,200,635,3179,0,1000,539,96.8279742509992,750.3496131372175,0,1,0,0,1,0,0,0,5.0,539,455,556,40,0,0,0,0,0,0,2,911,10,5563,29729,50914,1,20,0,0,0,0,0,0,0,0,BENIGN
53,1540,3,4,1693,3981,564,10,564,7.669294025817031,995,0,995,27.69635912250293,3685146,4545,220,373.7282407684678,1540,3,1232,410,0,1232,0,924,231,0,924,0,0,0,0,0,60,80,1947,2597,0,1000,810,49.14509602666334,990.9128368045826,0,0,0,0,0,0,0,0,1.33,810,564,995,60,0,0,0,0,0,0,3,1693,4,3981,40568,55793,2,20,0,0,0,0,0,0,0,0,BENIGN
443,1171,1,6,587,849,587,10,587,19.301492785049163,141,0,141,22.582706446495333,1226898,5975,167,631.769036526512,1171,8,937,937,0,937,0,702,117,0,702,0,0,0,0,0,20,120,853,5121,0,1000,205,41.25556775013729,492.89920778279105,0,0,0,0,1,0,0,0,6.0,205,587,141,20,0,0,0,0,0,0,1,587,6,849,62869,54605,0,20,0,0,0,0,0,0,0,0,BENIGN
123,2893,6,4,3399,3955,566,10,566,25.176283753869132,988,0,988,29.515627698959534,2542472,3456,289,95.26964535520777,2893,2,2314,385,0,2314,0,1735,433,0,1735,0,0,0,0,0,120,80,2073,1382,0,1000,735,44.260979983404866,623.166858583447,0,1,0,0,0,0,0,0,0.67,735,566,988,120,0,0,0,0,0,0,6,3399,4,3955,31059,43630,5,20,0,0,0,0,0,0,0,0,BENIGN
443,3043,3,1,854,605,284,10,284,46.388763024685694,605,0,605,26.356816896771377,479954,1314,760,143.44012217296543,3043,6,2434,811,0,2434,0,1826,1826,0,1826,0,0,0,0,0,60,20,985,328,0,1000,365,99.91296977649627,694.2236469125327,0,1,0,0,1,0,0,0,0.33,365,284,605,60,0,0,0,0,0,0,3,854,1,605,64182,56679,2,20,0,0,0,0,0,0,0,0,BENIGN
443,2417,10,4,1714,2066,171,10,171,25.251069340803127,516,0,516,39.83624273684716,1564250,5792,172,521.7060087274656,2417,2,1933,193,0,1933,0,1450,362,0,1450,0,0,0,0,0,200,80,4137,1654,0,1000,270,57.40148850717627,403.4525000048029,0,0,0,0,0,0,0,0,0.4,270,171,516,200,0,0,0,0,0,0,10,1714,4,2066,55898,35426,9,20,0,0,0,0,0,0,0,0,BENIGN
2815,187,1,0,0,0,0,0,0,46.178379851853414,0,0,0,36.43085685839859,0,5347,187,259.1744823774341,187,5,149,149,0,149,0,112,0,0,112,0,0,0,0,0,20,0,5347,0,0,1000,0,96.99834858606339,782.0478050911103,0,1,0,0,0,0,0,0,0.0,0,0,0,20,0,0,0,0,0,0,1,0,0,0,63765,48816,0,20,0,0,0,0,0,0,0,0,PortScan
22,1177,4,6,647,6187,161,10,161,20.193982647892998,1031,0,1031,31.993950267661226,5803327,8491,117,334.36128051378176,1177,1,942,235,0,942,0,706,117,0,706,0,0,0,0,0,80,120,3396,5094,0,1000,683,24.57011298806149,285.0026432006303,0,0,0,0,0,0,0,0,1.5,683,161,1031,80,0,0,0,0,0,0,4,647,6,6187,52809,52506,3,20,0,0,0,0,0,0,0,0,BENIGN
22,414789,130,55,6986,3797,53,0,53,47.263536821944854,69,0,69,5.380614871056522,26000,446,2242,885.3753052574685,414789,1,331831,2552,0,331831,0,248873,4524,0,248873,0,0,0,0,0,2600,1100,313,132,0,1000,58,37.502541150184385,389.9149318102253,0,0,0,0,1,0,0,0,0.42,58,53,69,2600,0,0,0,0,0,0,130,6986,55,3797,60946,55715,129,20,0,0,0,0,0,0,0,0,SSH-Patator
53,1117,3,8,324,8938,108,10,108,8.516424340744006,1117,0,1117,6.353804467132557,8290756,9845,101,402.5351090378544,1117,9,893,297,0,893,0,670,83,0,670,0,0,0,0,0,60,160,2685,7160,0,1000,842,30.75096522220565,41.5443946459888,0,1,0,0,1,0,0,0,2.67,842,108,1117,60,0,0,0,0,0,0,3,324,8,8938,48673,42355,2,20,0,0,0,0,0,0,0,0,BENIGN
22,3234,6,5,805,3338,134,10,134,35.52019385678521,667,0,667,26.48521321196628,1281198,3401,294,284.2754721573737,3234,3,2587,431,0,2587,0,1940,388,0,1940,0,0,0,0,0,120,100,1855,1546,0,1000,376,41.71571649124242,851.5605259740713,0,0,0,0,1,0,0,0,0.83,376,134,667,120,0,0,0,0,0,0,6,805,5,3338,49628,47232,5,20,0,0,0,0,0,0,0,0,BENIGN
80,888,8,2,763,2209,95,10,95,37.816923779859344,1104,0,1104,32.84055825611542,3346805,11257,88,906.2157201350075,888,9,710,88,0,710,0,532,266,0,532,0,0,0,0,0,160,40,9006,2251,0,1000,297,1.9005855309067954,285.6137326780487,0,0,0,0,0,0,0,0,0.25,297,95,1104,160,0,0,0,0,0,0,8,763,2,2209,29634,57867,7,20,0,0,0,0,0,0,0,0,BENIGN
8080,2958874,156,2,16297,97,104,0,104,37.257248830146544,48,0,48,30.677101081227224,5541,53,18727,771.4329839628676,2958874,5,2367099,15173,0,2367099,0,1775324,887662,0,1775324,0,0,0,0,0,3120,40,52,0,0,1500,103,57.983334341836944,660.874940222491,0,1,0,0,0,0,0,0,0.01,103,104,48,3120,0,0,0,0,0,0,156,16297,2,97,52472,61999,155,20,0,0,0,0,0,0,0,0,DDoS
22,37,8,3,5158,2840,644,10,644,35.962598630912,946,0,946,2.334454203872532,213609181,293724,3,660.26757853565,37,9,29,3,0,29,0,22,7,0,22,0,0,0,0,0,160,60,213617,80106,0,1000,727,13.082571117375485,118.68578446493794,0,0,0,0,1,0,0,0,0.38,727,644,946,160,0,0,0,0,0,0,8,5158,3,2840,58203,57971,7,20,0,0,0,0,0,0,0,0,BENIGN
123,4643,5,3,1291,3309,258,10,258,24.505595830102266,1103,0,1103,26.97089768040823,990869,1722,580,927.3373448445676,4643,8,3715,743,0,3715,0,2786,928,0,2786,0,0,0,0,0,100,60,1076,646,0,1000,575,1.1505793748958992,632.547918955899,0,0,0,0,1,0,0,0,0.6,575,258,1103,100,0,0,0,0,0,0,5,1291,3,3309,29447,30907,4,20,0,0,0,0,0,0,0,0,BENIGN
22,1254,5,10,2856,7432,571,10,571,38.705037940998515,743,0,743,42.9386971098565,8204254,11960,83,681.4702613841969,1254,6,1003,200,0,1003,0,752,75,0,752,0,0,0,0,0,100,200,3986,7973,0,1000,685,20.839916943810344,404.3729516797442,0,0,0,0,1,0,0,0,2.0,685,571,743,100,0,0,0,0,0,0,5,2856,10,7432,63196,53471,4,20,0,0,0,0,0,0,0,0,BENIGN
80,2452,2,4,914,1921,457,10,457,40.47371789896471,480,0,480,27.40373140338968,1156229,2446,408,58.13778231175737,2452,6,1961,980,0,1961,0,1471,367,0,1471,0,0,0,0,0,40,80,815,1631,0,1000,472,74.97161518013829,921.1716266848031,0,1,0,0,0,0,0,0,2.0,472,457,480,40,0,0,0,0,0,0,2,914,4,1921,62501,58529,1,20,0,0,0,0,0,0,0,0,BENIGN
53,4796,7,10,365,9494,52,10,52,43.760667739298,949,0,949,4.02770375560329,2055615,3544,282,816.485246942324,4796,7,3837,548,0,3837,0,2877,287,0,2877,0,0,0,0,0,140,200,1459,2084,0,1000,579,21.33334641872282,625.1193128489305,0,0,0,0,0,0,0,0,1.43,579,52,949,140,0,0,0,0,0,0,7,365,10,9494,31445,45951,6,20,0,0,0,0,0,0,0,0,BENIGN
53,4750,10,8,9929,4282,992,10,992,19.883989009889785,535,0,535,8.987310456407133,2991522,3788,263,722.8565080107014,4750,6,3800,380,0,3800,0,2850,356,0,2850,0,0,0,0,0,200,160,2104,1683,0,1000,789,53.93441692158491,135.7414200039122,0,0,0,0,0,0,0,0,0.8,789,992,535,200,0,0,0,0,0,0,10,9929,8,4282,53869,41045,9,20,0,0,0,0,0,0,0,0,BENIGN
123,3269,6,7,4209,560,701,10,701,14.355521187708092,80,0,80,32.24823187410589,1458916,3976,251,122.92062665564474,3269,5,2615,435,0,2615,0,1961,280,0,1961,0,0,0,0,0,120,140,1835,2141,0,1000,366,64.42701790869194,207.53427705975912,0,0,0,0,0,0,0,0,1.17,366,701,80,120,0,0,0,0,0,0,6,4209,7,560,65133,51862,5,20,0,0,0,0,0,0,0,0,BENIGN
123,513,8,10,2080,9425,260,10,260,8.308068360097925,942,0,942,42.476511139083264,22406294,35053,28,951.114628164589,513,2,410,51,0,410,0,308,30,0,308,0,0,0,0,0,160,200,15579,19474,0,1000,639,11.868554419506127,655.2547786649563,0,0,0,0,1,0,0,0,1.25,639,260,942,160,0,0,0,0,0,0,8,2080,10,9425,64263,63149,7,20,0,0,0,0,0,0,0,0,BENIGN
53,1793,8,1,5887,724,735,10,735,23.345332822841474,724,0,724,7.4304990320335556,3687073,5018,199,123.85738252396239,1793,10,1434,179,0,1434,0,1076,1076,0,1076,0,0,0,0,0,160,20,4460,557,0,1000,734,2.843885325576778,369.12092316941636,0,1,0,0,0,0,0,0,0.12,734,735,724,160,0,0,0,0,0,0,8,5887,1,724,49690,57739,7,20,0,0,0,0,0,0,0,0,BENIGN
443,1666845,107,1,60234,15,562,0,562,25.012035520940717,15,0,15,6.832281129971141,36146,64,15433,355.64520660398824,1666845,5,1333476,12462,0,1333476,0,1000107,1000107,0,1000107,0,0,0,0,0,2140,20,64,0,0,1500,557,89.74832645683188,345.3412944673988,0,1,0,0,0,0,0,0,0.01,557,562,15,2140,0,0,0,0,0,0,107,60234,1,15,45620,39417,106,20,0,0,0,0,0,0,0,0,DDoS
443,1874,9,8,407,5125,45,10,45,5.758742057430966,640,0,640,38.862640360643915,2951995,9069,110,832.1107437601977,1874,6,1499,166,0,1499,0,1124,140,0,1124,0,0,0,0,0,180,160,4801,4268,0,1000,325,0.4157253794022653,771.3332857949355,0,0,0,0,0,0,0,0,0.89,325,45,640,180,0,0,0,0,0,0,9,407,8,5125,37776,53793,8,20,0,0,0,0,0,0,0,0,BENIGN
443,2611547,448,4,582390,138,1299,0,1299,43.557008468094295,34,0,34,8.109970605672972,223058,173,5777,686.2819861180478,2611547,7,2089237,4663,0,2089237,0,1566928,391732,0,1566928,0,0,0,0,0,8960,80,171,1,0,1500,1288,46.84756716243691,490.07461026848665,0,1,0,0,0,0,0,0,0.01,1288,1299,34,8960,0,0,0,0,0,0,448,582390,4,138,35984,62251,447,20,0,0,0,0,0,0,0,0,DDoS
443,304,7,7,3899,771,557,10,557,34.6240530889811,110,0,110,28.303375433847027,15342400,45988,21,683.3807855553487,304,6,243,34,0,243,0,182,26,0,182,0,0,0,0,0,140,140,22994,22994,0,1000,333,70.65459113494376,34.86780304907289,0,0,0,0,1,0,0,0,1.0,333,557,110,140,0,0,0,0,0,0,7,3899,7,771,59953,40483,6,20,0,0,0,0,0,0,0,0,BENIGN
80,3105,1,4,961,3837,961,10,961,46.829347573746055,959,0,959,43.35306654475233,1545024,1609,621,526.4396382487566,3105,1,2484,2484,0,2484,0,1863,465,0,1863,0,0,0,0,0,20,80,321,1287,0,1000,959,88.76457016924981,470.3260099498151,0,1,0,0,1,0,0,0,4.0,959,961,959,20,0,0,0,0,0,0,1,961,4,3837,40432,50842,0,20,0,0,0,0,0,0,0,0,BENIGN
80,3097,8,5,2063,662,257,10,257,39.4617014469438,132,0,132,28.7142478033026,880089,4197,238,435.15812064806414,3097,6,2477,309,0,2477,0,1858,371,0,1858,0,0,0,0,0,160,100,2582,1614,0,1000,209,40.73989796847874,572.1445905393668,0,1,0,0,1,0,0,0,0.62,209,257,132,160,0,0,0,0,0,0,8,2063,5,662,55478,46226,7,20,0,0,0,0,0,0,0,0,BENIGN
53,4365,3,5,2286,3076,762,10,762,27.016472323176878,615,0,615,5.972685723637633,1228513,1832,545,87.82017719048784,4365,7,3492,1164,0,3492,0,2619,523,0,2619,0,0,0,0,0,60,100,687,1145,0,1000,670,44.968255823137845,57.342321228211034,0,0,0,0,0,0,0,0,1.67,670,762,615,60,0,0,0,0,0,0,3,2286,5,3076,37448,49331,2,20,0,0,0,0,0,0,0,0,BENIGN
443,2134,10,3,8884,2110,888,10,888,20.04558659271869,703,0,703,46.60877503715465,5150330,6089,164,922.6893907741977,2134,1,1707,170,0,1707,0,1280,426,0,1280,0,0,0,0,0,200,60,4684,1405,0,1000,845,50.55118969012249,40.861329327790074,0,0,0,0,1,0,0,0,0.3,845,888,703,200,0,0,0,0,0,0,10,8884,3,2110,49278,61290,9,20,0,0,0,0,0,0,0,0,BENIGN
123,2215,9,2,1184,2183,131,10,131,13.539645328344607,1091,0,1091,18.95526376814119,1520190,4965,201,75.59297099016571,2215,2,1772,196,0,1772,0,1329,664,0,1329,0,0,0,0,0,180,40,4062,902,0,1000,306,49.706881432039616,882.2277572489465,0,0,0,0,1,0,0,0,0.22,306,131,1091,180,0,0,0,0,0,0,9,1184,2,2183,42191,64384,8,20,0,0,0,0,0,0,0,0,BENIGN
57340,135,1,0,0,0,0,0,0,8.572364697466895,0,0,0,9.696069458693229,0,7391,135,68.10244299142553,135,1,108,108,0,108,0,81,0,0,81,0,0,0,0,0,20,0,7391,0,0,1000,0,86.54927092823651,983.9686413016027,0,1,0,0,0,0,0,0,0.0,0,0,0,20,0,0,0,0,0,0,1,0,0,0,51814,60147,0,20,0,0,0,0,0,0,0,0,PortScan
443,1952339,118,0,144481,0,1224,0,1224,22.337471513697583,0,0,0,32.64271527023803,74004,60,16545,252.12754069386045,1952339,7,1561871,13236,0,1561871,0,1171403,0,0,1171403,0,0,0,0,0,2360,0,60,0,0,1500,1224,73.63077030805985,359.5568429091626,0,1,0,0,0,0,0,0,0.0,1224,1224,0,2360,0,0,0,0,0,0,118,144481,0,0,34122,48676,117,20,0,0,0,0,0,0,0,0,DDoS
80,1858,8,6,7666,5547,958,10,958,23.29977730937895,924,0,924,43.926135237278935,7108618,7531,132,355.5836095787729,1858,9,1487,185,0,1487,0,1115,185,0,1115,0,0,0,0,0,160,120,4303,3227,0,1000,943,21.456654223727433,955.6159829672638,0,1,0,0,0,0,0,0,0.75,943,958,924,160,0,0,0,0,0,0,8,7666,6,5547,31028,62843,7,20,0,0,0,0,0,0,0,0,BENIGN
44474,184,1,0,0,0,0,0,0,19.2907932916916,0,0,0,17.468202943371352,0,5407,184,212.00595152650592,184,6,147,147,0,147,0,110,0,0,110,0,0,0,0,0,20,0,5407,0,0,1000,0,49.95543576980847,599.4758174536654,0,1,0,0,0,0,0,0,0.0,0,0,0,20,0,0,0,0,0,0,1,0,0,0,51995,33323,0,20,0,0,0,0,0,0,0,0,PortScan
443,1158906,218,4,259203,193,1189,0,1189,30.050635266588934,48,0,48,29.61216017145576,223829,191,5220,458.1947135996952,1158906,10,927125,4252,0,927125,0,695344,173836,0,695344,0,0,0,0,0,4360,80,188,3,0,1500,1168,25.834609773530403,142.2095687342022,0,1,0,0,0,0,0,0,0.02,1168,1189,48,4360,0,0,0,0,0,0,218,259203,4,193,45924,30535,217,20,0,0,0,0,0,0,0,0,DDoS
123,813,4,2,625,822,156,10,156,24.43557863199516,411,0,411,40.06608601724759,1779620,7375,135,247.69915606021976,813,10,650,162,0,650,0,488,244,0,488,0,0,0,0,0,80,40,4916,2458,0,1000,241,9.491103419104263,375.03219932292353,0,1,0,0,1,0,0,0,0.5,241,156,411,80,0,0,0,0,0,0,4,625,2,822,33613,38766,3,20,0,0,0,0,0,0,0,0,BENIGN
53,745,6,11,1125,821,187,10,187,43.53048153296506,74,0,74,13.449430346259428,2614038,22817,43,295.7747053390651,745,7,596,99,0,596,0,447,40,0,447,0,0,0,0,0,120,220,8053,14764,0,1000,114,46.82035322746496,722.0055234510227,0,0,0,0,0,0,0,0,1.83,114,187,74,120,0,0,0,0,0,0,6,1125,11,821,43200,52882,5,20,0,0,0,0,0,0,0,0,BENIGN
80,4312,4,4,3228,4114,807,10,807,17.79954770493644,1028,0,1028,10.164552483902328,1702639,1854,539,327.95299575288084,4312,1,3450,862,0,3450,0,2587,646,0,2587,0,0,0,0,0,80,80,927,927,0,1000,917,84.11162326055158,584.9994000359458,0,0,0,0,1,0,0,0,1.0,917,807,1028,80,0,0,0,0,0,0,4,3228,4,4114,59265,43272,3,20,0,0,0,0,0,0,0,0,BENIGN
123,3125,6,10,5911,8961,985,10,985,27.807423547725612,896,0,896,42.63639706525839,4758201,5118,195,883.2338336071928,3125,7,2500,416,0,2500,0,1875,187,0,1875,0,0,0,0,0,120,200,1919,3199,0,1000,929,54.21366691841701,144.53080012122334,0,0,0,0,0,0,0,0,1.67,929,985,896,120,0,0,0,0,0,0,6,5911,10,8961,58082,40898,5,20,0,0,0,0,0,0,0,0,BENIGN
80,2154,2,5,1945,1363,972,10,972,17.580314570356638,272,0,272,12.461611895593805,1535890,3249,307,923.672113203115,2154,4,1723,861,0,1723,0,1292,258,0,1292,0,0,0,0,0,40,100,928,2320,0,1000,472,55.1497418717804,185.85154759230426,0,1,0,0,0,0,0,0,2.5,472,972,272,40,0,0,0,0,0,0,2,1945,5,1363,41963,54864,1,20,0,0,0,0,0,0,0,0,BENIGN
8080,3907216,190,1,116344,22,612,0,612,0.9399213980026577,22,0,22,9.92913489085137,29782,48,20456,218.02512000841347,3907216,7,3125773,16451,0,3125773,0,2344329,2344329,0,2344329,0,0,0,0,0,3800,20,48,0,0,1500,609,11.222838769469446,905.9898563609561,0,1,0,0,0,0,0,0,0.01,609,612,22,3800,0,0,0,0,0,0,190,116344,1,22,50370,45984,189,20,0,0,0,0,0,0,0,0,DDoS
22,2406,5,2,4772,1805,954,10,954,25.22273666292118,902,0,902,47.39956200602719,2732709,2908,343,886.5318867513724,2406,6,1925,385,0,1925,0,1444,722,0,1444,0,0,0,0,0,100,40,2077,830,0,1000,939,77.26591448704906,498.77117230865184,0,0,0,0,1,0,0,0,0.4,939,954,902,100,0,0,0,0,0,0,5,4772,2,1805,64239,65337,4,20,0,0,0,0,0,0,0,0,BENIGN
11091,83,1,0,0,0,0,0,0,35.24911845135822,0,0,0,10.556317000406517,0,11955,83,753.0854070728751,83,8,66,66,0,66,0,50,0,0,50,0,0,0,0,0,20,0,11955,0,0,1000,0,31.82916772277413,475.93248530954213,0,1,0,0,0,0,0,0,0.0,0,0,0,20,0,0,0,0,0,0,1,0,0,0,46455,42834,0,20,0,0,0,0,0,0,0,0,PortScan
53,4659,9,12,1012,5622,112,10,112,9.596795037708205,468,0,468,12.896525072013365,1424112,4507,221,362.54918552519223,4659,6,3727,414,0,3727,0,2795,232,0,2795,0,0,0,0,0,180,240,1931,2575,0,1000,315,61.571327522100624,329.82198085122474,0,1,0,0,1,0,0,0,1.33,315,112,468,180,0,0,0,0,0,0,9,1012,12,5622,44982,46995,8,20,0,0,0,0,0,0,0,0,BENIGN
80,4037,4,12,3518,6212,879,10,879,2.7019915758851267,517,0,517,38.405118783645854,2409808,3962,252,466.10503525314084,4037,4,3230,807,0,3230,0,2422,201,0,2422,0,0,0,0,0,80,240,990,2971,0,1000,608,4.3811979812025665,854.3701904007504,0,1,0,0,0,0,0,0,3.0,608,879,517,80,0,0,0,0,0,0,4,3518,12,6212,32715,38807,3,20,0,0,0,0,0,0,0,0,BENIGN
443,2067593,58,3,77991,61,1344,0,1344,21.173720908798916,20,0,20,23.157354408853443,37750,29,33894,477.03154543718387,2067593,9,1654074,28518,0,1654074,0,1240556,413518,0,1240556,0,0,0,0,0,1160,60,28,1,0,1500,1279,1.8860250792943178,690.914014637769,0,1,0,0,0,0,0,0,0.05,1279,1344,20,1160,0,0,0,0,0,0,58,77991,3,61,57858,50381,57,20,0,0,0,0,0,0,0,0,DDoS
53,23,4,11,2969,5573,742,10,742,34.30097256749045,506,0,506,1.3689751728234056,356635344,626220,1,300.8615711123831,23,5,19,4,0,19,0,14,1,0,14,0,0,0,0,0,80,220,166992,459228,0,1000,569,23.679514099988953,970.1456370803065,0,1,0,0,1,0,0,0,2.75,569,742,506,80,0,0,0,0,0,0,4,2969,11,5573,63737,53914,3,20,0,0,0,0,0,0,0,0,BENIGN
8080,2167562,125,2,161096,39,1288,0,1288,5.560904317868292,19,0,19,28.623267809442858,74339,58,17067,103.89756242459114,2167562,7,1734050,13872,0,1734050,0,1300537,650268,0,1300537,0,0,0,0,0,2500,40,57,0,0,1500,1268,43.46155542220404,842.246573320414,0,1,0,0,0,0,0,0,0.02,1268,1288,19,2500,0,0,0,0,0,0,125,161096,2,39,63580,31569,124,20,0,0,0,0,0,0,0,0,DDoS
80,2055,4,6,2206,2384,551,10,551,12.737358444875596,397,0,397,48.556541570341736,2233577,4865,205,748.5102282584709,2055,2,1644,411,0,1644,0,1233,205,0,1233,0,0,0,0,0,80,120,1946,2919,0,1000,459,18.23474617113221,6.88718917978981,0,0,0,0,1,0,0,0,1.5,459,551,397,80,0,0,0,0,0,0,4,2206,6,2384,56709,64655,3,20,0,0,0,0,0,0,0,0,BENIGN
443,1325,1,3,248,3051,248,10,248,36.785443499587416,1017,0,1017,40.30321849637739,2489327,3017,331,530.5966085643164,1325,1,1060,1060,0,1060,0,795,265,0,795,0,0,0,0,0,20,60,754,2262,0,1000,825,62.52894361164595,192.3483145047633,0,1,0,0,1,0,0,0,3.0,825,248,1017,20,0,0,0,0,0,0,1,248,3,3051,48591,30896,0,20,0,0,0,0,0,0,0,0,BENIGN
80,1899,6,4,4252,884,708,10,708,26.27756368309968,221,0,221,15.881420005527136,2703960,5264,189,404.051738255754,1899,10,1519,253,0,1519,0,1139,284,0,1139,0,0,0,0,0,120,80,3158,2105,0,1000,513,59.098897669552244,143.30972743029525,0,1,0,0,1,0,0,0,0.67,513,708,221,120,0,0,0,0,0,0,6,4252,4,884,29423,60230,5,20,0,0,0,0,0,0,0,0,BENIGN
80,1597,7,9,4277,4250,611,10,611,31.820829153557707,472,0,472,25.833991067749945,5337335,10013,99,784.2570032016416,1597,1,1278,182,0,1278,0,958,106,0,958,0,0,0,0,0,140,180,4381,5632,0,1000,532,81.58305208353951,306.95955171374203,0,1,0,0,1,0,0,0,1.29,532,611,472,140,0,0,0,0,0,0,7,4277,9,4250,30491,59582,6,20,0,0,0,0,0,0,0,0,BENIGN
123,1560,10,8,7301,5609,730,10,730,5.122600101385033,701,0,701,45.21920773679904,8272807,11533,86,287.94801986659314,1560,7,1248,124,0,1248,0,936,117,0,936,0,0,0,0,0,200,160,6407,5126,0,1000,717,85.91585902143882,297.29864349300175,0,1,0,0,0,0,0,0,0.8,717,730,701,200,0,0,0,0,0,0,10,7301,8,5609,65256,52295,9,20,0,0,0,0,0,0,0,0,BENIGN
443,4868,1,6,830,5349,830,10,830,31.39496572292224,891,0,891,24.343261629710906,1269436,1437,695,353.30456591165137,4868,9,3894,3894,0,3894,0,2920,486,0,2920,0,0,0,0,0,20,120,205,1232,0,1000,882,66.85760314006683,410.564667711239,0,0,0,0,1,0,0,0,6.0,882,830,891,20,0,0,0,0,0,0,1,830,6,5349,44157,29855,0,20,0,0,0,0,0,0,0,0,BENIGN
22,1442,8,8,2901,5369,362,10,362,26.384817584793957,671,0,671,23.86370443325901,5734921,11094,90,769.438951306541,1442,10,1153,144,0,1153,0,865,108,0,865,0,0,0,0,0,160,160,5547,5547,0,1000,516,96.71364575934189,7.441403656185508,0,0,0,0,0,0,0,0,1.0,516,362,671,160,0,0,0,0,0,0,8,2901,8,5369,45451,35232,7,20,0,0,0,0,0,0,0,0,BENIGN
53,2745,3,5,570,1251,190,10,190,49.36030209525866,250,0,250,0.6167592884495865,663419,2913,343,892.3397703856471,2745,2,2196,732,0,2196,0,1647,329,0,1647,0,0,0,0,0,60,100,1092,1821,0,1000,227,37.794079561184624,573.3044752410133,0,0,0,0,1,0,0,0,1.67,227,190,250,60,0,0,0,0,0,0,3,570,5,1251,57788,37481,2,20,0,0,0,0,0,0,0,0,BENIGN
53,2635,9,3,3114,177,346,10,346,23.802927001022482,59,0,59,35.066959783719966,1249478,4553,219,982.4263017056744,2635,10,2108,234,0,2108,0,1581,527,0,1581,0,0,0,0,0,180,60,3415,1138,0,1000,274,26.61825911064115,929.4538893221834,0,1,0,0,0,0,0,0,0.33,274,346,59,180,0,0,0,0,0,0,9,3114,3,177,51073,37203,8,20,0,0,0,0,0,0,0,0,BENIGN
443,1204,3,11,1811,5287,603,10,603,27.975356838880383,480,0,480,4.719401322810124,5891594,11619,86,0.05159276574273619,1204,6,963,321,0,963,0,722,65,0,722,0,0,0,0,0,60,220,2489,9129,0,1000,507,8.25575212962779,742.8961431943278,0,1,0,0,0,0,0,0,3.67,507,603,480,60,0,0,0,0,0,0,3,1811,11,5287,42987,55328,2,20,0,0,0,0,0,0,0,0,BENIGN
123,3472,1,7,669,5252,669,10,669,15.46096316038103,750,0,750,41.638061666489186,1705346,2303,434,376.8872514496725,3472,8,2777,2777,0,2777,0,2083,297,0,2083,0,0,0,0,0,20,140,287,2015,0,1000,740,46.74261140151664,269.58190974082385,0,1,0,0,0,0,0,0,7.0,740,669,750,20,0,0,0,0,0,0,1,669,7,5252,62876,65398,0,20,0,0,0,0,0,0,0,0,BENIGN
443,256,5,5,2262,4561,452,10,452,37.04914558270398,912,0,912,21.290552847729376,26555409,38915,25,154.90112486598971,256,1,205,41,0,205,0,154,30,0,154,0,0,0,0,0,100,100,19457,19457,0,1000,682,56.15135249088306,221.54269558906202,0,0,0,0,0,0,0,0,1.0,682,452,912,100,0,0,0,0,0,0,5,2262,5,4561,52869,31510,4,20,0,0,0,0,0,0,0,0,BENIGN
123,4885,2,2,109,1125,54,10,54,24.854308585761352,562,0,562,3.44103541770468,252680,818,1221,982.1337865373297,4885,4,3908,1954,0,3908,0,2931,1465,0,2931,0,0,0,0,0,40,40,409,409,0,1000,308,8.636344028081755,75.55009186583762,0,1,0,0,1,0,0,0,1.0,308,54,562,40,0,0,0,0,0,0,2,109,2,1125,58220,64731,1,20,0,0,0,0,0,0,0,0,BENIGN
53,457,4,6,3094,1768,773,10,773,2.6399404382461853,294,0,294,48.41134748302339,10621038,21838,45,247.60911086380455,457,10,366,91,0,366,0,274,45,0,274,0,0,0,0,0,80,120,8735,13103,0,1000,486,51.56899116094158,9.252109638170246,0,0,0,0,1,0,0,0,1.5,486,773,294,80,0,0,0,0,0,0,4,3094,6,1768,37428,45710,3,20,0,0,0,0,0,0,0,0,BENIGN
53,4463,7,4,2876,3970,410,10,410,24.06433249176961,992,0,992,13.131429614223656,1534088,2464,405,954.1781294215037,4463,9,3570,510,0,3570,0,2677,669,0,2677,0,0,0,0,0,140,80,1568,896,0,1000,622,2.8481959437423265,602.294936787503,0,1,0,0,0,0,0,0,0.57,622,410,992,140,0,0,0,0,0,0,7,2876,4,3970,43118,53512,6,20,0,0,0,0,0,0,0,0,BENIGN
80,3376,3,2,1728,2123,576,10,576,47.715270487043256,1061,0,1061,22.47480336386769,1140836,1480,675,218.08303844593047,3376,6,2701,900,0,2701,0,2025,1012,0,2025,0,0,0,0,0,60,40,888,592,0,1000,770,72.94420406907844,237.4021018034027,0,0,0,0,1,0,0,0,0.67,770,576,1061,60,0,0,0,0,0,0,3,1728,2,2123,34240,42540,2,20,0,0,0,0,0,0,0,0,BENIGN
53,1894,7,8,2038,8624,291,10,291,45.04357337467646,1078,0,1078,37.12895771156936,5629581,7919,126,354.74382083574017,1894,10,1515,216,0,1515,0,1136,142,0,1136,0,0,0,0,0,140,160,3695,4223,0,1000,710,77.73189057944097,459.77441760724327,0,0,0,0,1,0,0,0,1.14,710,291,1078,140,0,0,0,0,0,0,7,2038,8,8624,47883,53773,6,20,0,0,0,0,0,0,0,0,BENIGN
443,4523,2,12,1459,11873,729,10,729,28.305316277858488,989,0,989,11.776188249973291,2947604,3094,323,304.2115636275311,4523,3,3618,1809,0,3618,0,2714,226,0,2714,0,0,0,0,0,40,240,442,2652,0,1000,952,59.21575530180188,506.78448856116097,0,0,0,0,1,0,0,0,6.0,952,729,989,40,0,0,0,0,0,0,2,1459,12,11873,39010,59403,1,20,0,0,0,0,0,0,0,0,BENIGN
53,3955,2,2,1164,2089,582,10,582,1.9894777023484689,1044,0,1044,11.949579655121134,822545,1011,988,70.64892025372149,3955,5,3164,1582,0,3164,0,2373,1186,0,2373,0,0,0,0,0,40,40,505,505,0,1000,813,7.509940804138216,5.546847388575693,0,1,0,0,1,0,0,0,1.0,813,582,1044,40,0,0,0,0,0,0,2,1164,2,2089,65283,32061,1,20,0,0,0,0,0,0,0,0,BENIGN
22,1942,10,12,2287,12155,228,10,228,16.272738510212537,1012,0,1012,13.434628150264965,7435382,11326,88,221.5867867125778,1942,1,1553,155,0,1553,0,1165,97,0,1165,0,0,0,0,0,200,240,5148,6177,0,1000,656,54.68802568190804,570.8228722113157,0,0,0,0,1,0,0,0,1.2,656,228,1012,200,0,0,0,0,0,0,10,2287,12,12155,36864,30142,9,20,0,0,0,0,0,0,0,0,BENIGN
443,4178611,421,2,564627,99,1341,0,1341,18.59537232799624,49,0,49,25.63567908059539,135147,101,9878,905.0795298352123,4178611,2,3342888,7940,0,3342888,0,2507166,1253583,0,2507166,0,0,0,0,0,8420,40,100,0,0,1500,1335,64.90835200800453,422.96527499387673,0,1,0,0,0,0,0,0,0.0,1335,1341,49,8420,0,0,0,0,0,0,421,564627,2,99,36634,59693,420,20,0,0,0,0,0,0,0,0,DDoS
53,3184,2,3,225,565,112,10,112,17.60441591641051,188,0,188,36.16207902455156,248433,1569,636,671.4156814116443,3184,3,2547,1273,0,2547,0,1910,636,0,1910,0,0,0,0,0,40,60,627,941,0,1000,158,2.53867241955531,512.2885463811203,0,1,0,0,0,0,0,0,1.5,158,112,188,40,0,0,0,0,0,0,2,225,3,565,34333,52329,1,20,0,0,0,0,0,0,0,0,BENIGN
80,661843,265,2,269539,68,1017,0,1017,49.65079609542841,34,0,34,29.731735536638592,407359,403,2478,731.6365482665057,661843,6,529475,1998,0,529475,0,397106,198553,0,397106,0,0,0,0,0,5300,40,400,3,0,1500,1009,28.58263208841445,172.49709158951887,0,1,0,0,0,0,0,0,0.01,1009,1017,34,5300,0,0,0,0,0,0,265,269539,2,68,41879,35693,264,20,0,0,0,0,0,0,0,0,DDoS
22,4799,10,5,6822,4201,682,10,682,12.242736801498205,840,0,840,6.95585972602773,2297154,3125,319,514.3495569254293,4799,8,3839,383,0,3839,0,2879,575,0,2879,0,0,0,0,0,200,100,2083,1041,0,1000,734,22.301809085268477,408.3857356403995,0,0,0,0,1,0,0,0,0.5,734,682,840,200,0,0,0,0,0,0,10,6822,5,4201,62835,65013,9,20,0,0,0,0,0,0,0,0,BENIGN
53,3525,8,9,2031,9369,253,10,253,38.42519437287442,1041,0,1041,39.31456357626826,3234258,4822,207,674.1098343779346,3525,5,2820,352,0,2820,0,2115,235,0,2115,0,0,0,0,0,160,180,2269,2553,0,1000,670,1.2155980765441776,634.5195684201898,0,1,0,0,1,0,0,0,1.12,670,253,1041,160,0,0,0,0,0,0,8,2031,9,9369,61860,60997,7,20,0,0,0,0,0,0,0,0,BENIGN
443,4240,4,9,2341,3190,585,10,585,35.5564328708405,354,0,354,24.111587795757472,1304668,3065,326,793.3136657440949,4240,5,3392,848,0,3392,0,2544,282,0,2544,0,0,0,0,0,80,180,943,2122,0,1000,425,43.096464515763145,826.4982480129224,0,0,0,0,0,0,0,0,2.25,425,585,354,80,0,0,0,0,0,0,4,2341,9,3190,48453,58534,3,20,0,0,0,0,0,0,0,0,BENIGN
22,512,3,8,1736,6976,578,10,578,2.7055219894355833,872,0,872,39.10437897164166,16990174,21449,46,527.2993864691202,512,8,410,136,0,410,0,307,38,0,307,0,0,0,0,0,60,160,5849,15599,0,1000,792,6.6314590006253615,214.13616221721443,0,0,0,0,1,0,0,0,2.67,792,578,872,60,0,0,0,0,0,0,3,1736,8,6976,50482,30935,2,20,0,0,0,0,0,0,0,0,BENIGN
123,2068,10,2,2964,127,296,10,296,45.87886767920784,63,0,63,24.168933982983752,1494614,5800,172,14.702400158858154,2068,4,1655,165,0,1655,0,1241,620,0,1241,0,0,0,0,0,200,40,4833,966,0,1000,257,78.55474525220278,907.1004752387563,0,1,0,0,0,0,0,0,0.2,257,296,63,200,0,0,0,0,0,0,10,2964,2,127,47310,55546,9,20,0,0,0,0,0,0,0,0,BENIGN
53,4274,5,10,4056,10481,811,10,811,33.17112103674447,1048,0,1048,38.58673408266959,3401312,3509,284,327.4281106000536,4274,6,3419,683,0,3419,0,2564,256,0,2564,0,0,0,0,0,100,200,1169,2339,0,1000,969,74.8289445320419,881.508070306242,0,0,0,0,0,0,0,0,2.0,969,811,1048,100,0,0,0,0,0,0,5,4056,10,10481,50908,64581,4,20,0,0,0,0,0,0,0,0,BENIGN
22752,44,2,1,0,0,0,0,0,1.2161265569865076,0,0,0,14.948828230313909,0,67608,14,305.9087841494385,44,6,35,17,0,35,0,26,26,0,26,0,0,0,0,0,40,20,45072,22536,0,1000,0,34.04306816377108,930.7913485160983,0,1,0,0,0,0,0,0,0.5,0,0,0,40,0,0,0,0,0,0,2,0,1,0,34493,64824,1,20,0,0,0,0,0,0,0,0,PortScan
443,490,6,2,5671,1252,945,10,945,1.190596127136473,626,0,626,2.6578633454660885,14112351,16305,61,933.3842885056403,490,10,392,65,0,392,0,294,147,0,294,0,0,0,0,0,120,40,12229,4076,0,1000,865,98.58754794788597,40.4666849064359,0,1,0,0,0,0,0,0,0.33,865,945,626,120,0,0,0,0,0,0,6,5671,2,1252,47172,49807,5,20,0,0,0,0,0,0,0,0,BENIGN
3306,3015852,298,5,270882,197,909,0,909,29.895304397177362,39,0,39,23.701791307734066,89885,100,9953,37.094475042742545,3015852,3,2412682,8096,0,2412682,0,1809511,361902,0,1809511,0,0,0,0,0,5960,100,98,1,0,1500,894,66.08393676773971,55.99674151694223,0,1,0,0,0,0,0,0,0.02,894,909,39,5960,0,0,0,0,0,0,298,270882,5,197,33468,34051,297,20,0,0,0,0,0,0,0,0,DDoS
22,366,9,2,3960,1277,440,10,440,43.439670641589046,638,0,638,14.729902551699226,14297557,30023,33,180.04571500396273,366,7,293,32,0,293,0,219,109,0,219,0,0,0,0,0,180,40,24564,5458,0,1000,476,63.600477471093456,152.1053750210245,0,0,0,0,1,0,0,0,0.22,476,440,638,180,0,0,0,0,0,0,9,3960,2,1277,46353,31452,8,20,0,0,0,0,0,0,0,0,BENIGN
8080,677047,291,1,154694,47,531,0,531,41.816766002306764,47,0,47,2.2164603352121945,228554,431,2318,870.2539582155201,677047,9,541637,1861,0,541637,0,406228,406228,0,406228,0,0,0,0,0,5820,20,429,1,0,1500,529,92.15627753236645,851.8285132561493,0,1,0,0,0,0,0,0,0.0,529,531,47,5820,0,0,0,0,0,0,291,154694,1,47,52166,33178,290,20,0,0,0,0,0,0,0,0,DDoS
53,719,6,4,1193,1691,198,10,198,22.124464829734787,422,0,422,29.999361100048848,4010124,13901,71,576.5347982510485,719,2,575,95,0,575,0,431,107,0,431,0,0,0,0,0,120,80,8340,5560,0,1000,288,90.06115989247971,677.6801481582244,0,0,0,0,1,0,0,0,0.67,288,198,422,120,0,0,0,0,0,0,6,1193,4,1691,51534,42672,5,20,0,0,0,0,0,0,0,0,BENIGN
53,99,4,9,995,9675,248,10,248,7.089061462014606,1075,0,1075,37.54480203533011,106920101,130251,7,904.9812409162911,99,4,79,19,0,79,0,59,6,0,59,0,0,0,0,0,80,180,40077,90174,0,1000,820,38.58877733044316,375.6547387939264,0,1,0,0,0,0,0,0,2.25,820,248,1075,80,0,0,0,0,0,0,4,995,9,9675,61958,45421,3,20,0,0,0,0,0,0,0,0,BENIGN
80,3527,10,9,2157,9624,215,10,215,31.82983886954915,1069,0,1069,33.01551186324518,3339588,5385,185,710.3021842997588,3527,5,2822,282,0,2822,0,2116,235,0,2116,0,0,0,0,0,200,180,2834,2551,0,1000,620,63.477182591429084,337.9445856038835,0,1,0,0,1,0,0,0,0.9,620,215,1069,200,0,0,0,0,0,0,10,2157,9,9624,42813,63606,9,20,0,0,0,0,0,0,0,0,BENIGN
22,307859,143,48,9265,1366,64,0,64,32.254265313538326,28,0,28,20.1795402428324,34537,620,1611,717.6121183043819,307859,2,246287,1722,0,246287,0,184715,3848,0,184715,0,0,0,0,0,2860,960,464,155,0,1000,55,66.596421613552,349.8823982680175,0,0,0,0,1,0,0,0,0.34,55,64,28,2860,0,0,0,0,0,0,143,9265,48,1366,63070,60011,142,20,0,0,0,0,0,0,0,0,SSH-Patator
80,2686,8,10,473,765,59,10,59,6.466932758412868,76,0,76,10.525515780901406,461117,6699,149,660.2909480660676,2686,1,2149,268,0,2149,0,1611,161,0,1611,0,0,0,0,0,160,200,2977,3722,0,1000,68,55.118142390679814,203.18876701950384,0,0,0,0,0,0,0,0,1.25,68,59,76,160,0,0,0,0,0,0,8,473,10,765,57451,39283,7,20,0,0,0,0,0,0,0,0,BENIGN
123,3585,6,10,5433,2884,905,10,905,11.801533280775578,288,0,288,19.515272041068215,2319971,4462,224,314.56364889854814,3585,5,2868,478,0,2868,0,2151,215,0,2151,0,0,0,0,0,120,200,1673,2789,0,1000,519,77.41331597208128,653.4955630328207,0,0,0,0,0,0,0,0,1.67,519,905,288,120,0,0,0,0,0,0,6,5433,10,2884,41974,57670,5,20,0,0,0,0,0,0,0,0,BENIGN
53,349,6,9,5602,10134,933,10,933,10.248657051932542,1126,0,1126,5.409437940639217,44966226,42859,23,27.50296823773546,349,4,279,46,0,279,0,209,23,0,209,0,0,0,0,0,120,180,17143,25715,0,1000,1049,55.37626588924858,374.65829026192023,0,1,0,0,1,0,0,0,1.5,1049,933,1126,120,0,0,0,0,0,0,6,5602,9,10134,34257,34563,5,20,0,0,0,0,0,0,0,0,BENIGN
8080,2902148,471,3,589724,52,1252,0,1252,32.33509731328772,17,0,17,21.942551960671864,203220,163,6122,320.36302758496873,2902148,6,2321719,4929,0,2321719,0,1741289,580429,0,1741289,0,0,0,0,0,9420,60,162,1,0,1500,1244,98.4311053175865,874.188715510471,0,1,0,0,0,0,0,0,0.01,1244,1252,17,9420,0,0,0,0,0,0,471,589724,3,52,35934,29229,470,20,0,0,0,0,0,0,0,0,DDoS
123,2896,8,6,706,2768,88,10,88,20.542912943312803,461,0,461,49.72367161982507,1199807,4833,206,973.6846264337184,2896,9,2317,289,0,2317,0,1737,289,0,1737,0,0,0,0,0,160,120,2762,2071,0,1000,248,55.02128153650201,120.37748742257048,0,1,0,0,1,0,0,0,0.75,248,88,461,160,0,0,0,0,0,0,8,706,6,2768,44053,63955,7,20,0,0,0,0,0,0,0,0,BENIGN
8080,2921712,115,2,82905,84,720,0,720,29.738386697853386,42,0,42,0.5031294892922866,28404,40,24971,538.255389077826,2921712,8,2337369,20324,0,2337369,0,1753027,876513,0,1753027,0,0,0,0,0,2300,40,39,0,0,1500,709,15.820489035596896,138.0919070247063,0,1,0,0,0,0,0,0,0.02,709,720,42,2300,0,0,0,0,0,0,115,82905,2,84,45108,56394,114,20,0,0,0,0,0,0,0,0,DDoS
123,1409,6,8,561,1899,93,10,93,23.388858203782288,237,0,237,49.914119551191824,1745904,9931,100,710.9782126708725,1409,7,1127,187,0,1127,0,845,105,0,845,0,0,0,0,0,120,160,4256,5675,0,1000,175,90.8803122368951,483.53852617430107,0,0,0,0,1,0,0,0,1.33,175,93,237,120,0,0,0,0,0,0,6,561,8,1899,64339,61537,5,20,0,0,0,0,0,0,0,0,BENIGN
443,2893,7,10,4598,10265,656,10,656,22.20079483668156,1026,0,1026,0.3036309575587093,5137289,5875,170,8.42047486416031,2893,1,2314,330,0,2314,0,1735,173,0,1735,0,0,0,0,0,140,200,2419,3456,0,1000,874,67.11730769646557,477.9950244600158,0,1,0,0,1,0,0,0,1.43,874,656,1026,140,0,0,0,0,0,0,7,4598,10,10265,55951,45721,6,20,0,0,0,0,0,0,0,0,BENIGN
123,716,6,12,1072,12578,178,10,178,48.52048038177589,1048,0,1048,31.30384384905537,19051993,25121,39,559.7493947037563,716,10,573,95,0,573,0,429,35,0,429,0,0,0,0,0,120,240,8373,16747,0,1000,758,55.97168672452476,997.3724261516522,0,1,0,0,0,0,0,0,2.0,758,178,1048,120,0,0,0,0,0,0,6,1072,12,12578,44552,29908,5,20,0,0,0,0,0,0,0,0,BENIGN
443,2739,4,1,1607,219,401,10,401,26.647456161187122,219,0,219,37.72429949784264,667012,1825,547,988.5871658191738,2739,5,2191,547,0,2191,0,1643,1643,0,1643,0,0,0,0,0,80,20,1460,365,0,1000,365,70.12569021855147,946.673412577018,0,1,0,0,0,0,0,0,0.25,365,401,219,80,0,0,0,0,0,0,4,1607,1,219,41623,33646,3,20,0,0,0,0,0,0,0,0,BENIGN
3306,2404766,334,3,381104,90,1141,0,1141,8.229101645147813,30,0,30,10.091636318344827,158516,140,7135,138.056514189167,2404766,5,1923813,5759,0,1923813,0,1442859,480953,0,1442859,0,0,0,0,0,6680,60,138,1,0,1500,1131,3.2824280291987473,127.23939800373529,0,1,0,0,0,0,0,0,0.01,1131,1141,30,6680,0,0,0,0,0,0,334,381104,3,90,64478,49767,333,20,0,0,0,0,0,0,0,0,DDoS
1178,167,2,1,0,0,0,0,0,28.05926283025141,0,0,0,27.66488516987378,0,17891,55,481.91899312406116,167,6,134,67,0,134,0,100,100,0,100,0,0,0,0,0,40,20,11927,5963,0,1000,0,30.730339112432848,258.6925264114411,0,1,0,0,0,0,0,0,0.5,0,0,0,40,0,0,0,0,0,0,2,0,1,0,35352,47135,1,20,0,0,0,0,0,0,0,0,PortScan
80,3200,10,6,9262,2712,926,10,926,2.5638097986463326,452,0,452,24.40015204389377,3741055,4998,200,236.24622362965286,3200,6,2560,256,0,2560,0,1920,320,0,1920,0,0,0,0,0,200,120,3124,1874,0,1000,748,98.16471606631052,886.1210076875813,0,0,0,0,1,0,0,0,0.6,748,926,452,200,0,0,0,0,0,0,10,9262,6,2712,33291,61774,9,20,0,0,0,0,0,0,0,0,BENIGN
443,3012,10,11,4485,7640,448,10,448,36.710016665123014,694,0,694,47.62618968407995,4025884,6971,143,28.06265610596825,3012,1,2409,240,0,2409,0,1807,164,0,1807,0,0,0,0,0,200,220,3319,3651,0,1000,577,62.68252377781609,192.95556096967448,0,0,0,0,0,0,0,0,1.1,577,448,694,200,0,0,0,0,0,0,10,4485,11,7640,60961,47763,9,20,0,0,0,0,0,0,0,0,BENIGN
53,4433,9,3,3816,3084,424,10,424,44.26936425741929,1028,0,1028,27.83956957092282,1556562,2706,369,24.07707878192289,4433,10,3546,394,0,3546,0,2660,886,0,2660,0,0,0,0,0,180,60,2029,676,0,1000,575,99.87456828426873,727.247404901032,0,0,0,0,0,0,0,0,0.33,575,424,1028,180,0,0,0,0,0,0,9,3816,3,3084,36459,47255,8,20,0,0,0,0,0,0,0,0,BENIGN
443,1318,2,3,1758,2159,879,10,879,43.13008694413806,719,0,719,14.797386534066813,2970545,3791,263,477.30353160271045,1318,4,1055,527,0,1055,0,791,263,0,791,0,0,0,0,0,40,60,1516,2274,0,1000,783,26.332586497937537,604.5301544831409,0,0,0,0,0,0,0,0,1.5,783,879,719,40,0,0,0,0,0,0,2,1758,3,2159,32981,48041,1,20,0,0,0,0,0,0,0,0,BENIGN
123,117,10,9,5135,409,513,10,513,25.200444542990013,45,0,45,32.66696424537776,47389330,162384,6,768.9516237182871,117,4,93,9,0,93,0,70,7,0,70,0,0,0,0,0,200,180,85465,76918,0,1000,291,40.26786688805324,651.097754306592,0,1,0,0,1,0,0,0,0.9,291,513,45,200,0,0,0,0,0,0,10,5135,9,409,62677,35544,9,20,0,0,0,0,0,0,0,0,BENIGN
80,1407,9,7,4560,5045,506,10,506,31.7037750703495,720,0,720,49.417979137098826,6824148,11366,87,238.6613945424403,1407,1,1126,125,0,1126,0,844,120,0,844,0,0,0,0,0,180,140,6393,4972,0,1000,600,28.25237695512859,210.84883199338432,0,0,0,0,0,0,0,0,0.78,600,506,720,180,0,0,0,0,0,0,9,4560,7,5045,32875,46746,8,20,0,0,0,0,0,0,0,0,BENIGN
443,4223911,319,1,100156,19,313,0,313,15.011296346457742,19,0,19,16.82193879039823,23716,75,13199,161.55502478382388,4223911,3,3379129,10592,0,3379129,0,2534346,2534346,0,2534346,0,0,0,0,0,6380,20,75,0,0,1500,313,75.31701987889973,301.18056188016675,0,1,0,0,0,0,0,0,0.0,313,313,19,6380,0,0,0,0,0,0,319,100156,1,19,53389,37300,318,20,0,0,0,0,0,0,0,0,DDoS
443,2053,7,12,3223,5253,460,10,460,33.68246889488389,437,0,437,21.250368299711138,4127684,9251,108,926.5948835883435,2053,3,1642,234,0,1642,0,1232,102,0,1232,0,0,0,0,0,140,240,3408,5843,0,1000,446,23.125604684986236,3.8714184857866485,0,1,0,0,0,0,0,0,1.71,446,460,437,140,0,0,0,0,0,0,7,3223,12,5253,41051,35327,6,20,0,0,0,0,0,0,0,0,BENIGN
443,752,1,6,553,1050,553,10,553,5.832388839890434,175,0,175,47.12415125287135,2129835,9296,107,591.4554076517121,752,1,602,602,0,602,0,451,75,0,451,0,0,0,0,0,20,120,1328,7968,0,1000,229,87.82160734716298,153.39231475130356,0,1,0,0,0,0,0,0,6.0,229,553,175,20,0,0,0,0,0,0,1,553,6,1050,34689,38653,0,20,0,0,0,0,0,0,0,0,BENIGN
53,813,3,7,1920,3332,640,10,640,30.66933198314981,476,0,476,49.682742118453575,6454681,12287,81,944.961238943411,813,10,651,217,0,651,0,488,69,0,488,0,0,0,0,0,60,140,3686,8601,0,1000,525,63.74586147009717,253.11830783365863,0,1,0,0,0,0,0,0,2.33,525,640,476,60,0,0,0,0,0,0,3,1920,7,3332,46941,45045,2,20,0,0,0,0,0,0,0,0,BENIGN
22,3270,3,8,614,6496,204,10,204,21.54176572856675,812,0,812,23.68531858716417,2174023,3363,297,76.13887919570439,3270,8,2616,872,0,2616,0,1962,245,0,1962,0,0,0,0,0,60,160,917,2445,0,1000,646,85.17245602584357,599.7648279821537,0,0,0,0,0,0,0,0,2.67,646,204,812,60,0,0,0,0,0,0,3,614,8,6496,35881,39703,2,20,0,0,0,0,0,0,0,0,BENIGN
9152,64,2,0,0,0,0,0,0,28.925152616308868,0,0,0,6.22927721555015,0,30807,32,411.60781970808614,64,2,51,25,0,51,0,38,0,0,38,0,0,0,0,0,40,0,30807,0,0,1000,0,0.6745090707910184,594.602215000903,0,1,0,0,0,0,0,0,0.0,0,0,0,40,0,0,0,0,0,0,2,0,0,0,44364,35861,1,20,0,0,0,0,0,0,0,0,PortScan
22,2655,6,12,5695,2264,949,10,949,42.9304026171252,188,0,188,27.324751182780034,2997270,6777,147,602.7238202411223,2655,10,2124,354,0,2124,0,1593,132,0,1593,0,0,0,0,0,120,240,2259,4518,0,1000,442,10.77084725310662,138.47932295564203,0,1,0,0,0,0,0,0,2.0,442,949,188,120,0,0,0,0,0,0,6,5695,12,2264,44619,37673,5,20,0,0,0,0,0,0,0,0,BENIGN
80,4455,6,7,1034,1352,172,10,172,44.318670347833745,193,0,193,46.096307740397606,535756,2917,342,377.35888065906795,4455,1,3564,594,0,3564,0,2673,381,0,2673,0,0,0,0,0,120,140,1346,1571,0,1000,183,69.14892631227548,848.1154839474003,0,0,0,0,1,0,0,0,1.17,183,172,193,120,0,0,0,0,0,0,6,1034,7,1352,36861,29234,5,20,0,0,0,0,0,0,0,0,BENIGN
80,771,6,8,5788,3506,964,10,964,10.108297465778366,438,0,438,35.733893234407766,12048580,18146,55,4.84844505708093,771,3,617,102,0,617,0,462,57,0,462,0,0,0,0,0,120,160,7777,10369,0,1000,663,1.8098044392219181,375.92349907424415,0,1,0,0,0,0,0,0,1.33,663,964,438,120,0,0,0,0,0,0,6,5788,8,3506,37764,35398,5,20,0,0,0,0,0,0,0,0,BENIGN
443,4055,6,11,3768,13067,628,10,628,49.47986658948969,1187,0,1187,16.503756621400306,4151389,4191,238,797.5068586745227,4055,7,3244,540,0,3244,0,2433,221,0,2433,0,0,0,0,0,120,220,1479,2712,0,1000,990,76.11868045820668,194.99632973982173,0,1,0,0,1,0,0,0,1.83,990,628,1187,120,0,0,0,0,0,0,6,3768,11,13067,51171,45933,5,20,0,0,0,0,0,0,0,0,BENIGN
443,404,4,8,1027,457,256,10,256,26.44389349099473,57,0,57,3.215218695384298,3666314,29638,33,809.0570076750729,404,8,323,80,0,323,0,242,30,0,242,0,0,0,0,0,80,160,9879,19759,0,1000,123,45.45344530421427,964.9381264487548,0,1,0,0,0,0,0,0,2.0,123,256,57,80,0,0,0,0,0,0,4,1027,8,457,64468,31303,3,20,0,0,0,0,0,0,0,0,BENIGN
46858,6,2,1,0,0,0,0,0,46.22915064055681,0,0,0,27.44872118624641,0,434782,2,30.829928174082255,6,5,5,2,0,5,0,4,4,0,4,0,0,0,0,0,40,20,289854,144927,0,1000,0,37.734450460285544,33.93885469416491,0,1,0,0,0,0,0,0,0.5,0,0,0,40,0,0,0,0,0,0,2,0,1,0,59601,44097,1,20,0,0,0,0,0,0,0,0,PortScan
3306,429623,169,5,201978,113,1195,0,1195,4.014561093423397,22,0,22,24.255346786180386,470391,405,2469,771.9405478993292,429623,5,343699,2033,0,343699,0,257774,51554,0,257774,0,0,0,0,0,3380,100,393,11,0,1500,1161,71.8710618740238,980.4132299406027,0,1,0,0,0,0,0,0,0.03,1161,1195,22,3380,0,0,0,0,0,0,169,201978,5,113,57861,32595,168,20,0,0,0,0,0,0,0,0,DDoS
22,1415,3,7,2306,7211,768,10,768,12.37902136768575,1030,0,1030,43.54044052965998,6724640,7065,141,115.53650358286572,1415,5,1132,377,0,1132,0,849,121,0,849,0,0,0,0,0,60,140,2119,4945,0,1000,951,81.94947073429375,966.4511159752672,0,0,0,0,1,0,0,0,2.33,951,768,1030,60,0,0,0,0,0,0,3,2306,7,7211,38838,51945,2,20,0,0,0,0,0,0,0,0,BENIGN
123,996,6,9,4827,8588,804,10,804,31.80320894362911,954,0,954,3.1507636079793953,13462465,15052,66,880.9707057264865,996,6,797,132,0,797,0,597,66,0,597,0,0,0,0,0,120,180,6020,9031,0,1000,894,41.29493662098346,31.467304253967264,0,1,0,0,1,0,0,0,1.5,894,804,954,120,0,0,0,0,0,0,6,4827,9,8588,56679,62834,5,20,0,0,0,0,0,0,0,0,BENIGN
3306,2357769,151,3,64672,17,428,0,428,0.9420612019065744,5,0,5,2.2891984432053922,27436,65,15310,277.7971681953859,2357769,9,1886215,12491,0,1886215,0,1414661,471553,0,1414661,0,0,0,0,0,3020,60,64,1,0,1500,420,80.20369883065392,476.71242220538204,0,1,0,0,0,0,0,0,0.02,420,428,5,3020,0,0,0,0,0,0,151,64672,3,17,45063,42761,150,20,0,0,0,0,0,0,0,0,DDoS
53,2719,10,3,8046,2376,804,10,804,34.507814979319384,792,0,792,22.857222517928466,3831874,4779,209,181.56081580060192,2719,9,2175,217,0,2175,0,1631,543,0,1631,0,0,0,0,0,200,60,3676,1102,0,1000,801,9.436544430436179,857.8591218117613,0,1,0,0,1,0,0,0,0.3,801,804,792,200,0,0,0,0,0,0,10,8046,3,2376,35245,30344,9,20,0,0,0,0,0,0,0,0,BENIGN
443,972158,351,0,112418,0,320,0,320,47.87441634656796,0,0,0,0.18082425584327044,115638,361,2769,704.9530809240966,972158,8,777727,2215,0,777727,0,583295,0,0,583295,0,0,0,0,0,7020,0,361,0,0,1500,320,73.72280670560082,938.1636185709438,0,1,0,0,0,0,0,0,0.0,320,320,0,7020,0,0,0,0,0,0,351,112418,0,0,44284,58103,350,20,0,0,0,0,0,0,0,0,DDoS
80,4317,9,5,369,2830,41,10,41,39.698131770224535,566,0,566,47.49645160404064,741132,3242,308,431.8928266976055,4317,1,3453,383,0,3453,0,2590,518,0,2590,0,0,0,0,0,180,100,2084,1158,0,1000,228,39.39833525163969,172.0212934271732,0,0,0,0,0,0,0,0,0.56,228,41,566,180,0,0,0,0,0,0,9,369,5,2830,51798,56396,8,20,0,0,0,0,0,0,0,0,BENIGN
80,2912,6,6,1838,4070,306,10,306,46.661753191190314,678,0,678,36.54628027401963,2029074,4120,242,884.3451992139569,2912,2,2329,388,0,2329,0,1747,291,0,1747,0,0,0,0,0,120,120,2060,2060,0,1000,492,82.66636061332431,324.7562045772281,0,1,0,0,1,0,0,0,1.0,492,306,678,120,0,0,0,0,0,0,6,1838,6,4070,57464,35363,5,20,0,0,0,0,0,0,0,0,BENIGN
22,3071,6,7,5286,7286,881,10,881,39.259939564794635,1040,0,1040,14.247979125695442,4093206,4231,236,614.469756778422,3071,8,2457,409,0,2457,0,1843,263,0,1843,0,0,0,0,0,120,140,1953,2278,0,1000,967,15.44692802030383,614.3286487990188,0,1,0,0,0,0,0,0,1.17,967,881,1040,120,0,0,0,0,0,0,6,5286,7,7286,39339,37137,5,20,0,0,0,0,0,0,0,0,BENIGN
80,1597,3,12,2273,610,757,10,757,44.64425467951979,50,0,50,46.60959685610188,1805396,9389,106,702.8857949383947,1597,4,1277,425,0,1277,0,958,79,0,958,0,0,0,0,0,60,240,1877,7511,0,1000,192,93.0412788215635,686.654853066516,0,0,0,0,0,0,0,0,4.0,192,757,50,60,0,0,0,0,0,0,3,2273,12,610,56344,39852,2,20,0,0,0,0,0,0,0,0,BENIGN
61203,25,2,1,0,0,0,0,0,48.40879073290007,0,0,0,18.866041690253166,0,116011,8,585.458581430193,25,6,20,10,0,20,0,15,15,0,15,0,0,0,0,0,40,20,77341,38670,0,1000,0,10.61646522017432,794.0192547616576,0,1,0,0,0,0,0,0,0.5,0,0,0,40,0,0,0,0,0,0,2,0,1,0,64174,50644,1,20,0,0,0,0,0,0,0,0,PortScan
22,4709,3,11,484,5337,161,10,161,4.3578962294502865,485,0,485,25.545048715718966,1236109,2972,336,690.0924682086427,4709,3,3767,1255,0,3767,0,2825,256,0,2825,0,0,0,0,0,60,220,636,2335,0,1000,415,52.57427429449366,391.8798955127284,0,1,0,0,1,0,0,0,3.67,415,161,485,60,0,0,0,0,0,0,3,484,11,5337,45016,55982,2,20,0,0,0,0,0,0,0,0,BENIGN
443,1232,3,10,2090,3642,696,10,696,24.619470838332468,364,0,364,9.332276616534635,4650747,10545,94,470.87004455864866,1232,7,986,328,0,986,0,739,73,0,739,0,0,0,0,0,60,200,2433,8111,0,1000,441,8.147765640304993,469.11935158284524,0,0,0,0,0,0,0,0,3.33,441,696,364,60,0,0,0,0,0,0,3,2090,10,3642,53020,36202,2,20,0,0,0,0,0,0,0,0,BENIGN
8080,2479069,454,2,452344,78,996,0,996,44.7436905016488,39,0,39,2.4651726493721657,182497,183,5436,331.2156034049688,2479069,7,1983255,4368,0,1983255,0,1487441,743720,0,1487441,0,0,0,0,0,9080,40,183,0,0,1500,992,97.83584550813245,810.7475964588289,0,1,0,0,0,0,0,0,0.0,992,996,39,9080,0,0,0,0,0,0,454,452344,2,78,61213,44030,453,20,0,0,0,0,0,0,0,0,DDoS
123,1789,8,10,3938,4944,492,10,492,22.368641635307775,494,0,494,16.228730554476446,4965452,10061,99,887.5250509715202,1789,10,1431,178,0,1431,0,1073,107,0,1073,0,0,0,0,0,160,200,4471,5589,0,1000,493,51.94795690985317,690.6124396084699,0,1,0,0,0,0,0,0,1.25,493,492,494,160,0,0,0,0,0,0,8,3938,10,4944,37119,33302,7,20,0,0,0,0,0,0,0,0,BENIGN
80,984,3,1,443,469,147,10,147,14.422425674211297,469,0,469,10.63480477568326,927358,4061,246,650.2650636834366,984,5,787,262,0,787,0,590,590,0,590,0,0,0,0,0,60,20,3046,1015,0,1000,228,57.08783755519813,558.0316035700113,0,0,0,0,0,0,0,0,0.33,228,147,469,60,0,0,0,0,0,0,3,443,1,469,63504,48818,2,20,0,0,0,0,0,0,0,0,BENIGN
22,1522,9,5,4259,2586,473,10,473,25.703620695861325,517,0,517,23.567406929958334,4495289,9193,108,526.9484927970202,1522,5,1218,135,0,1218,0,913,182,0,913,0,0,0,0,0,180,100,5909,3283,0,1000,488,91.61847360764087,999.0367179711775,0,0,0,0,0,0,0,0,0.56,488,473,517,180,0,0,0,0,0,0,9,4259,5,2586,63355,38867,8,20,0,0,0,0,0,0,0,0,BENIGN
53,802,1,1,446,253,446,10,446,28.88796768062719,253,0,253,7.243115487950869,872871,2492,401,822.2190392408995,802,7,641,641,0,641,0,481,481,0,481,0,0,0,0,0,20,20,1246,1246,0,1000,350,7.88386619036382,760.5996752861813,0,0,0,0,0,0,0,0,1.0,350,446,253,20,0,0,0,0,0,0,1,446,1,253,31177,59220,0,20,0,0,0,0,0,0,0,0,BENIGN
53,2843,10,10,3133,5223,313,10,313,2.5149683709903057,522,0,522,14.663549014329213,2939220,7034,142,839.102428251844,2843,4,2274,227,0,2274,0,1705,170,0,1705,0,0,0,0,0,200,200,3517,3517,0,1000,417,66.43516032298197,37.361796606456444,0,0,0,0,1,0,0,0,1.0,417,313,522,200,0,0,0,0,0,0,10,3133,10,5223,55479,65376,9,20,0,0,0,0,0,0,0,0,BENIGN
443,3379,7,8,2234,9579,319,10,319,39.857408754407814,1197,0,1197,8.673849150036423,3496334,4439,225,683.1082231818949,3379,4,2703,386,0,2703,0,2027,253,0,2027,0,0,0,0,0,140,160,2071,2367,0,1000,787,23.188851781922292,373.8566191661995,0,1,0,0,1,0,0,0,1.14,787,319,1197,140,0,0,0,0,0,0,7,2234,8,9579,44417,37351,6,20,0,0,0,0,0,0,0,0,BENIGN
123,3437,3,7,632,2322,210,10,210,0.37807361439756715,331,0,331,7.338644977737374,859541,2909,343,593.0009673325743,3437,9,2750,916,0,2750,0,2062,294,0,2062,0,0,0,0,0,60,140,872,2036,0,1000,295,60.39912136851233,295.96271720872045,0,1,0,0,1,0,0,0,2.33,295,210,331,60,0,0,0,0,0,0,3,632,7,2322,36587,49400,2,20,0,0,0,0,0,0,0,0,BENIGN
123,691,6,4,2040,957,340,10,340,22.84357343737293,239,0,239,6.75254426031302,4336830,14464,69,49.95577403160756,691,10,553,92,0,553,0,414,103,0,414,0,0,0,0,0,120,80,8678,5785,0,1000,299,19.39926256817578,98.84368792237063,0,0,0,0,1,0,0,0,0.67,299,340,239,120,0,0,0,0,0,0,6,2040,4,957,33138,38465,5,20,0,0,0,0,0,0,0,0,BENIGN
22,1420,8,7,4132,7604,516,10,516,40.942499050698416,1086,0,1086,35.65639229538648,8263663,10561,94,565.2136872558248,1420,6,1136,142,0,1136,0,852,121,0,852,0,0,0,0,0,160,140,5632,4928,0,1000,782,6.885051898242955,639.376139490169,0,1,0,0,1,0,0,0,0.88,782,516,1086,160,0,0,0,0,0,0,8,4132,7,7604,47221,57720,7,20,0,0,0,0,0,0,0,0,BENIGN
80,3974576,97,2,16437,88,169,0,169,0.5034359035127556,44,0,44,3.8169107601244923,4157,24,40147,708.0427945978669,3974576,2,3179661,32780,0,3179661,0,2384745,1192372,0,2384745,0,0,0,0,0,1940,40,24,0,0,1500,166,5.309109613700591,397.76451599164665,0,1,0,0,0,0,0,0,0.02,166,169,44,1940,0,0,0,0,0,0,97,16437,2,88,30226,33224,96,20,0,0,0,0,0,0,0,0,DDoS
80,1791,7,6,1397,5449,199,10,199,34.11045367565929,908,0,908,17.50187346899898,3822440,7257,137,900.941373585928,1791,1,1432,204,0,1432,0,1074,179,0,1074,0,0,0,0,0,140,120,3908,3349,0,1000,526,54.288413319092044,424.08585512536445,0,1,0,0,0,0,0,0,0.86,526,199,908,140,0,0,0,0,0,0,7,1397,6,5449,64848,36066,6,20,0,0,0,0,0,0,0,0,BENIGN
443,1996,5,7,1112,7226,222,10,222,40.260509738752035,1032,0,1032,11.37792776650991,4176557,6010,166,228.97409221245846,1996,8,1597,319,0,1597,0,1197,171,0,1197,0,0,0,0,0,100,140,2504,3505,0,1000,694,27.247403482051404,636.0214489133194,0,1,0,0,1,0,0,0,1.4,694,222,1032,100,0,0,0,0,0,0,5,1112,7,7226,51227,39064,4,20,0,0,0,0,0,0,0,0,BENIGN
53,4635,2,9,1039,3366,519,10,519,34.84625206269442,374,0,374,18.359817964639053,950464,2373,421,47.82488036652233,4635,2,3708,1854,0,3708,0,2781,309,0,2781,0,0,0,0,0,40,180,431,1941,0,1000,400,21.766405520957367,934.1652643408164,0,0,0,0,1,0,0,0,4.5,400,519,374,40,0,0,0,0,0,0,2,1039,9,3366,40823,53157,1,20,0,0,0,0,0,0,0,0,BENIGN
123,966,6,4,1224,4023,204,10,204,13.100978950298426,1005,0,1005,24.679443393142332,5430249,10347,96,903.3329353752564,966,7,773,128,0,773,0,579,144,0,579,0,0,0,0,0,120,80,6208,4138,0,1000,524,72.69297890097435,982.643495605244,0,1,0,0,0,0,0,0,0.67,524,204,1005,120,0,0,0,0,0,0,6,1224,4,4023,54910,50079,5,20,0,0,0,0,0,0,0,0,BENIGN
80,3843,4,1,3803,893,950,10,950,29.051620099263282,893,0,893,27.78435035660956,1221990,1300,768,519.0042019528897,3843,8,3075,768,0,3075,0,2306,2306,0,2306,0,0,0,0,0,80,20,1040,260,0,1000,939,50.44554399039484,672.7123859133477,0,0,0,0,1,0,0,0,0.25,939,950,893,80,0,0,0,0,0,0,4,3803,1,893,56849,63448,3,20,0,0,0,0,0,0,0,0,BENIGN
123,1450,5,4,3984,1355,796,10,796,49.84015870022478,338,0,338,38.93754338460749,3680351,6202,161,556.0523306696917,1450,6,1160,232,0,1160,0,870,217,0,870,0,0,0,0,0,100,80,3446,2756,0,1000,593,56.8573299615338,546.598473833494,0,0,0,0,0,0,0,0,0.8,593,796,338,100,0,0,0,0,0,0,5,3984,4,1355,40452,44619,4,20,0,0,0,0,0,0,0,0,BENIGN
22,4392,1,11,237,4753,237,10,237,39.07690473189507,432,0,432,31.42948850206678,1136170,2731,366,773.9709856233716,4392,5,3514,3514,0,3514,0,2635,239,0,2635,0,0,0,0,0,20,220,227,2504,0,1000,415,39.622229277378985,802.0355284386758,0,1,0,0,1,0,0,0,11.0,415,237,432,20,0,0,0,0,0,0,1,237,11,4753,36109,43377,0,20,0,0,0,0,0,0,0,0,BENIGN
443,3030,1,7,316,5941,316,10,316,18.901487796976134,848,0,848,34.33813952811981,2065301,2639,378,436.85568287697095,3030,8,2424,2424,0,2424,0,1818,259,0,1818,0,0,0,0,0,20,140,329,2309,0,1000,782,40.664319310044746,956.9051366468691,0,1,0,0,1,0,0,0,7.0,782,316,848,20,0,0,0,0,0,0,1,316,7,5941,52608,56340,0,20,0,0,0,0,0,0,0,0,BENIGN
8080,2138282,245,0,160637,0,655,0,655,49.19122930479197,0,0,0,8.49172282661051,75124,114,8727,189.35124462276144,2138282,8,1710626,6982,0,1710626,0,1282969,0,0,1282969,0,0,0,0,0,4900,0,114,0,0,1500,655,1.1453340545088841,179.6217569308406,0,1,0,0,0,0,0,0,0.0,655,655,0,4900,0,0,0,0,0,0,245,160637,0,0,43223,47905,244,20,0,0,0,0,0,0,0,0,DDoS
53,4244,7,4,5450,1338,778,10,778,19.196353324461242,334,0,334,46.950501587649356,1599638,2591,385,655.8003410200798,4244,3,3395,485,0,3395,0,2546,636,0,2546,0,0,0,0,0,140,80,1649,942,0,1000,617,20.574806497908536,895.7598186999649,0,1,0,0,0,0,0,0,0.57,617,778,334,140,0,0,0,0,0,0,7,5450,4,1338,37027,59898,6,20,0,0,0,0,0,0,0,0,BENIGN
80,3658,1,11,348,12453,348,10,348,40.15497038512822,1132,0,1132,23.35685740135131,3499214,3280,304,326.74007971221386,3658,4,2926,2926,0,2926,0,2195,199,0,2195,0,0,0,0,0,20,220,273,3006,0,1000,1066,51.85062087689973,566.8542157566961,0,0,0,0,1,0,0,0,11.0,1066,348,1132,20,0,0,0,0,0,0,1,348,11,12453,61028,51446,0,20,0,0,0,0,0,0,0,0,BENIGN
49520,194,1,1,0,0,0,0,0,46.63385208156047,0,0,0,0.868687238403526,0,10303,97,757.4165103952753,194,1,155,155,0,155,0,116,116,0,116,0,0,0,0,0,20,20,5151,5151,0,1000,0,80.56467665389695,942.4592615455159,0,1,0,0,0,0,0,0,1.0,0,0,0,20,0,0,0,0,0,0,1,0,1,0,56391,64865,0,20,0,0,0,0,0,0,0,0,PortScan
53,856,2,3,778,1912,389,10,389,34.95321062335936,637,0,637,9.267047822035867,3140997,5836,171,479.7908453647829,856,5,685,342,0,685,0,513,171,0,513,0,0,0,0,0,40,60,2334,3502,0,1000,538,30.160016898144615,521.8387760862813,0,0,0,0,0,0,0,0,1.5,538,389,637,40,0,0,0,0,0,0,2,778,3,1912,46703,46887,1,20,0,0,0,0,0,0,0,0,BENIGN
3306,4392278,185,1,133107,2,719,0,719,0.9373584093033849,2,0,2,38.61853397936098,30305,42,23614,358.9981862598248,4392278,6,3513822,18993,0,3513822,0,2635366,2635366,0,2635366,0,0,0,0,0,3700,20,42,0,0,1500,715,50.79075290488213,346.29899613442626,0,1,0,0,0,0,0,0,0.01,715,719,2,3700,0,0,0,0,0,0,185,133107,1,2,41759,51514,184,20,0,0,0,0,0,0,0,0,DDoS
80,3862,1,9,688,537,688,10,688,18.99969099012269,59,0,59,46.746875371687416,317413,2589,386,786.3297072099239,3862,9,3089,3089,0,3089,0,2317,257,0,2317,0,0,0,0,0,20,180,258,2330,0,1000,122,21.991809420702737,707.81317924592,0,0,0,0,1,0,0,0,9.0,122,688,59,20,0,0,0,0,0,0,1,688,9,537,41482,49785,0,20,0,0,0,0,0,0,0,0,BENIGN
22,4568,5,12,425,3082,85,10,85,19.728733024398593,256,0,256,35.48372602978982,768010,3721,268,618.5899750582545,4568,9,3654,730,0,3654,0,2741,228,0,2741,0,0,0,0,0,100,240,1094,2626,0,1000,206,15.420239008140824,553.1788902303402,0,1,0,0,1,0,0,0,2.4,206,85,256,100,0,0,0,0,0,0,5,425,12,3082,45464,41921,4,20,0,0,0,0,0,0,0,0,BENIGN
22,554415,98,77,5159,6755,52,0,52,10.159875992338513,87,0,87,19.63014560694648,21490,315,3168,711.1597620614976,554415,2,443532,4525,0,443532,0,332649,4320,0,332649,0,0,0,0,0,1960,1540,176,138,0,1000,68,47.42887036170933,22.392025812514426,0,0,0,0,1,0,0,0,0.79,68,52,87,1960,0,0,0,0,0,0,98,5159,77,6755,56550,55456,97,20,0,0,0,0,0,0,0,0,SSH-Patator
3306,4778757,104,0,105858,0,1017,0,1017,36.89581314650366,0,0,0,5.664153042125064,22151,21,45949,774.2332208480397,4778757,2,3823005,36759,0,3823005,0,2867254,0,0,2867254,0,0,0,0,0,2080,0,21,0,0,1500,1017,16.76540904462971,965.8575186132333,0,1,0,0,0,0,0,0,0.0,1017,1017,0,2080,0,0,0,0,0,0,104,105858,0,0,31613,33071,103,20,0,0,0,0,0,0,0,0,DDoS
80,3630,2,7,555,4683,277,10,277,3.0345060760749885,669,0,669,17.589954783941575,1442830,2478,403,305.4280333670499,3630,4,2904,1452,0,2904,0,2178,311,0,2178,0,0,0,0,0,40,140,550,1928,0,1000,582,89.09103923149848,280.7623750280368,0,1,0,0,0,0,0,0,3.5,582,277,669,40,0,0,0,0,0,0,2,555,7,4683,36555,63540,1,20,0,0,0,0,0,0,0,0,BENIGN
22,2960,1,12,613,10201,613,10,613,15.014288398927667,850,0,850,21.956251839023388,3652787,4391,227,494.4418163755303,2960,6,2368,2368,0,2368,0,1776,148,0,1776,0,0,0,0,0,20,240,337,4053,0,1000,831,51.67376675998935,704.7672695060749,0,0,0,0,1,0,0,0,12.0,831,613,850,20,0,0,0,0,0,0,1,613,12,10201,31828,57289,0,20,0,0,0,0,0,0,0,0,BENIGN
80,2955,8,3,4542,1633,567,10,567,39.44850202921587,544,0,544,20.323031616146253,2089639,3721,268,984.1007218014533,2955,5,2364,295,0,2364,0,1773,591,0,1773,0,0,0,0,0,160,60,2706,1015,0,1000,561,65.64542400961261,94.55770224031245,0,1,0,0,1,0,0,0,0.38,561,567,544,160,0,0,0,0,0,0,8,4542,3,1633,38234,30595,7,20,0,0,0,0,0,0,0,0,BENIGN
22,3049,9,9,6937,4823,770,10,770,32.19982753814726,535,0,535,18.0010715796209,3856133,5901,169,874.7560905614321,3049,3,2439,271,0,2439,0,1829,203,0,1829,0,0,0,0,0,180,180,2950,2950,0,1000,653,92.87450494134582,684.1507990364591,0,1,0,0,0,0,0,0,1.0,653,770,535,180,0,0,0,0,0,0,9,6937,9,4823,39121,62021,8,20,0,0,0,0,0,0,0,0,BENIGN
80,4736,4,11,2729,11198,682,10,682,31.21607716401032,1018,0,1018,43.39797010193981,2940675,3167,315,903.272660208204,4736,7,3789,947,0,3789,0,2841,258,0,2841,0,0,0,0,0,80,220,844,2322,0,1000,928,74.03763652341706,672.4646567874222,0,0,0,0,0,0,0,0,2.75,928,682,1018,80,0,0,0,0,0,0,4,2729,11,11198,55780,42603,3,20,0,0,0,0,0,0,0,0,BENIGN
123,60,5,7,3457,997,691,10,691,3.086852412216934,142,0,142,35.192701333874375,73515914,198016,5,898.6274154767956,60,10,48,9,0,48,0,36,5,0,36,0,0,0,0,0,100,140,82506,115509,0,1000,371,15.521636168623065,297.45508058015344,0,0,0,0,0,0,0,0,1.4,371,691,142,100,0,0,0,0,0,0,5,3457,7,997,33198,37842,4,20,0,0,0,0,0,0,0,0,BENIGN
123,1062,9,1,2554,216,283,10,283,15.151242372192675,216,0,216,2.4155078789825426,2609370,9413,106,116.29074763068058,1062,6,849,94,0,849,0,637,637,0,637,0,0,0,0,0,180,20,8472,941,0,1000,277,54.52779945712174,369.0893908191173,0,1,0,0,0,0,0,0,0.11,277,283,216,180,0,0,0,0,0,0,9,2554,1,216,39189,65335,8,20,0,0,0,0,0,0,0,0,BENIGN
53,2234,8,6,3189,3278,398,10,398,38.14829837944574,546,0,546,5.683365083090008,2894753,6265,159,663.8896622778335,2234,7,1787,223,0,1787,0,1340,223,0,1340,0,0,0,0,0,160,120,3580,2685,0,1000,462,31.451440868375613,701.0031527506968,0,0,0,0,1,0,0,0,0.75,462,398,546,160,0,0,0,0,0,0,8,3189,6,3278,39373,61532,7,20,0,0,0,0,0,0,0,0,BENIGN
123,671,8,3,5248,513,656,10,656,8.998118729511189,171,0,171,45.97396322976901,8578939,16376,61,874.5107750037963,671,2,537,67,0,537,0,403,134,0,403,0,0,0,0,0,160,60,11910,4466,0,1000,523,74.46198038544773,274.8587025588325,0,1,0,0,1,0,0,0,0.38,523,656,171,160,0,0,0,0,0,0,8,5248,3,513,57958,59577,7,20,0,0,0,0,0,0,0,0,BENIGN
3306,3351187,248,4,312261,14,1259,0,1259,31.332858500581672,3,0,3,1.5460881503009838,93183,75,13298,340.2961320058626,3351187,7,2680950,10810,0,2680950,0,2010712,502678,0,2010712,0,0,0,0,0,4960,80,74,1,0,1500,1239,20.27205819337898,144.87141011624138,0,1,0,0,0,0,0,0,0.02,1239,1259,3,4960,0,0,0,0,0,0,248,312261,4,14,30152,50094,247,20,0,0,0,0,0,0,0,0,DDoS
3306,225099,198,2,129513,77,654,0,654,28.35092672009071,38,0,38,46.183343685434004,575708,888,1125,783.1734097055555,225099,9,180079,909,0,180079,0,135059,67529,0,135059,0,0,0,0,0,3960,40,879,8,0,1500,647,56.285580110335665,672.6990166393714,0,1,0,0,0,0,0,0,0.01,647,654,38,3960,0,0,0,0,0,0,198,129513,2,77,36209,47614,197,20,0,0,0,0,0,0,0,0,DDoS
22,3634,2,4,1729,1691,864,10,864,46.79813828375506,422,0,422,4.7265571361735645,941241,1651,605,114.04469595667466,3634,7,2907,1453,0,2907,0,2180,545,0,2180,0,0,0,0,0,40,80,550,1100,0,1000,570,26.40874272530561,300.80116111720434,0,1,0,0,0,0,0,0,2.0,570,864,422,40,0,0,0,0,0,0,2,1729,4,1691,41959,45787,1,20,0,0,0,0,0,0,0,0,BENIGN
443,4613521,445,5,406142,152,912,0,912,34.26729270517541,30,0,30,33.468329365413474,88066,97,10252,933.6863217372554,4613521,1,3690817,8293,0,3690817,0,2768113,553622,0,2768113,0,0,0,0,0,8900,100,96,1,0,1500,902,94.6781691906367,730.0822927218385,0,1,0,0,0,0,0,0,0.01,902,912,30,8900,0,0,0,0,0,0,445,406142,5,152,38748,50456,444,20,0,0,0,0,0,0,0,0,DDoS
8080,4756435,183,5,85750,99,468,0,468,18.919862579443812,19,0,19,15.753908476457484,18049,39,25300,741.2641074870438,4756435,5,3805148,20793,0,3805148,0,2853861,570772,0,2853861,0,0,0,0,0,3660,100,38,1,0,1500,456,69.6539854897136,343.12876378852565,0,1,0,0,0,0,0,0,0.03,456,468,19,3660,0,0,0,0,0,0,183,85750,5,99,60334,53516,182,20,0,0,0,0,0,0,0,0,DDoS
22,1905,4,3,2862,3205,715,10,715,13.088010872220558,1068,0,1068,2.6630300464230263,3185421,3674,272,999.8654947136578,1905,1,1524,381,0,1524,0,1143,381,0,1143,0,0,0,0,0,80,60,2099,1574,0,1000,866,19.305309803771486,753.096455773203,0,1,0,0,0,0,0,0,0.75,866,715,1068,80,0,0,0,0,0,0,4,2862,3,3205,59278,30394,3,20,0,0,0,0,0,0,0,0,BENIGN
53,2784,5,9,2747,3737,549,10,549,18.252609453732084,415,0,415,39.05207679604434,2328788,5027,198,623.2467060394132,2784,3,2227,445,0,2227,0,1670,185,0,1670,0,0,0,0,0,100,180,1795,3231,0,1000,463,19.70499879464853,36.13753291615707,0,0,0,0,1,0,0,0,1.8,463,549,415,100,0,0,0,0,0,0,5,2747,9,3737,46052,59514,4,20,0,0,0,0,0,0,0,0,BENIGN
22,4803,6,9,4561,5150,760,10,760,23.324633145014577,572,0,572,13.457586864529391,2021937,3122,320,818.156654536811,4803,10,3842,640,0,3842,0,2882,320,0,2882,0,0,0,0,0,120,180,1249,1873,0,1000,647,32.20598048541833,654.598232702206,0,1,0,0,1,0,0,0,1.5,647,760,572,120,0,0,0,0,0,0,6,4561,9,5150,37658,55148,5,20,0,0,0,0,0,0,0,0,BENIGN
80,2982,7,7,4871,6127,695,10,695,4.992437270666105,875,0,875,44.353537312368104,3688377,4694,213,285.3380063728264,2982,8,2385,340,0,2385,0,1789,255,0,1789,0,0,0,0,0,140,140,2347,2347,0,1000,785,9.160151618502866,809.898154261741,0,1,0,0,1,0,0,0,1.0,785,695,875,140,0,0,0,0,0,0,7,4871,7,6127,47871,61983,6,20,0,0,0,0,0,0,0,0,BENIGN
3306,2866621,331,1,155031,17,468,0,468,37.97085827436894,17,0,17,33.45524132461431,54087,115,8634,959.1018171857493,2866621,1,2293296,6928,0,2293296,0,1719972,1719972,0,1719972,0,0,0,0,0,6620,20,115,0,0,1500,467,63.04229345521294,336.2658187878863,0,1,0,0,0,0,0,0,0.0,467,468,17,6620,0,0,0,0,0,0,331,155031,1,17,36520,63753,330,20,0,0,0,0,0,0,0,0,DDoS
8080,4080349,192,0,91777,0,478,0,478,14.95812638619553,0,0,0,28.78168914549637,22492,47,21251,750.2354946191439,4080349,9,3264279,17001,0,3264279,0,2448209,0,0,2448209,0,0,0,0,0,3840,0,47,0,0,1500,478,63.079278320203855,309.9187781705627,0,1,0,0,0,0,0,0,0.0,478,478,0,3840,0,0,0,0,0,0,192,91777,0,0,43489,63049,191,20,0,0,0,0,0,0,0,0,DDoS
443,1969,8,8,5755,2839,719,10,719,15.091746573026105,354,0,354,32.77072719389157,4363426,8122,123,194.4144654834232,1969,2,1575,196,0,1575,0,1181,147,0,1181,0,0,0,0,0,160,160,4061,4061,0,1000,537,90.68537779238048,347.4946610713712,0,1,0,0,1,0,0,0,1.0,537,719,354,160,0,0,0,0,0,0,8,5755,8,2839,64894,50435,7,20,0,0,0,0,0,0,0,0,BENIGN
443,4751,9,2,3781,955,420,10,420,3.436260642279554,477,0,477,41.927459261531155,996877,2315,431,997.3772646161497,4751,9,3801,422,0,3801,0,2850,1425,0,2850,0,0,0,0,0,180,40,1894,420,0,1000,430,74.54413733709086,34.8758945640808,0,0,0,0,1,0,0,0,0.22,430,420,477,180,0,0,0,0,0,0,9,3781,2,955,33230,35996,8,20,0,0,0,0,0,0,0,0,BENIGN
123,3618,9,10,2990,9619,332,10,332,3.415072715587014,961,0,961,45.39164733790777,3484599,5250,190,611.7313768163459,3618,1,2895,321,0,2895,0,2171,217,0,2171,0,0,0,0,0,180,200,2487,2763,0,1000,663,5.229316313878618,970.5137667630626,0,1,0,0,0,0,0,0,1.11,663,332,961,180,0,0,0,0,0,0,9,2990,10,9619,63367,36027,8,20,0,0,0,0,0,0,0,0,BENIGN
22,544,7,7,1757,3533,251,10,251,48.2429318908905,504,0,504,46.39035930200407,9724359,25732,38,304.45952605039525,544,4,435,62,0,435,0,326,46,0,326,0,0,0,0,0,140,140,12866,12866,0,1000,377,31.892385533930035,194.94798428232497,0,1,0,0,0,0,0,0,1.0,377,251,504,140,0,0,0,0,0,0,7,1757,7,3533,42821,43445,6,20,0,0,0,0,0,0,0,0,BENIGN
80,627,2,5,1660,4823,830,10,830,17.259220568239993,964,0,964,44.06540856047646,10330111,11151,89,483.0443936740242,627,9,502,251,0,502,0,376,75,0,376,0,0,0,0,0,40,100,3186,7965,0,1000,926,54.119643909281464,557.3588097979052,0,1,0,0,1,0,0,0,2.5,926,830,964,40,0,0,0,0,0,0,2,1660,5,4823,59948,57588,1,20,0,0,0,0,0,0,0,0,BENIGN
53,1204,4,4,2868,1250,717,10,717,36.98374761449945,312,0,312,40.427120709328705,3421074,6644,150,433.67909653649104,1204,7,963,240,0,963,0,722,180,0,722,0,0,0,0,0,80,80,3322,3322,0,1000,514,89.6310488332089,651.8773787143315,0,0,0,0,1,0,0,0,1.0,514,717,312,80,0,0,0,0,0,0,4,2868,4,1250,57218,45855,3,20,0,0,0,0,0,0,0,0,BENIGN
8080,152804,273,0,159266,0,583,0,583,0.2491464432910151,0,0,0,0.2631800766471182,1042292,1786,559,869.1195436996543,152804,4,122243,447,0,122243,0,91682,0,0,91682,0,0,0,0,0,5460,0,1786,0,0,1500,583,42.426546959251574,117.27624462860963,0,1,0,0,0,0,0,0,0.0,583,583,0,5460,0,0,0,0,0,0,273,159266,0,0,49903,56561,272,20,0,0,0,0,0,0,0,0,DDoS
80,222,6,9,2137,2843,356,10,356,33.10655063647093,315,0,315,1.1324521001631949,22397945,67454,14,986.8683821238279,222,1,177,29,0,177,0,133,14,0,133,0,0,0,0,0,120,180,26981,40472,0,1000,332,10.733718110335388,597.8720704984695,0,0,0,0,1,0,0,0,1.5,332,356,315,120,0,0,0,0,0,0,6,2137,9,2843,57117,45983,5,20,0,0,0,0,0,0,0,0,BENIGN
123,3526,3,5,1047,3466,349,10,349,14.024814032719407,693,0,693,23.73664015343586,1279908,2268,440,725.906970559704,3526,6,2821,940,0,2821,0,2115,423,0,2115,0,0,0,0,0,60,100,850,1417,0,1000,564,50.25853897613355,981.6115873441432,0,1,0,0,1,0,0,0,1.67,564,349,693,60,0,0,0,0,0,0,3,1047,5,3466,63868,41428,2,20,0,0,0,0,0,0,0,0,BENIGN
123,1953,2,9,1319,792,659,10,659,3.3795800683352417,88,0,88,42.084755635985694,1081094,5631,177,78.08173615283442,1953,6,1562,781,0,1562,0,1172,130,0,1172,0,0,0,0,0,40,180,1023,4607,0,1000,191,85.90862655082346,709.3945558391006,0,0,0,0,1,0,0,0,4.5,191,659,88,40,0,0,0,0,0,0,2,1319,9,792,60811,32904,1,20,0,0,0,0,0,0,0,0,BENIGN
80,647,5,11,3956,12653,791,10,791,29.649570933031477,1150,0,1150,35.01034504127686,25647296,24705,40,886.191989636786,647,5,518,103,0,518,0,388,35,0,388,0,0,0,0,0,100,220,7720,16984,0,1000,1038,45.92055179605341,963.4138987810645,0,0,0,0,0,0,0,0,2.2,1038,791,1150,100,0,0,0,0,0,0,5,3956,11,12653,32935,43522,4,20,0,0,0,0,0,0,0,0,BENIGN
80,4567,5,2,2282,401,456,10,456,24.38465725963995,200,0,200,12.815048134238399,587722,1532,652,774.3062039439764,4567,5,3654,730,0,3654,0,2740,1370,0,2740,0,0,0,0,0,100,40,1094,437,0,1000,383,73.21171555388946,511.07338051622486,0,1,0,0,0,0,0,0,0.4,383,456,200,100,0,0,0,0,0,0,5,2282,2,401,34269,64221,4,20,0,0,0,0,0,0,0,0,BENIGN
80,733,1,11,181,4853,181,10,181,39.038193741882196,441,0,441,29.97750556576922,6860985,16352,61,670.0320089472172,733,2,587,587,0,587,0,440,40,0,440,0,0,0,0,0,20,220,1362,14989,0,1000,419,22.213596835574634,643.3299475746559,0,1,0,0,0,0,0,0,11.0,419,181,441,20,0,0,0,0,0,0,1,181,11,4853,36533,61903,0,20,0,0,0,0,0,0,0,0,BENIGN
22,2385,4,1,985,486,246,10,246,21.890220519759595,486,0,486,47.207460403770376,617259,2096,477,712.7043599255373,2385,9,1908,477,0,1908,0,1431,1431,0,1431,0,0,0,0,0,80,20,1677,419,0,1000,294,19.978391516501294,141.6388854764511,0,1,0,0,0,0,0,0,0.25,294,246,486,80,0,0,0,0,0,0,4,985,1,486,29816,30134,3,20,0,0,0,0,0,0,0,0,BENIGN
443,88720,276,2,348162,11,1261,0,1261,47.37798291980271,5,0,5,17.13552622410015,3924409,3133,319,905.3753458181826,88720,2,70976,257,0,70976,0,53232,26616,0,53232,0,0,0,0,0,5520,40,3110,22,0,1500,1252,31.016698689901645,216.86701444121204,0,1,0,0,0,0,0,0,0.01,1252,1261,5,5520,0,0,0,0,0,0,276,348162,2,11,36081,49019,275,20,0,0,0,0,0,0,0,0,DDoS
53,433,10,9,5529,5118,552,10,552,12.573378289089836,568,0,568,32.28080368859993,24538652,43786,22,768.2475486689161,433,1,347,34,0,347,0,260,28,0,260,0,0,0,0,0,200,180,23045,20741,0,1000,560,95.57802716785233,425.6804873659127,0,1,0,0,0,0,0,0,0.9,560,552,568,200,0,0,0,0,0,0,10,5529,9,5118,35898,51598,9,20,0,0,0,0,0,0,0,0,BENIGN
53,2812,4,9,529,2355,132,10,132,12.588788775893638,261,0,261,17.087262713547837,1026252,4622,216,282.7042034248213,2812,10,2249,562,0,2249,0,1687,187,0,1687,0,0,0,0,0,80,180,1422,3200,0,1000,221,64.00074513153025,938.8663454741702,0,0,0,0,1,0,0,0,2.25,221,132,261,80,0,0,0,0,0,0,4,529,9,2355,55533,59231,3,20,0,0,0,0,0,0,0,0,BENIGN
53,3325,4,8,2485,1022,621,10,621,4.334755414063468,127,0,127,21.803992335814577,1054840,3608,277,260.75795022875025,3325,9,2660,665,0,2660,0,1995,249,0,1995,0,0,0,0,0,80,160,1202,2405,0,1000,292,33.13599762575845,670.8307219541678,0,0,0,0,1,0,0,0,2.0,292,621,127,80,0,0,0,0,0,0,4,2485,8,1022,49545,43664,3,20,0,0,0,0,0,0,0,0,BENIGN
80,2008,9,11,2269,11585,252,10,252,25.608602484209868,1053,0,1053,39.359725058183805,6898470,9958,100,83.55957388643121,2008,5,1606,178,0,1606,0,1204,109,0,1204,0,0,0,0,0,180,220,4481,5477,0,1000,692,60.98238275232958,503.43098130514585,0,1,0,0,0,0,0,0,1.22,692,252,1053,180,0,0,0,0,0,0,9,2269,11,11585,42288,37156,8,20,0,0,0,0,0,0,0,0,BENIGN
80,2609,2,4,1718,1449,859,10,859,38.61897297048462,362,0,362,18.76558972873193,1214212,2299,434,699.0607049997097,2609,6,2087,1043,0,2087,0,1565,391,0,1565,0,0,0,0,0,40,80,766,1533,0,1000,527,92.25372641105852,585.9434638444382,0,1,0,0,1,0,0,0,2.0,527,859,362,40,0,0,0,0,0,0,2,1718,4,1449,63623,29570,1,20,0,0,0,0,0,0,0,0,BENIGN
8080,181153,110,1,90070,4,818,0,818,31.329786097702588,4,0,4,37.00885551846332,497232,612,1632,808.476746831664,181153,7,144922,1317,0,144922,0,108691,108691,0,108691,0,0,0,0,0,2200,20,607,5,0,1500,811,16.25436964782885,736.746180888875,0,1,0,0,0,0,0,0,0.01,811,818,4,2200,0,0,0,0,0,0,110,90070,1,4,41792,58508,109,20,0,0,0,0,0,0,0,0,DDoS
24520,22,1,0,0,0,0,0,0,48.15385295787054,0,0,0,45.803082318733566,0,44894,22,206.28880544801663,22,10,17,17,0,17,0,13,0,0,13,0,0,0,0,0,20,0,44894,0,0,1000,0,15.318064855328883,777.8169219970808,0,1,0,0,0,0,0,0,0.0,0,0,0,20,0,0,0,0,0,0,1,0,0,0,62183,38704,0,20,0,0,0,0,0,0,0,0,PortScan
123,4552,9,12,1162,1144,129,10,129,27.211214780539645,95,0,95,18.80195145571179,506779,4612,216,312.6694786828796,4552,6,3642,404,0,3642,0,2731,227,0,2731,0,0,0,0,0,180,240,1976,2635,0,1000,109,50.969472664072526,616.9614303051453,0,1,0,0,0,0,0,0,1.33,109,129,95,180,0,0,0,0,0,0,9,1162,12,1144,51984,38910,8,20,0,0,0,0,0,0,0,0,BENIGN
80,3021,4,4,3200,1786,800,10,800,14.873018048152781,446,0,446,24.993828028136534,1650727,2647,377,4.771754003255135,3021,1,2416,604,0,2416,0,1812,453,0,1812,0,0,0,0,0,80,80,1323,1323,0,1000,623,93.68231043254536,832.4289365726274,0,0,0,0,0,0,0,0,1.0,623,800,446,80,0,0,0,0,0,0,4,3200,4,1786,51911,60740,3,20,0,0,0,0,0,0,0,0,BENIGN
42836,172,1,0,0,0,0,0,0,36.1695693854116,0,0,0,38.98056064817724,0,5799,172,961.9824204272958,172,2,137,137,0,137,0,103,0,0,103,0,0,0,0,0,20,0,5799,0,0,1000,0,49.0717913690572,345.72985391153287,0,1,0,0,0,0,0,0,0.0,0,0,0,20,0,0,0,0,0,0,1,0,0,0,61057,52575,0,20,0,0,0,0,0,0,0,0,PortScan
80,3428,9,10,5491,8351,610,10,610,8.773438387247884,835,0,835,2.2592476015521115,4037899,5542,180,323.435562936869,3428,5,2742,304,0,2742,0,2056,205,0,2056,0,0,0,0,0,180,200,2625,2917,0,1000,728,30.02146983900532,299.34505384802503,0,0,0,0,0,0,0,0,1.11,728,610,835,180,0,0,0,0,0,0,9,5491,10,8351,47039,45659,8,20,0,0,0,0,0,0,0,0,BENIGN
53,567,9,1,6433,937,714,10,714,16.725696102326133,937,0,937,3.611921841158916,12998094,17633,56,646.7869885460126,567,9,453,50,0,453,0,340,340,0,340,0,0,0,0,0,180,20,15870,1763,0,1000,737,64.04174744773685,447.2392881393042,0,0,0,0,0,0,0,0,0.11,737,714,937,180,0,0,0,0,0,0,9,6433,1,937,30241,33478,8,20,0,0,0,0,0,0,0,0,BENIGN
22,4521,4,11,325,3254,81,10,81,24.439045841000812,295,0,295,16.99912752309773,791883,3317,301,865.2355821405633,4521,5,3617,904,0,3617,0,2712,246,0,2712,0,0,0,0,0,80,220,884,2432,0,1000,238,11.186836211747098,49.64097152840363,0,1,0,0,1,0,0,0,2.75,238,81,295,80,0,0,0,0,0,0,4,325,11,3254,33409,50800,3,20,0,0,0,0,0,0,0,0,BENIGN
123,887,4,7,3800,3339,950,10,950,40.87332266956742,477,0,477,9.48977781202977,8046879,12396,80,928.3635553637987,887,4,709,177,0,709,0,532,76,0,532,0,0,0,0,0,80,140,4507,7888,0,1000,649,71.60731211778524,524.3618327075627,0,1,0,0,0,0,0,0,1.75,649,950,477,80,0,0,0,0,0,0,4,3800,7,3339,40440,57942,3,20,0,0,0,0,0,0,0,0,BENIGN
443,2613,3,4,1925,3374,641,10,641,18.67212599627321,843,0,843,20.965423658781518,2027926,2678,373,235.93378242223883,2613,6,2090,696,0,2090,0,1567,391,0,1567,0,0,0,0,0,60,80,1148,1530,0,1000,757,2.0436560945286675,103.85564630489885,0,0,0,0,1,0,0,0,1.33,757,641,843,60,0,0,0,0,0,0,3,1925,4,3374,62956,29793,2,20,0,0,0,0,0,0,0,0,BENIGN
123,1522,10,3,4469,2411,446,10,446,36.57132857431463,803,0,803,15.695826376342586,4519526,8539,117,450.8467467522962,1522,2,1217,121,0,1217,0,913,304,0,913,0,0,0,0,0,200,60,6568,1970,0,1000,529,8.75836033148304,294.97888835759244,0,1,0,0,1,0,0,0,0.3,529,446,803,200,0,0,0,0,0,0,10,4469,3,2411,59197,56818,9,20,0,0,0,0,0,0,0,0,BENIGN
53,3806,5,7,2734,8395,546,10,546,16.250977919389868,1199,0,1199,18.94897793341665,2923762,3152,317,353.35419744527354,3806,2,3045,609,0,3045,0,2283,326,0,2283,0,0,0,0,0,100,140,1313,1838,0,1000,927,96.27631583883829,661.3958600998537,0,0,0,0,1,0,0,0,1.4,927,546,1199,100,0,0,0,0,0,0,5,2734,7,8395,39016,40865,4,20,0,0,0,0,0,0,0,0,BENIGN
443,4797,6,2,1799,1114,299,10,299,13.626932325597652,557,0,557,41.282684175801585,607323,1667,599,84.1646195224548,4797,9,3838,639,0,3838,0,2878,1439,0,2878,0,0,0,0,0,120,40,1250,416,0,1000,364,46.28017635616801,550.6387838076098,0,0,0,0,0,0,0,0,0.33,364,299,557,120,0,0,0,0,0,0,6,1799,2,1114,54610,31272,5,20,0,0,0,0,0,0,0,0,BENIGN
22,4162,4,9,2548,6119,637,10,637,0.3524595707676659,679,0,679,39.124155723113965,2082704,3123,320,77.918915836938,4162,5,3329,832,0,3329,0,2497,277,0,2497,0,0,0,0,0,80,180,961,2162,0,1000,666,57.734917789855466,753.4301670766525,0,0,0,0,0,0,0,0,2.25,666,637,679,80,0,0,0,0,0,0,4,2548,9,6119,60829,42084,3,20,0,0,0,0,0,0,0,0,BENIGN
123,2254,7,7,2295,3430,327,10,327,23.30468578809151,490,0,490,34.778367603387665,2540022,6210,161,241.20409869064474,2254,2,1803,257,0,1803,0,1352,193,0,1352,0,0,0,0,0,140,140,3105,3105,0,1000,408,12.583695953764995,49.976563074228594,0,0,0,0,1,0,0,0,1.0,408,327,490,140,0,0,0,0,0,0,7,2295,7,3430,49878,54576,6,20,0,0,0,0,0,0,0,0,BENIGN
80,3897870,454,1,285162,11,628,0,628,40.091711749178764,11,0,11,34.881376242665254,73161,116,8566,923.6900219812259,3897870,4,3118296,6868,0,3118296,0,2338722,2338722,0,2338722,0,0,0,0,0,9080,20,116,0,0,1500,626,25.39461628441734,704.3722966413102,0,1,0,0,0,0,0,0,0.0,626,628,11,9080,0,0,0,0,0,0,454,285162,1,11,45528,46822,453,20,0,0,0,0,0,0,0,0,DDoS
443,1876,6,5,481,4914,80,10,80,18.26591270135975,982,0,982,27.380021789895785,2875249,5861,170,452.398984900104,1876,1,1501,250,0,1501,0,1125,225,0,1125,0,0,0,0,0,120,100,3197,2664,0,1000,490,20.1389492420194,688.7427795411668,0,0,0,0,0,0,0,0,0.83,490,80,982,120,0,0,0,0,0,0,6,481,5,4914,43430,40350,5,20,0,0,0,0,0,0,0,0,BENIGN
22,2841,8,2,3541,1233,442,10,442,36.72318991555677,616,0,616,20.091842988879066,1680236,3519,284,301.0517651991025,2841,10,2273,284,0,2273,0,1704,852,0,1704,0,0,0,0,0,160,40,2815,703,0,1000,477,11.3000309121713,196.35972848829587,0,1,0,0,1,0,0,0,0.25,477,442,616,160,0,0,0,0,0,0,8,3541,2,1233,43859,34511,7,20,0,0,0,0,0,0,0,0,BENIGN
57542,5,2,1,0,0,0,0,0,49.72302008676518,0,0,0,7.336309240259431,0,543246,1,876.7313548443198,5,2,4,2,0,4,0,3,3,0,3,0,0,0,0,0,40,20,362164,181082,0,1000,0,86.605302409151,917.3132196616932,0,1,0,0,0,0,0,0,0.5,0,0,0,40,0,0,0,0,0,0,2,0,1,0,62830,62298,1,20,0,0,0,0,0,0,0,0,PortScan
11287,42,1,0,0,0,0,0,0,15.469314715789013,0,0,0,18.577117693156513,0,23617,42,562.7573187504781,42,9,33,33,0,33,0,25,0,0,25,0,0,0,0,0,20,0,23617,0,0,1000,0,89.48805032002312,979.3025703819071,0,1,0,0,0,0,0,0,0.0,0,0,0,20,0,0,0,0,0,0,1,0,0,0,59201,54319,0,20,0,0,0,0,0,0,0,0,PortScan
123,662,6,7,2945,7380,490,10,490,26.649519861358016,1054,0,1054,4.911568117036702,15595713,19635,50,977.3500463635522,662,4,529,88,0,529,0,397,56,0,397,0,0,0,0,0,120,140,9062,10572,0,1000,794,57.2127501435113,152.21933523866494,0,1,0,0,0,0,0,0,1.17,794,490,1054,120,0,0,0,0,0,0,6,2945,7,7380,49269,63422,5,20,0,0,0,0,0,0,0,0,BENIGN
80,1325255,96,5,22588,244,235,0,235,16.613813321890685,48,0,48,35.711818562430736,17229,76,13121,510.658574810412,1325255,7,1060204,11043,0,1060204,0,795153,159030,0,795153,0,0,0,0,0,1920,100,72,3,0,1500,226,61.1392600021868,89.8247721176122,0,1,0,0,0,0,0,0,0.05,226,235,48,1920,0,0,0,0,0,0,96,22588,5,244,34749,50951,95,20,0,0,0,0,0,0,0,0,DDoS
3306,4678522,302,0,89865,0,297,0,297,28.182089522817694,0,0,0,31.56489328658415,19208,64,15491,224.50731731037942,4678522,2,3742817,12393,0,3742817,0,2807113,0,0,2807113,0,0,0,0,0,6040,0,64,0,0,1500,297,4.652704820263254,833.1462490448656,0,1,0,0,0,0,0,0,0.0,297,297,0,6040,0,0,0,0,0,0,302,89865,0,0,58508,29995,301,20,0,0,0,0,0,0,0,0,DDoS
123,4029,8,12,2052,9286,256,10,256,4.635953006802423,773,0,773,48.51474806662279,2813794,4962,201,659.9114592817996,4029,2,3223,402,0,3223,0,2417,201,0,2417,0,0,0,0,0,160,240,1985,2977,0,1000,566,55.370439284916515,293.23965297481834,0,0,0,0,1,0,0,0,1.5,566,256,773,160,0,0,0,0,0,0,8,2052,12,9286,41984,49790,7,20,0,0,0,0,0,0,0,0,BENIGN
44392,198,2,0,0,0,0,0,0,15.510294140307252,0,0,0,39.104302198614384,0,10063,99,659.7887730411686,198,10,158,79,0,158,0,119,0,0,119,0,0,0,0,0,40,0,10063,0,0,1000,0,22.118463794724164,584.2682927742135,0,1,0,0,0,0,0,0,0.0,0,0,0,40,0,0,0,0,0,0,2,0,0,0,29680,40830,1,20,0,0,0,0,0,0,0,0,PortScan
22,2170,9,1,8836,382,981,10,981,2.2028362446448457,382,0,382,46.48495367634142,4247187,4606,217,562.8367519281547,2170,10,1736,192,0,1736,0,1302,1302,0,1302,0,0,0,0,0,180,20,4146,460,0,1000,921,74.10344917800695,521.8526707226448,0,1,0,0,0,0,0,0,0.11,921,981,382,180,0,0,0,0,0,0,9,8836,1,382,61336,58623,8,20,0,0,0,0,0,0,0,0,BENIGN
123,3263,4,3,1790,3390,447,10,447,20.015241942730565,1130,0,1130,49.73282688443123,1587518,2145,466,497.9869597748661,3263,3,2610,652,0,2610,0,1957,652,0,1957,0,0,0,0,0,80,60,1225,919,0,1000,740,52.91840735500549,837.0515860449789,0,0,0,0,1,0,0,0,0.75,740,447,1130,80,0,0,0,0,0,0,4,1790,3,3390,62238,43722,3,20,0,0,0,0,0,0,0,0,BENIGN
80,3383294,345,4,330187,18,957,0,957,3.559964638801061,4,0,4,35.10101768503252,97598,103,9694,156.15437929832177,3383294,9,2706635,7845,0,2706635,0,2029976,507494,0,2029976,0,0,0,0,0,6900,80,101,1,0,1500,946,5.17547683893852,252.86219820934807,0,1,0,0,0,0,0,0,0.01,946,957,4,6900,0,0,0,0,0,0,345,330187,4,18,58370,52813,344,20,0,0,0,0,0,0,0,0,DDoS
123,1379,9,11,1906,5381,211,10,211,48.89054489802875,489,0,489,21.533872035652845,5282423,14496,68,146.9745730990013,1379,8,1103,122,0,1103,0,827,75,0,827,0,0,0,0,0,180,220,6523,7973,0,1000,364,73.02949383041653,51.646298205636484,0,1,0,0,0,0,0,0,1.22,364,211,489,180,0,0,0,0,0,0,9,1906,11,5381,39300,53781,8,20,0,0,0,0,0,0,0,0,BENIGN
443,4139,1,11,910,1558,910,10,910,43.13679813462988,141,0,141,25.752968607544847,596296,2898,344,9.239151517073552,4139,9,3311,3311,0,3311,0,2483,225,0,2483,0,0,0,0,0,20,220,241,2657,0,1000,205,4.981317829455268,368.92834519550024,0,1,0,0,1,0,0,0,11.0,205,910,141,20,0,0,0,0,0,0,1,910,11,1558,50655,38172,0,20,0,0,0,0,0,0,0,0,BENIGN
443,2850,10,10,7488,8427,748,10,748,29.195010139831247,842,0,842,23.163011427035222,5583291,7016,142,767.0634696969424,2850,5,2280,228,0,2280,0,1710,171,0,1710,0,0,0,0,0,200,200,3508,3508,0,1000,795,71.35756368246734,412.8071477040378,0,0,0,0,1,0,0,0,1.0,795,748,842,200,0,0,0,0,0,0,10,7488,10,8427,49038,46615,9,20,0,0,0,0,0,0,0,0,BENIGN
3306,4887006,96,2,35837,61,373,0,373,45.88258867282943,30,0,30,8.683237035704488,7345,20,49867,3.272220057109365,4887006,3,3909605,40725,0,3909605,0,2932204,1466102,0,2932204,0,0,0,0,0,1920,40,19,0,0,1500,366,85.112937794769,954.1496801843416,0,1,0,0,0,0,0,0,0.02,366,373,30,1920,0,0,0,0,0,0,96,35837,2,61,29648,58560,95,20,0,0,0,0,0,0,0,0,DDoS
443,37,1,2,724,1108,724,10,724,41.59592095596364,554,0,554,31.028379495012597,48539604,79455,12,477.7486372987801,37,7,30,30,0,30,0,22,11,0,22,0,0,0,0,0,20,40,26485,52970,0,1000,610,53.31034107125448,115.36021437977028,0,0,0,0,0,0,0,0,2.0,610,724,554,20,0,0,0,0,0,0,1,724,2,1108,36781,60958,0,20,0,0,0,0,0,0,0,0,BENIGN
443,484,10,5,628,2621,62,10,62,29.6622828718983,524,0,524,10.628315406902855,6706132,30947,32,849.3031230104156,484,6,387,38,0,387,0,290,58,0,290,0,0,0,0,0,200,100,20631,10315,0,1000,216,59.49442897509979,173.62839990669076,0,0,0,0,1,0,0,0,0.5,216,62,524,200,0,0,0,0,0,0,10,628,5,2621,39923,39624,9,20,0,0,0,0,0,0,0,0,BENIGN
443,3693,9,1,2660,417,295,10,295,29.05115219850842,417,0,417,19.7930357059379,833186,2707,369,210.93846396481442,3693,7,2954,328,0,2954,0,2216,2216,0,2216,0,0,0,0,0,180,20,2436,270,0,1000,307,51.32081398743469,672.239680286618,0,0,0,0,1,0,0,0,0.11,307,295,417,180,0,0,0,0,0,0,9,2660,1,417,45884,40601,8,20,0,0,0,0,0,0,0,0,BENIGN
80,3259,1,11,810,6485,810,10,810,14.743100734190435,589,0,589,22.779982533330706,2238188,3681,271,924.7252472485133,3259,9,2607,2607,0,2607,0,1955,177,0,1955,0,0,0,0,0,20,220,306,3374,0,1000,607,28.19322378614231,778.0230332915945,0,1,0,0,1,0,0,0,11.0,607,810,589,20,0,0,0,0,0,0,1,810,11,6485,61102,54028,0,20,0,0,0,0,0,0,0,0,BENIGN
53,555,8,12,5578,9860,697,10,697,10.85832204536194,821,0,821,36.002816822427675,27772571,35976,27,180.31727971069634,555,9,444,55,0,444,0,333,27,0,333,0,0,0,0,0,160,240,14390,21586,0,1000,771,29.3102517936236,61.70595183204841,0,0,0,0,1,0,0,0,1.5,771,697,821,160,0,0,0,0,0,0,8,5578,12,9860,42009,42768,7,20,0,0,0,0,0,0,0,0,BENIGN
123,3931,3,8,1645,6594,548,10,548,33.413205817601785,824,0,824,8.558563423288717,2096167,2798,357,758.007419564228,3931,3,3145,1048,0,3145,0,2358,294,0,2358,0,0,0,0,0,60,160,763,2034,0,1000,749,84.03350747485706,100.21477361699394,0,0,0,0,1,0,0,0,2.67,749,548,824,60,0,0,0,0,0,0,3,1645,8,6594,54871,46112,2,20,0,0,0,0,0,0,0,0,BENIGN
443,2817340,494,2,613253,83,1241,0,1241,31.130069707373504,41,0,41,17.57627213193562,217700,176,5680,849.1193108989061,2817340,3,2253872,4562,0,2253872,0,1690404,845202,0,1690404,0,0,0,0,0,9880,40,175,0,0,1500,1236,79.8104797511421,848.158264417403,0,1,0,0,0,0,0,0,0.0,1236,1241,41,9880,0,0,0,0,0,0,494,613253,2,83,59571,64269,493,20,0,0,0,0,0,0,0,0,DDoS
443,1609,1,8,523,8299,523,10,523,5.831711116722743,1037,0,1037,40.51801065851596,5480694,5591,178,40.80529012217893,1609,8,1287,1287,0,1287,0,965,120,0,965,0,0,0,0,0,20,160,621,4969,0,1000,980,10.753874320090217,174.43755725758692,0,0,0,0,0,0,0,0,8.0,980,523,1037,20,0,0,0,0,0,0,1,523,8,8299,61423,31307,0,20,0,0,0,0,0,0,0,0,BENIGN
53,2442,3,8,2590,4153,863,10,863,39.94035368480626,519,0,519,26.513864948716954,2761252,4503,222,259.6012553533923,2442,4,1953,651,0,1953,0,1465,183,0,1465,0,0,0,0,0,60,160,1228,3275,0,1000,613,25.50394966453662,814.1402843923381,0,0,0,0,1,0,0,0,2.67,613,863,519,60,0,0,0,0,0,0,3,2590,8,4153,59862,36287,2,20,0,0,0,0,0,0,0,0,BENIGN
80,2350,2,7,799,2744,399,10,399,25.379594670782684,392,0,392,15.674568463714294,1508113,3829,261,433.8160633044897,2350,5,1880,940,0,1880,0,1410,201,0,1410,0,0,0,0,0,40,140,851,2978,0,1000,393,27.780577280489606,565.7984532123442,0,1,0,0,0,0,0,0,3.5,393,399,392,40,0,0,0,0,0,0,2,799,7,2744,32971,60022,1,20,0,0,0,0,0,0,0,0,BENIGN
8080,1171121,79,2,65085,38,823,0,823,32.84872203941936,19,0,19,12.055466410305549,55608,69,14458,241.77687645299494,1171121,10,936897,11859,0,936897,0,702672,351336,0,702672,0,0,0,0,0,1580,40,67,1,0,1500,804,15.759784577694202,75.44847737288029,0,1,0,0,0,0,0,0,0.03,804,823,19,1580,0,0,0,0,0,0,79,65085,2,38,45070,48557,78,20,0,0,0,0,0,0,0,0,DDoS
123,3070,6,3,3144,2868,524,10,524,3.3028339494046213,956,0,956,2.598108273660099,1958418,2931,341,309.7686552201624,3070,5,2456,409,0,2456,0,1842,614,0,1842,0,0,0,0,0,120,60,1954,977,0,1000,668,9.041974761641436,274.7400971104309,0,0,0,0,1,0,0,0,0.5,668,524,956,120,0,0,0,0,0,0,6,3144,3,2868,33098,45980,5,20,0,0,0,0,0,0,0,0,BENIGN
8080,309786,497,1,478564,12,962,0,962,29.06692171454675,12,0,12,23.318585827610512,1544862,1607,622,960.3500393774478,309786,4,247828,498,0,247828,0,185871,185871,0,185871,0,0,0,0,0,9940,20,1604,3,0,1500,960,35.894803872193904,170.3380573687051,0,1,0,0,0,0,0,0,0.0,960,962,12,9940,0,0,0,0,0,0,497,478564,1,12,52203,57617,496,20,0,0,0,0,0,0,0,0,DDoS
22,1787,1,8,69,2427,69,10,69,3.2892827729085026,303,0,303,4.7137808233084275,1397173,5034,198,113.5762709711029,1787,7,1430,1430,0,1430,0,1072,134,0,1072,0,0,0,0,0,20,160,559,4475,0,1000,277,71.94191212935861,876.9329029148291,0,1,0,0,1,0,0,0,8.0,277,69,303,20,0,0,0,0,0,0,1,69,8,2427,60090,57894,0,20,0,0,0,0,0,0,0,0,BENIGN
123,2606,9,4,2312,4207,256,10,256,21.18024330151259,1051,0,1051,27.31471532808001,2501416,4987,200,233.8527977610645,2606,5,2085,231,0,2085,0,1563,390,0,1563,0,0,0,0,0,180,80,3453,1534,0,1000,501,92.45000628708144,641.1342260545897,0,0,0,0,0,0,0,0,0.44,501,256,1051,180,0,0,0,0,0,0,9,2312,4,4207,52923,61562,8,20,0,0,0,0,0,0,0,0,BENIGN
443,848676,477,5,224124,32,469,0,469,38.683898550907095,6,0,6,33.01391120610986,264125,567,1760,254.9538014811049,848676,7,678941,1423,0,678941,0,509205,101841,0,509205,0,0,0,0,0,9540,100,562,5,0,1500,465,23.631988469804288,416.3030419265631,0,1,0,0,0,0,0,0,0.01,465,469,6,9540,0,0,0,0,0,0,477,224124,5,32,37612,43197,476,20,0,0,0,0,0,0,0,0,DDoS
123,709,9,5,3423,2886,380,10,380,20.886302916646326,577,0,577,31.886607928001332,8894091,19732,50,740.7166982337957,709,7,567,63,0,567,0,425,85,0,425,0,0,0,0,0,180,100,12685,7047,0,1000,450,38.633512460951536,724.8452475362604,0,0,0,0,0,0,0,0,0.56,450,380,577,180,0,0,0,0,0,0,9,3423,5,2886,57680,59937,8,20,0,0,0,0,0,0,0,0,BENIGN
22,306474,139,85,10407,2623,74,0,74,10.747982353963476,30,0,30,22.030124460306862,42518,730,1368,988.4634978248039,306474,10,245179,1763,0,245179,0,183884,2163,0,183884,0,0,0,0,0,2780,1700,453,277,0,1000,58,75.39670674108152,705.489811938662,0,0,0,0,1,0,0,0,0.61,58,74,30,2780,0,0,0,0,0,0,139,10407,85,2623,48010,50746,138,20,0,0,0,0,0,0,0,0,SSH-Patator
123,3207,2,2,1210,686,605,10,605,13.76612313296004,343,0,343,38.26205775370146,591604,1247,801,479.50745986766543,3207,3,2565,1282,0,2565,0,1924,962,0,1924,0,0,0,0,0,40,40,623,623,0,1000,474,54.42274753325235,135.14569298210887,0,0,0,0,0,0,0,0,1.0,474,605,343,40,0,0,0,0,0,0,2,1210,2,686,49507,36245,1,20,0,0,0,0,0,0,0,0,BENIGN
53,4134,2,8,345,745,172,10,172,29.298981808679166,93,0,93,36.81315947044357,263766,2418,413,171.64963962988477,4134,7,3307,1653,0,3307,0,2480,310,0,2480,0,0,0,0,0,40,160,483,1934,0,1000,109,69.68262174018999,693.3112428672562,0,1,0,0,0,0,0,0,4.0,109,172,93,40,0,0,0,0,0,0,2,345,8,745,64031,60389,1,20,0,0,0,0,0,0,0,0,BENIGN
53,887,8,4,5695,4519,711,10,711,19.00044571005899,1129,0,1129,39.65843987145828,11509016,13520,73,415.2498343598737,887,3,710,88,0,710,0,532,133,0,532,0,0,0,0,0,160,80,9013,4506,0,1000,851,55.8581873213184,373.2827176945439,0,0,0,0,1,0,0,0,0.5,851,711,1129,160,0,0,0,0,0,0,8,5695,4,4519,52571,63636,7,20,0,0,0,0,0,0,0,0,BENIGN
80,3402,3,6,1792,1832,597,10,597,17.576213227990873,305,0,305,41.63105215333501,1065498,2645,378,995.0110165781797,3402,4,2721,907,0,2721,0,2041,340,0,2041,0,0,0,0,0,60,120,881,1763,0,1000,402,63.26467230438403,663.813249047012,0,1,0,0,0,0,0,0,2.0,402,597,305,60,0,0,0,0,0,0,3,1792,6,1832,41192,57032,2,20,0,0,0,0,0,0,0,0,BENIGN
443,836132,355,4,196139,69,552,0,552,7.250418783237639,17,0,17,22.010725759184357,234663,429,2329,272.4305096238352,836132,5,668905,1884,0,668905,0,501679,125419,0,501679,0,0,0,0,0,7100,80,424,4,0,1500,546,70.99653916407928,780.2415590324649,0,1,0,0,0,0,0,0,0.01,546,552,17,7100,0,0,0,0,0,0,355,196139,4,69,35961,30164,354,20,0,0,0,0,0,0,0,0,DDoS
123,2295,3,5,1589,4530,529,10,529,34.587851384259935,906,0,906,3.8264206376751266,2666417,3485,286,979.5810784972194,2295,6,1836,612,0,1836,0,1377,275,0,1377,0,0,0,0,0,60,100,1307,2178,0,1000,764,94.41418538815832,347.91259021159505,0,1,0,0,0,0,0,0,1.67,764,529,906,60,0,0,0,0,0,0,3,1589,5,4530,60645,52357,2,20,0,0,0,0,0,0,0,0,BENIGN
443,2274,1,4,811,4176,811,10,811,9.804201710455168,1044,0,1044,15.740886981600372,2193175,2198,454,53.178216921424216,2274,4,1819,1819,0,1819,0,1364,341,0,1364,0,0,0,0,0,20,80,439,1758,0,1000,997,11.009939007727576,745.6773922312244,0,0,0,0,0,0,0,0,4.0,997,811,1044,20,0,0,0,0,0,0,1,811,4,4176,57377,34627,0,20,0,0,0,0,0,0,0,0,BENIGN
443,2436,7,3,3638,2700,519,10,519,45.85477073830396,900,0,900,25.229550148105968,2601393,4103,243,353.0006164159935,2436,1,1949,278,0,1949,0,1462,487,0,1462,0,0,0,0,0,140,60,2872,1231,0,1000,633,21.588597905843688,778.7339825839211,0,1,0,0,1,0,0,0,0.43,633,519,900,140,0,0,0,0,0,0,7,3638,3,2700,39344,31911,6,20,0,0,0,0,0,0,0,0,BENIGN
443,4744,6,7,4802,2845,800,10,800,36.625879432254685,406,0,406,34.15007236150826,1612088,2740,364,720.1867240419252,4744,1,3795,632,0,3795,0,2846,406,0,2846,0,0,0,0,0,120,140,1264,1475,0,1000,588,61.60492137963074,975.5067526025798,0,1,0,0,1,0,0,0,1.17,588,800,406,120,0,0,0,0,0,0,6,4802,7,2845,60686,48713,5,20,0,0,0,0,0,0,0,0,BENIGN
22,2726,1,11,299,9957,299,10,299,26.61179139808369,905,0,905,46.325706566335086,3762174,4401,227,580.3375399285729,2726,2,2181,2181,0,2181,0,1635,148,0,1635,0,0,0,0,0,20,220,366,4034,0,1000,854,41.61762612035271,779.1456579574423,0,0,0,0,0,0,0,0,11.0,854,299,905,20,0,0,0,0,0,0,1,299,11,9957,50388,32561,0,20,0,0,0,0,0,0,0,0,BENIGN
123,3639,8,6,6390,6015,798,10,798,11.493787508561148,1002,0,1002,5.531722637952202,3408693,3846,259,725.0762479450204,3639,1,2911,363,0,2911,0,2183,363,0,2183,0,0,0,0,0,160,120,2198,1648,0,1000,886,39.36972861157598,835.3268440029851,0,1,0,0,0,0,0,0,0.75,886,798,1002,160,0,0,0,0,0,0,8,6390,6,6015,44753,46947,7,20,0,0,0,0,0,0,0,0,BENIGN
123,4186,1,5,860,2114,860,10,860,40.749397723297804,422,0,422,44.6421676286529,710551,1433,697,861.8880454729793,4186,6,3348,3348,0,3348,0,2511,502,0,2511,0,0,0,0,0,20,100,238,1194,0,1000,495,49.7080425357063,618.036708770343,0,1,0,0,1,0,0,0,5.0,495,860,422,20,0,0,0,0,0,0,1,860,5,2114,43149,32720,0,20,0,0,0,0,0,0,0,0,BENIGN
80,2819,6,10,1311,995,218,10,218,3.2628990297268956,99,0,99,44.966851924925244,818293,5675,176,521.354417565279,2819,2,2255,375,0,2255,0,1691,169,0,1691,0,0,0,0,0,120,200,2128,3547,0,1000,144,64.19308624232383,742.2510556589436,0,0,0,0,0,0,0,0,1.67,144,218,99,120,0,0,0,0,0,0,6,1311,10,995,57102,48431,5,20,0,0,0,0,0,0,0,0,BENIGN
443,1095530,228,1,295777,21,1297,0,1297,11.37245841628825,21,0,21,48.862309155808525,270004,209,4783,527.4345835856079,1095530,3,876424,3843,0,876424,0,657318,657318,0,657318,0,0,0,0,0,4560,20,208,0,0,1500,1291,52.95168352508228,203.7467474103527,0,1,0,0,0,0,0,0,0.0,1291,1297,21,4560,0,0,0,0,0,0,228,295777,1,21,51559,49932,227,20,0,0,0,0,0,0,0,0,DDoS
123,1019,10,2,2796,153,279,10,279,14.165207041179034,76,0,76,37.23927379364799,2894936,11776,84,61.395125548111,1019,10,815,81,0,815,0,611,305,0,611,0,0,0,0,0,200,40,9813,1962,0,1000,245,67.66402743900672,206.31040505224217,0,1,0,0,0,0,0,0,0.2,245,279,76,200,0,0,0,0,0,0,10,2796,2,153,36342,65491,9,20,0,0,0,0,0,0,0,0,BENIGN
443,3667,2,5,1755,617,877,10,877,35.937089113460615,123,0,123,5.465477628323989,647121,1908,523,101.445490682596,3667,9,2934,1467,0,2934,0,2200,440,0,2200,0,0,0,0,0,40,100,545,1363,0,1000,339,99.809242319585,214.11373095374807,0,1,0,0,0,0,0,0,2.5,339,877,123,40,0,0,0,0,0,0,2,1755,5,617,56641,30652,1,20,0,0,0,0,0,0,0,0,BENIGN
80,367,10,4,4020,1669,402,10,402,21.29529092732621,417,0,417,9.994077710926947,15482847,38097,26,414.2874987407785,367,6,293,29,0,293,0,220,55,0,220,0,0,0,0,0,200,80,27212,10884,0,1000,406,97.5377288498744,642.1794074715573,0,1,0,0,1,0,0,0,0.4,406,402,417,200,0,0,0,0,0,0,10,4020,4,1669,63089,29384,9,20,0,0,0,0,0,0,0,0,BENIGN
443,4227818,216,0,228307,0,1056,0,1056,42.10926445934139,0,0,0,41.181722385468596,54001,51,19573,255.8376982931383,4227818,4,3382255,15658,0,3382255,0,2536691,0,0,2536691,0,0,0,0,0,4320,0,51,0,0,1500,1056,1.7182369923993135,153.25958100228655,0,1,0,0,0,0,0,0,0.0,1056,1056,0,4320,0,0,0,0,0,0,216,228307,0,0,49292,38132,215,20,0,0,0,0,0,0,0,0,DDoS
123,4011,5,3,3049,692,609,10,609,24.624360996799254,230,0,230,24.484744459229223,932898,1994,501,725.0620295168804,4011,5,3209,641,0,3209,0,2406,802,0,2406,0,0,0,0,0,100,60,1246,747,0,1000,467,90.99979669790426,653.9748840768736,0,1,0,0,1,0,0,0,0.6,467,609,230,100,0,0,0,0,0,0,5,3049,3,692,33237,30075,4,20,0,0,0,0,0,0,0,0,BENIGN
80,3844,3,4,2968,2490,989,10,989,32.39568612333263,622,0,622,39.08617023692546,1420058,1820,549,767.6738895948598,3844,6,3075,1025,0,3075,0,2306,576,0,2306,0,0,0,0,0,60,80,780,1040,0,1000,779,41.947145312565105,663.5783244982872,0,0,0,0,1,0,0,0,1.33,779,989,622,60,0,0,0,0,0,0,3,2968,4,2490,55451,36623,2,20,0,0,0,0,0,0,0,0,BENIGN
443,3978,8,7,5089,8353,636,10,636,2.9377701580622526,1193,0,1193,42.44417468926476,3379314,3770,265,723.5240294803914,3978,7,3182,397,0,3182,0,2386,340,0,2386,0,0,0,0,0,160,140,2011,1759,0,1000,896,71.04248000486922,657.1758554663398,0,1,0,0,1,0,0,0,0.88,896,636,1193,160,0,0,0,0,0,0,8,5089,7,8353,57601,62294,7,20,0,0,0,0,0,0,0,0,BENIGN
3306,4978145,342,3,261658,8,765,0,765,33.26801796603725,2,0,2,19.6526386476455,52563,69,14429,778.2075886405111,4978145,10,3982516,11644,0,3982516,0,2986887,995629,0,2986887,0,0,0,0,0,6840,60,68,0,0,1500,758,80.69563268461614,652.099558779486,0,1,0,0,0,0,0,0,0.01,758,765,2,6840,0,0,0,0,0,0,342,261658,3,8,30532,41971,341,20,0,0,0,0,0,0,0,0,DDoS
53,32,9,3,3023,3496,335,10,335,17.264285398648347,1165,0,1165,39.708471056608715,200022595,368161,2,304.6287990959543,32,10,26,2,0,26,0,19,6,0,19,0,0,0,0,0,180,60,276121,92040,0,1000,543,17.125519765623732,35.915911098695744,0,1,0,0,0,0,0,0,0.33,543,335,1165,180,0,0,0,0,0,0,9,3023,3,3496,43960,38327,8,20,0,0,0,0,0,0,0,0,BENIGN
22,2807,6,6,3212,6627,535,10,535,4.347648572141577,1104,0,1104,35.33409572632668,3504811,4274,233,994.1040251372975,2807,9,2246,374,0,2246,0,1684,280,0,1684,0,0,0,0,0,120,120,2137,2137,0,1000,820,95.70416472054258,57.49515024115637,0,0,0,0,1,0,0,0,1.0,820,535,1104,120,0,0,0,0,0,0,6,3212,6,6627,34973,62063,5,20,0,0,0,0,0,0,0,0,BENIGN
22,1697,9,6,405,2222,45,10,45,10.6677669345429,370,0,370,34.59483470475428,1548037,8838,113,995.3166306167459,1697,6,1357,150,0,1357,0,1018,169,0,1018,0,0,0,0,0,180,120,5302,3535,0,1000,175,84.29772207254582,743.6198479855861,0,1,0,0,1,0,0,0,0.67,175,45,370,180,0,0,0,0,0,0,9,405,6,2222,61958,39377,8,20,0,0,0,0,0,0,0,0,BENIGN
80,4878,2,9,459,9797,229,10,229,32.51612657569007,1088,0,1088,14.84722701417478,2102527,2254,443,98.16766499046781,4878,8,3902,1951,0,3902,0,2927,325,0,2927,0,0,0,0,0,40,180,409,1844,0,1000,932,92.87417005290389,740.4266634402571,0,1,0,0,0,0,0,0,4.5,932,229,1088,40,0,0,0,0,0,0,2,459,9,9797,42484,37175,1,20,0,0,0,0,0,0,0,0,BENIGN
80,3157476,498,5,279215,69,560,0,560,18.00503665251178,13,0,13,21.53399196486367,88452,159,6277,296.2712789203792,3157476,7,2525980,5072,0,2525980,0,1894485,378897,0,1894485,0,0,0,0,0,9960,100,157,1,0,1500,555,62.45981455545218,346.77691293918735,0,1,0,0,0,0,0,0,0.01,555,560,13,9960,0,0,0,0,0,0,498,279215,5,69,56386,48188,497,20,0,0,0,0,0,0,0,0,DDoS
443,1338,10,3,1714,1590,171,10,171,0.8606052480952475,530,0,530,24.413723124699082,2470024,9714,102,101.8958535139205,1338,7,1070,107,0,1070,0,802,267,0,802,0,0,0,0,0,200,60,7473,2241,0,1000,254,17.14135096995545,599.5711555528062,0,1,0,0,1,0,0,0,0.3,254,171,530,200,0,0,0,0,0,0,10,1714,3,1590,31378,42155,9,20,0,0,0,0,0,0,0,0,BENIGN
443,2346,1,11,364,1627,364,10,364,24.177115846376584,147,0,147,21.463588710697003,848906,5114,195,939.4653046489541,2346,8,1877,1877,0,1877,0,1407,127,0,1407,0,0,0,0,0,20,220,426,4687,0,1000,165,11.26552645415887,475.28476216048875,0,0,0,0,1,0,0,0,11.0,165,364,147,20,0,0,0,0,0,0,1,364,11,1627,54441,50867,0,20,0,0,0,0,0,0,0,0,BENIGN
80,1680,5,12,4634,11304,926,10,926,31.89089299193626,942,0,942,46.83873179263755,9483751,10114,98,773.2287965470721,1680,10,1344,268,0,1344,0,1008,84,0,1008,0,0,0,0,0,100,240,2974,7139,0,1000,937,58.66000243835733,902.1112838133625,0,1,0,0,0,0,0,0,2.4,937,926,942,100,0,0,0,0,0,0,5,4634,12,11304,48123,53211,4,20,0,0,0,0,0,0,0,0,BENIGN
80,4505,7,1,6603,316,943,10,943,2.3776148587110466,316,0,316,35.0753733416083,1535700,1775,563,818.3908252669864,4505,9,3604,514,0,3604,0,2703,2703,0,2703,0,0,0,0,0,140,20,1553,221,0,1000,864,84.98032646049765,255.33258782329304,0,0,0,0,0,0,0,0,0.14,864,943,316,140,0,0,0,0,0,0,7,6603,1,316,63262,50942,6,20,0,0,0,0,0,0,0,0,BENIGN
123,414,3,9,2269,7035,756,10,756,9.396547117997327,781,0,781,38.88450922625001,22443415,28944,34,506.8796913482173,414,3,331,110,0,331,0,248,27,0,248,0,0,0,0,0,60,180,7236,21708,0,1000,775,41.87404803304658,401.64488645655007,0,1,0,0,1,0,0,0,3.0,775,756,781,60,0,0,0,0,0,0,3,2269,9,7035,34718,37638,2,20,0,0,0,0,0,0,0,0,BENIGN
21395,119,2,1,0,0,0,0,0,46.49795865635865,0,0,0,28.230900093757942,0,25166,39,69.10088917102463,119,1,95,47,0,95,0,71,71,0,71,0,0,0,0,0,40,20,16777,8388,0,1000,0,91.09355640728491,42.43488063614975,0,1,0,0,0,0,0,0,0.5,0,0,0,40,0,0,0,0,0,0,2,0,1,0,63194,30861,1,20,0,0,0,0,0,0,0,0,PortScan
53,3825,7,5,3886,5242,555,10,555,46.87423097594331,1048,0,1048,17.017759168205025,2386024,3136,318,38.47904893796883,3825,1,3060,437,0,3060,0,2295,459,0,2295,0,0,0,0,0,140,100,1829,1306,0,1000,760,17.866322035356063,224.6161108822253,0,1,0,0,0,0,0,0,0.71,760,555,1048,140,0,0,0,0,0,0,7,3886,5,5242,52246,65307,6,20,0,0,0,0,0,0,0,0,BENIGN
80,3419,9,7,4682,5182,520,10,520,33.282885403568926,740,0,740,20.083122537046123,2884847,4679,213,578.6173651580878,3419,10,2735,303,0,2735,0,2051,293,0,2051,0,0,0,0,0,180,140,2631,2047,0,1000,616,7.575976107139926,372.07942775040084,0,0,0,0,0,0,0,0,0.78,616,520,740,180,0,0,0,0,0,0,9,4682,7,5182,29641,39872,8,20,0,0,0,0,0,0,0,0,BENIGN
80,4600,6,7,501,3530,83,10,83,5.229880720105617,504,0,504,46.97517161580425,876377,2825,353,789.3661585673602,4600,8,3680,613,0,3680,0,2760,394,0,2760,0,0,0,0,0,120,140,1304,1521,0,1000,310,40.32767410510761,598.2984985109724,0,1,0,0,1,0,0,0,1.17,310,83,504,120,0,0,0,0,0,0,6,501,7,3530,39952,54297,5,20,0,0,0,0,0,0,0,0,BENIGN
80,365,2,9,1217,8106,608,10,608,46.78821080330126,900,0,900,37.820522245743774,25529645,30119,33,801.4351426199108,365,8,292,146,0,292,0,219,24,0,219,0,0,0,0,0,40,180,5476,24643,0,1000,847,41.293376858329054,493.11262316468463,0,1,0,0,0,0,0,0,4.5,847,608,900,40,0,0,0,0,0,0,2,1217,9,8106,42642,62036,1,20,0,0,0,0,0,0,0,0,BENIGN
123,4057,2,7,748,4149,374,10,374,22.304190697509167,592,0,592,13.430192061335521,1207209,2218,450,629.7271435155893,4057,9,3245,1622,0,3245,0,2434,347,0,2434,0,0,0,0,0,40,140,492,1725,0,1000,544,54.732515577863374,69.48516943311944,0,0,0,0,1,0,0,0,3.5,544,374,592,40,0,0,0,0,0,0,2,748,7,4149,54576,63735,1,20,0,0,0,0,0,0,0,0,BENIGN
80,2523,4,4,2912,3068,728,10,728,16.409677689964642,767,0,767,9.767354050981142,2370302,3169,315,426.54773827825034,2523,8,2018,504,0,2018,0,1514,378,0,1514,0,0,0,0,0,80,80,1584,1584,0,1000,747,59.3523864102516,446.947435787752,0,1,0,0,0,0,0,0,1.0,747,728,767,80,0,0,0,0,0,0,4,2912,4,3068,34898,60743,3,20,0,0,0,0,0,0,0,0,BENIGN
41589,29,2,0,0,0,0,0,0,0.0924634372091504,0,0,0,36.55627076426554,0,67384,14,694.3515103248843,29,10,23,11,0,23,0,17,0,0,17,0,0,0,0,0,40,0,67384,0,0,1000,0,10.822352406325786,773.936358277236,0,1,0,0,0,0,0,0,0.0,0,0,0,40,0,0,0,0,0,0,2,0,0,0,55061,59773,1,20,0,0,0,0,0,0,0,0,PortScan
40664,30,1,0,0,0,0,0,0,4.859288182450211,0,0,0,17.564801232881056,0,32827,30,44.72134066351086,30,10,24,24,0,24,0,18,0,0,18,0,0,0,0,0,20,0,32827,0,0,1000,0,56.76738481718239,860.3552187071298,0,1,0,0,0,0,0,0,0.0,0,0,0,20,0,0,0,0,0,0,1,0,0,0,38645,44607,0,20,0,0,0,0,0,0,0,0,PortScan
22,107,5,1,2904,123,580,10,580,37.55580542300769,123,0,123,47.27830026399852,28281068,56028,17,338.1482586553731,107,8,85,17,0,85,0,64,64,0,64,0,0,0,0,0,100,20,46690,9338,0,1000,504,42.24439288938152,823.8530285335361,0,0,0,0,0,0,0,0,0.2,504,580,123,100,0,0,0,0,0,0,5,2904,1,123,61038,41130,4,20,0,0,0,0,0,0,0,0,BENIGN
123,2330,9,9,4721,4345,524,10,524,10.007141568566963,482,0,482,20.323147808849956,3890520,7723,129,214.27287137675955,2330,2,1864,207,0,1864,0,1398,155,0,1398,0,0,0,0,0,180,180,3861,3861,0,1000,503,45.505855057878755,62.74302394461439,0,0,0,0,1,0,0,0,1.0,503,524,482,180,0,0,0,0,0,0,9,4721,9,4345,34571,37336,8,20,0,0,0,0,0,0,0,0,BENIGN
80,2741,5,3,1964,2151,392,10,392,2.106216930393634,717,0,717,25.450769879129272,1501188,2917,342,860.9021866273082,2741,7,2193,438,0,2193,0,1644,548,0,1644,0,0,0,0,0,100,60,1823,1094,0,1000,514,64.4904439976665,624.9158557444716,0,0,0,0,0,0,0,0,0.6,514,392,717,100,0,0,0,0,0,0,5,1964,3,2151,44324,38109,4,20,0,0,0,0,0,0,0,0,BENIGN
443,1440,1,9,614,1279,614,10,614,47.37117349988404,142,0,142,33.306103199210575,1315107,6942,144,376.0094616892369,1440,9,1152,1152,0,1152,0,864,96,0,864,0,0,0,0,0,20,180,694,6247,0,1000,189,49.123275158485924,384.7733223713768,0,1,0,0,0,0,0,0,9.0,189,614,142,20,0,0,0,0,0,0,1,614,9,1279,58883,45364,0,20,0,0,0,0,0,0,0,0,BENIGN
53,4312,7,11,5660,9321,808,10,808,7.443747207283486,847,0,847,44.85738349123896,3474446,4174,239,785.4163949162593,4312,7,3449,492,0,3449,0,2587,235,0,2587,0,0,0,0,0,140,220,1623,2550,0,1000,832,23.36809150542205,489.06702880343255,0,1,0,0,0,0,0,0,1.57,832,808,847,140,0,0,0,0,0,0,7,5660,11,9321,56910,53019,6,20,0,0,0,0,0,0,0,0,BENIGN
123,503,8,8,559,9008,69,10,69,25.083833339825865,1126,0,1126,38.99799986543499,19018706,31801,31,825.706859743413,503,6,402,50,0,402,0,301,37,0,301,0,0,0,0,0,160,160,15900,15900,0,1000,598,92.06777015327305,731.2509761318494,0,1,0,0,0,0,0,0,1.0,598,69,1126,160,0,0,0,0,0,0,8,559,8,9008,53266,36583,7,20,0,0,0,0,0,0,0,0,BENIGN
59832,111,2,0,0,0,0,0,0,5.442886908257205,0,0,0,24.35933580025238,0,17890,55,388.2072578552704,111,2,89,44,0,89,0,67,0,0,67,0,0,0,0,0,40,0,17890,0,0,1000,0,95.43581624638294,829.767016071076,0,1,0,0,0,0,0,0,0.0,0,0,0,40,0,0,0,0,0,0,2,0,0,0,63788,35629,1,20,0,0,0,0,0,0,0,0,PortScan
53,1924,4,7,1303,2616,325,10,325,12.893675069253636,373,0,373,2.2736152126642537,2037202,5717,174,694.3236592579477,1924,5,1539,384,0,1539,0,1154,164,0,1154,0,0,0,0,0,80,140,2078,3638,0,1000,356,26.456747134788827,606.4433510794545,0,1,0,0,1,0,0,0,1.75,356,325,373,80,0,0,0,0,0,0,4,1303,7,2616,37991,52556,3,20,0,0,0,0,0,0,0,0,BENIGN
53,337,9,11,4407,2248,489,10,489,5.325868029629527,204,0,204,19.325528401326515,19721790,59262,16,114.79585795883351,337,6,269,29,0,269,0,202,18,0,202,0,0,0,0,0,180,220,26668,32594,0,1000,332,71.00507561838705,391.3459364052675,0,0,0,0,1,0,0,0,1.22,332,489,204,180,0,0,0,0,0,0,9,4407,11,2248,47635,51891,8,20,0,0,0,0,0,0,0,0,BENIGN
443,893,4,11,606,6751,151,10,151,42.536639860683565,613,0,613,38.01075318459163,8235155,16789,59,452.23883296196124,893,4,714,178,0,714,0,536,48,0,536,0,0,0,0,0,80,220,4477,12312,0,1000,490,1.4668067288701514,502.95413101078026,0,0,0,0,1,0,0,0,2.75,490,151,613,80,0,0,0,0,0,0,4,606,11,6751,39088,52391,3,20,0,0,0,0,0,0,0,0,BENIGN
123,2941,4,3,1439,2593,359,10,359,12.422562456449743,864,0,864,20.93637370442778,1370830,2379,420,972.7121112681407,2941,3,2353,588,0,2353,0,1765,588,0,1765,0,0,0,0,0,80,60,1359,1019,0,1000,576,51.42721143673388,461.1707038995059,0,1,0,0,1,0,0,0,0.75,576,359,864,80,0,0,0,0,0,0,4,1439,3,2593,30851,32920,3,20,0,0,0,0,0,0,0,0,BENIGN
80,1996,8,8,2171,6871,271,10,271,11.704419699971641,858,0,858,20.50644368925272,4530248,8015,124,244.94295795382337,1996,2,1596,199,0,1596,0,1197,149,0,1197,0,0,0,0,0,160,160,4007,4007,0,1000,565,56.78480137496194,117.70783907348759,0,1,0,0,1,0,0,0,1.0,565,271,858,160,0,0,0,0,0,0,8,2171,8,6871,53111,56565,7,20,0,0,0,0,0,0,0,0,BENIGN
443,641,10,7,9127,364,912,10,912,19.23513286297081,52,0,52,21.31688005513001,14803734,26512,37,372.60949398346435,641,1,512,51,0,512,0,384,54,0,384,0,0,0,0,0,200,140,15595,10916,0,1000,558,13.324759890199168,891.9569939810201,0,1,0,0,0,0,0,0,0.7,558,912,52,200,0,0,0,0,0,0,10,9127,7,364,51251,46494,9,20,0,0,0,0,0,0,0,0,BENIGN
3306,4082343,223,1,150304,41,674,0,674,17.473608046692213,41,0,41,3.4241680375450168,36828,54,18224,974.1088799268342,4082343,1,3265875,14645,0,3265875,0,2449406,2449406,0,2449406,0,0,0,0,0,4460,20,54,0,0,1500,671,75.06668825257769,797.7402220034157,0,1,0,0,0,0,0,0,0.0,671,674,41,4460,0,0,0,0,0,0,223,150304,1,41,32612,29305,222,20,0,0,0,0,0,0,0,0,DDoS
443,4822,3,9,905,6270,301,10,301,39.43569933775969,696,0,696,12.914336092093215,1488116,2488,401,956.8472070307819,4822,9,3858,1286,0,3858,0,2893,321,0,2893,0,0,0,0,0,60,180,622,1866,0,1000,598,73.25846134295628,431.7506590456486,0,0,0,0,1,0,0,0,3.0,598,301,696,60,0,0,0,0,0,0,3,905,9,6270,31251,41849,2,20,0,0,0,0,0,0,0,0,BENIGN
63094,88,1,0,0,0,0,0,0,10.649867204049718,0,0,0,48.4440837417668,0,11355,88,351.13083394366197,88,1,70,70,0,70,0,52,0,0,52,0,0,0,0,0,20,0,11355,0,0,1000,0,16.436479999048014,742.1509377195789,0,1,0,0,0,0,0,0,0.0,0,0,0,20,0,0,0,0,0,0,1,0,0,0,49641,49278,0,20,0,0,0,0,0,0,0,0,PortScan
123,2675,5,5,1938,2774,387,10,387,13.35168224989634,554,0,554,23.84909559063629,1761392,3737,267,449.86869214497574,2675,10,2140,428,0,2140,0,1605,321,0,1605,0,0,0,0,0,100,100,1868,1868,0,1000,471,87.22453530315161,753.416938143223,0,1,0,0,0,0,0,0,1.0,471,387,554,100,0,0,0,0,0,0,5,1938,5,2774,57483,56830,4,20,0,0,0,0,0,0,0,0,BENIGN
53,1519,8,1,1140,615,142,10,142,16.034074190129388,615,0,615,25.07537171302537,1155549,5923,168,658.8247931772612,1519,6,1215,151,0,1215,0,911,911,0,911,0,0,0,0,0,160,20,5265,658,0,1000,195,47.8427118337491,432.7599453539451,0,0,0,0,1,0,0,0,0.12,195,142,615,160,0,0,0,0,0,0,8,1140,1,615,40342,46047,7,20,0,0,0,0,0,0,0,0,BENIGN
80,2547,3,10,594,815,198,10,198,0.7158855432602973,81,0,81,4.403030173061772,553587,5103,195,533.4498210231308,2547,2,2037,679,0,2037,0,1528,152,0,1528,0,0,0,0,0,60,200,1177,3925,0,1000,108,29.85713729230094,445.43035784151886,0,1,0,0,0,0,0,0,3.33,108,198,81,60,0,0,0,0,0,0,3,594,10,815,40165,47464,2,20,0,0,0,0,0,0,0,0,BENIGN
123,4505,4,9,3948,7909,987,10,987,37.10723213070601,878,0,878,31.285901044027813,2632118,2885,346,274.3149558603151,4505,5,3604,901,0,3604,0,2703,300,0,2703,0,0,0,0,0,80,180,887,1997,0,1000,912,72.7345758680528,687.9510943165442,0,1,0,0,1,0,0,0,2.25,912,987,878,80,0,0,0,0,0,0,4,3948,9,7909,52126,43296,3,20,0,0,0,0,0,0,0,0,BENIGN
22,439,2,1,1624,770,812,10,812,4.80161926129285,770,0,770,44.51927641178207,5449410,6824,146,600.53316044865,439,5,351,175,0,351,0,263,263,0,263,0,0,0,0,0,40,20,4549,2274,0,1000,798,97.51782780098843,258.3754796933649,0,1,0,0,1,0,0,0,0.5,798,812,770,40,0,0,0,0,0,0,2,1624,1,770,55804,57521,1,20,0,0,0,0,0,0,0,0,BENIGN
22,93,8,3,4153,2156,519,10,519,27.15798446378957,718,0,718,13.905508243692433,67682369,117999,8,225.60401982847412,93,2,74,9,0,74,0,55,18,0,55,0,0,0,0,0,160,60,85817,32181,0,1000,573,54.98336470357192,250.6487629367634,0,1,0,0,1,0,0,0,0.38,573,519,718,160,0,0,0,0,0,0,8,4153,3,2156,42964,37976,7,20,0,0,0,0,0,0,0,0,BENIGN
80,4010497,377,2,231537,2,614,0,614,40.75076547535944,1,0,1,25.298018671414056,57733,94,10581,556.5865478806315,4010497,2,3208398,8510,0,3208398,0,2406298,1203149,0,2406298,0,0,0,0,0,7540,40,94,0,0,1500,610,83.57516528045957,490.3843055363213,0,1,0,0,0,0,0,0,0.01,610,614,1,7540,0,0,0,0,0,0,377,231537,2,2,57981,46911,376,20,0,0,0,0,0,0,0,0,DDoS
443,3569,3,1,1634,517,544,10,544,12.302573414033164,517,0,517,26.136279685170237,602685,1120,892,994.8410813865517,3569,7,2855,951,0,2855,0,2141,2141,0,2141,0,0,0,0,0,60,20,840,280,0,1000,537,21.538360830098412,109.06466846548635,0,1,0,0,0,0,0,0,0.33,537,544,517,60,0,0,0,0,0,0,3,1634,1,517,34794,57735,2,20,0,0,0,0,0,0,0,0,BENIGN
22,3983,9,10,2291,533,254,10,254,39.465282199521354,53,0,53,0.7328495855931483,709101,4769,209,641.9939763700304,3983,9,3186,354,0,3186,0,2390,239,0,2390,0,0,0,0,0,180,200,2259,2510,0,1000,148,40.29369041692623,109.54389876975468,0,1,0,0,1,0,0,0,1.11,148,254,53,180,0,0,0,0,0,0,9,2291,10,533,36750,63640,8,20,0,0,0,0,0,0,0,0,BENIGN
123,3197,7,5,4586,2654,655,10,655,3.1922335892055287,530,0,530,5.811584086184346,2264238,3752,266,831.8319468199527,3197,9,2558,365,0,2558,0,1918,383,0,1918,0,0,0,0,0,140,100,2188,1563,0,1000,603,67.6742913466484,198.98657612262062,0,1,0,0,0,0,0,0,0.71,603,655,530,140,0,0,0,0,0,0,7,4586,5,2654,63953,58417,6,20,0,0,0,0,0,0,0,0,BENIGN
80,681,5,2,4830,451,966,10,966,15.85504437479362,225,0,225,12.94737741677801,7749428,10269,97,190.99117385886044,681,6,545,109,0,545,0,408,204,0,408,0,0,0,0,0,100,40,7335,2934,0,1000,754,39.35736260066759,844.9300115100943,0,0,0,0,1,0,0,0,0.4,754,966,225,100,0,0,0,0,0,0,5,4830,2,451,38763,51447,4,20,0,0,0,0,0,0,0,0,BENIGN
123,1131,3,2,602,1777,200,10,200,34.755634900608435,888,0,888,18.819595208514784,2103661,4419,226,582.5485263775782,1131,9,905,301,0,905,0,678,339,0,678,0,0,0,0,0,60,40,2651,1767,0,1000,476,79.49991897913326,446.82154161180966,0,0,0,0,0,0,0,0,0.67,476,200,888,60,0,0,0,0,0,0,3,602,2,1777,54593,45991,2,20,0,0,0,0,0,0,0,0,BENIGN
443,1367,9,5,433,3350,48,10,48,9.523410603849602,670,0,670,44.52476998366863,2766422,10234,97,353.08382706632744,1367,1,1094,121,0,1094,0,820,164,0,820,0,0,0,0,0,180,100,6579,3655,0,1000,270,79.38482965219428,285.25271757774874,0,1,0,0,1,0,0,0,0.56,270,48,670,180,0,0,0,0,0,0,9,433,5,3350,32088,56964,8,20,0,0,0,0,0,0,0,0,BENIGN
80,488,4,8,1099,7716,274,10,274,4.44992019760484,964,0,964,45.341191477380136,18033781,24547,40,909.3116750611975,488,1,391,97,0,391,0,293,36,0,293,0,0,0,0,0,80,160,8182,16365,0,1000,734,17.746215723008994,135.26361472059133,0,0,0,0,1,0,0,0,2.0,734,274,964,80,0,0,0,0,0,0,4,1099,8,7716,43816,52012,3,20,0,0,0,0,0,0,0,0,BENIGN
8080,4787074,153,4,201283,13,1315,0,1315,28.38710513145261,3,0,3,42.42095452028384,42050,32,30490,220.20840266216302,4787074,4,3829659,25030,0,3829659,0,2872244,718061,0,2872244,0,0,0,0,0,3060,80,31,0,0,1500,1282,45.02990172049969,101.8148939842759,0,1,0,0,0,0,0,0,0.03,1282,1315,3,3060,0,0,0,0,0,0,153,201283,4,13,33489,42371,152,20,0,0,0,0,0,0,0,0,DDoS
53,44,6,1,5128,101,854,10,854,1.5879675348415,101,0,101,31.638803996873825,117826967,157705,6,542.0571955855235,44,8,35,5,0,35,0,26,26,0,26,0,0,0,0,0,120,20,135176,22529,0,1000,747,49.48970756331389,374.91502420987,0,0,0,0,0,0,0,0,0.17,747,854,101,120,0,0,0,0,0,0,6,5128,1,101,64815,40102,5,20,0,0,0,0,0,0,0,0,BENIGN
80,4110,10,10,6472,10053,647,10,647,31.129123919329555,1005,0,1005,35.462263627105465,4020328,4865,205,673.6482221606277,4110,5,3288,328,0,3288,0,2466,246,0,2466,0,0,0,0,0,200,200,2432,2432,0,1000,826,99.40643291592612,272.3236375556048,0,0,0,0,1,0,0,0,1.0,826,647,1005,200,0,0,0,0,0,0,10,6472,10,10053,64285,40653,9,20,0,0,0,0,0,0,0,0,BENIGN
443,3005,8,3,910,2918,113,10,113,12.403494047983504,972,0,972,6.093920986476059,1274002,3660,273,935.5847552252549,3005,5,2404,300,0,2404,0,1803,601,0,1803,0,0,0,0,0,160,60,2662,998,0,1000,348,18.1484430941535,854.5618071524634,0,0,0,0,0,0,0,0,0.38,348,113,972,160,0,0,0,0,0,0,8,910,3,2918,37830,29963,7,20,0,0,0,0,0,0,0,0,BENIGN
53,3303,7,3,6301,2477,900,10,900,45.49271700771268,825,0,825,10.473034206208087,2657018,3026,330,6.897751834024968,3303,10,2643,377,0,2643,0,1982,660,0,1982,0,0,0,0,0,140,60,2118,908,0,1000,877,13.04021674866459,237.38048064069417,0,1,0,0,1,0,0,0,0.43,877,900,825,140,0,0,0,0,0,0,7,6301,3,2477,52184,56596,6,20,0,0,0,0,0,0,0,0,BENIGN
443,2313,6,9,245,8671,40,10,40,31.54309672175707,963,0,963,10.375434281897439,3854037,6483,154,181.2420124875207,2313,4,1850,308,0,1850,0,1388,154,0,1388,0,0,0,0,0,120,180,2593,3889,0,1000,594,17.300721790214745,263.47166111768126,0,1,0,0,1,0,0,0,1.5,594,40,963,120,0,0,0,0,0,0,6,245,9,8671,52539,49938,5,20,0,0,0,0,0,0,0,0,BENIGN
443,145,4,8,3988,8173,997,10,997,17.343985071791433,1021,0,1021,1.750477087344321,83789823,82669,12,809.9268112346076,145,4,116,29,0,116,0,87,10,0,87,0,0,0,0,0,80,160,27556,55112,0,1000,1013,98.96988678657958,689.2266435499326,0,0,0,0,1,0,0,0,2.0,1013,997,1021,80,0,0,0,0,0,0,4,3988,8,8173,33019,33159,3,20,0,0,0,0,0,0,0,0,BENIGN
443,3833,8,1,2250,225,281,10,281,32.891874362135866,225,0,225,11.572760494004285,645952,2347,425,647.8919357883631,3833,9,3066,383,0,3066,0,2300,2300,0,2300,0,0,0,0,0,160,20,2086,260,0,1000,275,58.093347601419566,258.77879647838097,0,0,0,0,0,0,0,0,0.12,275,281,225,160,0,0,0,0,0,0,8,2250,1,225,44489,62348,7,20,0,0,0,0,0,0,0,0,BENIGN
6900,153,1,1,0,0,0,0,0,40.657320858203825,0,0,0,33.683112908610745,0,12992,76,718.8239157311867,153,6,123,123,0,123,0,92,92,0,92,0,0,0,0,0,20,20,6496,6496,0,1000,0,79.18187337415957,677.780748754935,0,1,0,0,0,0,0,0,1.0,0,0,0,20,0,0,0,0,0,0,1,0,1,0,55007,47951,0,20,0,0,0,0,0,0,0,0,PortScan
123,3468,1,6,872,7010,872,10,872,17.2968085486915,1168,0,1168,32.038640897324356,2272864,2018,495,853.2826151494553,3468,8,2774,2774,0,2774,0,2080,346,0,2080,0,0,0,0,0,20,120,288,1730,0,1000,1126,10.60195977279259,858.043696690808,0,1,0,0,0,0,0,0,6.0,1126,872,1168,20,0,0,0,0,0,0,1,872,6,7010,36952,42336,0,20,0,0,0,0,0,0,0,0,BENIGN
80,316618,214,1,97091,21,453,0,453,33.633506584014185,21,0,21,3.598540537020667,306717,679,1472,372.86789788721467,316618,3,253294,1183,0,253294,0,189971,189971,0,189971,0,0,0,0,0,4280,20,675,3,0,1500,451,60.552398146623155,136.03248426199278,0,1,0,0,0,0,0,0,0.0,451,453,21,4280,0,0,0,0,0,0,214,97091,1,21,57319,38720,213,20,0,0,0,0,0,0,0,0,DDoS
53,2846,1,7,923,348,923,10,923,29.281127839394262,49,0,49,15.681240758909038,446762,2810,355,758.9797529719372,2846,10,2277,2277,0,2277,0,1707,243,0,1707,0,0,0,0,0,20,140,351,2459,0,1000,158,71.65381126536245,312.9749768742619,0,0,0,0,1,0,0,0,7.0,158,923,49,20,0,0,0,0,0,0,1,923,7,348,37136,46073,0,20,0,0,0,0,0,0,0,0,BENIGN
443,3210,10,3,5099,1095,509,10,509,34.744936042117935,365,0,365,42.37410858154945,1929734,4049,246,724.4019479937883,3210,4,2568,256,0,2568,0,1926,642,0,1926,0,0,0,0,0,200,60,3114,934,0,1000,476,49.03600934146577,776.2596233057897,0,0,0,0,1,0,0,0,0.3,476,509,365,200,0,0,0,0,0,0,10,5099,3,1095,58839,44180,9,20,0,0,0,0,0,0,0,0,BENIGN
80,4788,9,5,8805,5065,978,10,978,6.8858724316256446,1013,0,1013,36.3274610333359,2896501,2923,342,237.08522515301155,4788,9,3831,425,0,3831,0,2873,574,0,2873,0,0,0,0,0,180,100,1879,1044,0,1000,990,43.30874734136211,543.165887792419,0,0,0,0,0,0,0,0,0.56,990,978,1013,180,0,0,0,0,0,0,9,8805,5,5065,60939,51743,8,20,0,0,0,0,0,0,0,0,BENIGN
8080,173343,475,4,579675,180,1220,0,1220,47.679680219171914,45,0,45,36.412578367396165,3345119,2763,361,751.8071754925652,173343,2,138675,291,0,138675,0,104006,26001,0,104006,0,0,0,0,0,9500,80,2740,23,0,1500,1210,84.29752872729125,938.7996447462076,0,1,0,0,0,0,0,0,0.01,1210,1220,45,9500,0,0,0,0,0,0,475,579675,4,180,54016,54784,474,20,0,0,0,0,0,0,0,0,DDoS
61412,125,1,0,0,0,0,0,0,5.1848248103956385,0,0,0,20.73504834689518,0,7992,125,342.4305766304012,125,6,100,100,0,100,0,75,0,0,75,0,0,0,0,0,20,0,7992,0,0,1000,0,1.8142601746786058,113.32069790930122,0,1,0,0,0,0,0,0,0.0,0,0,0,20,0,0,0,0,0,0,1,0,0,0,53080,36936,0,20,0,0,0,0,0,0,0,0,PortScan
123,4972,4,3,3307,1960,826,10,826,10.035861342748376,653,0,653,37.137691492541606,1059691,1407,710,51.42571900104909,4972,7,3977,994,0,3977,0,2983,994,0,2983,0,0,0,0,0,80,60,804,603,0,1000,752,95.52912742994317,504.07435756361974,0,1,0,0,0,0,0,0,0.75,752,826,653,80,0,0,0,0,0,0,4,3307,3,1960,49853,36363,3,20,0,0,0,0,0,0,0,0,BENIGN
8080,1430142,495,0,690730,0,1395,0,1395,38.97864291782322,0,0,0,2.6365365309519326,482980,346,2889,285.93671714888734,1430142,2,1144113,2311,0,1144113,0,858085,0,0,858085,0,0,0,0,0,9900,0,346,0,0,1500,1395,46.59423056491706,151.17646583190412,0,1,0,0,0,0,0,0,0.0,1395,1395,0,9900,0,0,0,0,0,0,495,690730,0,0,33855,52887,494,20,0,0,0,0,0,0,0,0,DDoS
80,4384,3,10,2713,11574,904,10,904,46.66775890897867,1157,0,1157,14.496172279570219,3258663,2965,337,161.14296910577374,4384,3,3507,1169,0,3507,0,2630,263,0,2630,0,0,0,0,0,60,200,684,2280,0,1000,1099,24.921168790838543,747.1408269258061,0,0,0,0,1,0,0,0,3.33,1099,904,1157,60,0,0,0,0,0,0,3,2713,10,11574,39643,37777,2,20,0,0,0,0,0,0,0,0,BENIGN
22,3765,8,9,1875,1577,234,10,234,44.500754906396814,175,0,175,23.44283045071257,916988,4514,221,408.0884853281309,3765,4,3012,376,0,3012,0,2259,251,0,2259,0,0,0,0,0,160,180,2124,2390,0,1000,203,51.891881136844056,489.06046592706264,0,0,0,0,0,0,0,0,1.12,203,234,175,160,0,0,0,0,0,0,8,1875,9,1577,43216,62009,7,20,0,0,0,0,0,0,0,0,BENIGN
22,4382,4,1,1879,131,469,10,469,32.877108939158575,131,0,131,21.921790297572237,458952,1140,876,649.1252985057547,4382,8,3505,876,0,3505,0,2629,2629,0,2629,0,0,0,0,0,80,20,912,228,0,1000,402,76.12526518210935,281.6203876974419,0,1,0,0,0,0,0,0,0.25,402,469,131,80,0,0,0,0,0,0,4,1879,1,131,32959,51709,3,20,0,0,0,0,0,0,0,0,BENIGN
3306,4777814,255,3,31073,124,121,0,121,22.73559750827913,41,0,41,13.303109217398212,6529,53,18518,852.9032751233858,4777814,10,3822251,14989,0,3822251,0,2866688,955562,0,2866688,0,0,0,0,0,5100,60,53,0,0,1500,120,2.299208371890471,421.0679648154264,0,1,0,0,0,0,0,0,0.01,120,121,41,5100,0,0,0,0,0,0,255,31073,3,124,63570,52397,254,20,0,0,0,0,0,0,0,0,DDoS
53,184,7,2,6081,1917,868,10,868,22.392857372070264,958,0,958,3.6499344243645924,43252161,48667,20,253.77462802468065,184,8,147,21,0,147,0,110,55,0,110,0,0,0,0,0,140,40,37852,10815,0,1000,888,11.296658276258054,604.1479448270296,0,1,0,0,1,0,0,0,0.29,888,868,958,140,0,0,0,0,0,0,7,6081,2,1917,52023,52962,6,20,0,0,0,0,0,0,0,0,BENIGN
80,352887,308,2,244806,58,794,0,794,9.757332275766162,29,0,29,14.916189816561909,693890,878,1138,123.6991047473096,352887,2,282310,916,0,282310,0,211732,105866,0,211732,0,0,0,0,0,6160,40,872,5,0,1500,789,70.38033700679924,389.91882203615256,0,1,0,0,0,0,0,0,0.01,789,794,29,6160,0,0,0,0,0,0,308,244806,2,58,57532,38270,307,20,0,0,0,0,0,0,0,0,DDoS
22,3892,2,1,244,987,122,10,122,11.541452344998133,987,0,987,44.53359695991691,316476,770,1297,106.42784467813615,3892,7,3113,1556,0,3113,0,2335,2335,0,2335,0,0,0,0,0,40,20,513,256,0,1000,410,61.56422863309987,554.3913008823802,0,0,0,0,0,0,0,0,0.5,410,122,987,40,0,0,0,0,0,0,2,244,1,987,65307,55676,1,20,0,0,0,0,0,0,0,0,BENIGN
123,1947,8,5,836,892,104,10,104,48.35243265817334,178,0,178,15.205351808755607,887928,6675,149,774.2504035416229,1947,3,1558,194,0,1558,0,1168,233,0,1168,0,0,0,0,0,160,100,4107,2567,0,1000,133,43.05490522925829,310.2345765330071,0,1,0,0,1,0,0,0,0.62,133,104,178,160,0,0,0,0,0,0,8,836,5,892,36901,36159,7,20,0,0,0,0,0,0,0,0,BENIGN
53,2218,8,6,7405,283,925,10,925,34.07573929779153,47,0,47,9.828173272069456,3465416,6309,158,319.860358603009,2218,2,1775,221,0,1775,0,1331,221,0,1331,0,0,0,0,0,160,120,3605,2704,0,1000,549,74.314456069078,900.4791347834965,0,0,0,0,0,0,0,0,0.75,549,925,47,160,0,0,0,0,0,0,8,7405,6,283,61160,41339,7,20,0,0,0,0,0,0,0,0,BENIGN
53,3359,4,12,3076,8151,769,10,769,11.952437070114785,679,0,679,4.581869469293942,3342259,4762,209,768.439924613257,3359,6,2687,671,0,2687,0,2015,167,0,2015,0,0,0,0,0,80,240,1190,3572,0,1000,701,25.252848584975574,538.3589974946335,0,1,0,0,0,0,0,0,3.0,701,769,679,80,0,0,0,0,0,0,4,3076,12,8151,30286,52132,3,20,0,0,0,0,0,0,0,0,BENIGN
53,4597,4,3,352,3431,88,10,88,43.73637267203508,1143,0,1143,34.796120818605544,823099,1522,656,423.894231487732,4597,5,3678,919,0,3678,0,2758,919,0,2758,0,0,0,0,0,80,60,870,652,0,1000,540,61.539508845811795,608.0727497920249,0,1,0,0,0,0,0,0,0.75,540,88,1143,80,0,0,0,0,0,0,4,352,3,3431,62789,31463,3,20,0,0,0,0,0,0,0,0,BENIGN
123,370,2,4,1344,2421,672,10,672,7.505656384444281,605,0,605,41.29569885274502,10168989,16202,61,992.8885418984968,370,5,296,148,0,296,0,222,55,0,222,0,0,0,0,0,40,80,5400,10801,0,1000,627,99.05058439298855,548.2438058485102,0,1,0,0,0,0,0,0,2.0,627,672,605,40,0,0,0,0,0,0,2,1344,4,2421,35162,35338,1,20,0,0,0,0,0,0,0,0,BENIGN
8080,1102900,422,0,255085,0,604,0,604,19.595294278928186,0,0,0,4.954542988505883,231286,382,2613,627.5928085825042,1102900,7,882320,2090,0,882320,0,661740,0,0,661740,0,0,0,0,0,8440,0,382,0,0,1500,604,99.10203793414385,363.6727651516303,0,1,0,0,0,0,0,0,0.0,604,604,0,8440,0,0,0,0,0,0,422,255085,0,0,52044,39699,421,20,0,0,0,0,0,0,0,0,DDoS
3306,1758877,371,4,96198,74,259,0,259,15.349217949980964,18,0,18,36.26393833820069,54735,213,4690,712.003751819589,1758877,7,1407102,3792,0,1407102,0,1055326,263831,0,1055326,0,0,0,0,0,7420,80,210,2,0,1500,256,85.11591026590592,295.98934261310404,0,1,0,0,0,0,0,0,0.01,256,259,18,7420,0,0,0,0,0,0,371,96198,4,74,34598,49410,370,20,0,0,0,0,0,0,0,0,DDoS
53,3330,10,8,7719,4213,771,10,771,32.34155142933263,526,0,526,18.179530656841326,3583142,5404,185,28.18659828765091,3330,9,2664,266,0,2664,0,1998,249,0,1998,0,0,0,0,0,200,160,3002,2402,0,1000,662,99.07866274505389,86.88205056235287,0,0,0,0,0,0,0,0,0.8,662,771,526,200,0,0,0,0,0,0,10,7719,8,4213,64721,58748,9,20,0,0,0,0,0,0,0,0,BENIGN
443,2776,6,8,5889,5853,981,10,981,35.84918011610432,731,0,731,37.223643527313136,4228980,5041,198,765.1642422727278,2776,5,2221,370,0,2221,0,1666,208,0,1666,0,0,0,0,0,120,160,2160,2881,0,1000,838,26.80820656526913,73.3968726561366,0,1,0,0,0,0,0,0,1.33,838,981,731,120,0,0,0,0,0,0,6,5889,8,5853,51892,46259,5,20,0,0,0,0,0,0,0,0,BENIGN
11565,6,2,0,0,0,0,0,0,34.107507140954105,0,0,0,23.158344834064003,0,298273,3,803.8787833243855,6,8,5,2,0,5,0,4,0,0,4,0,0,0,0,0,40,0,298273,0,0,1000,0,6.947078941142804,966.0529475461032,0,1,0,0,0,0,0,0,0.0,0,0,0,40,0,0,0,0,0,0,2,0,0,0,40515,39158,1,20,0,0,0,0,0,0,0,0,PortScan
3306,2057552,395,2,161558,65,409,0,409,11.324068498842015,32,0,32,48.75493387942509,78551,192,5182,133.89035725325593,2057552,6,1646041,4167,0,1646041,0,1234531,617265,0,1234531,0,0,0,0,0,7900,40,191,0,0,1500,407,18.869987047306193,627.2531724286438,0,1,0,0,0,0,0,0,0.01,407,409,32,7900,0,0,0,0,0,0,395,161558,2,65,31567,44233,394,20,0,0,0,0,0,0,0,0,DDoS
443,3344,8,10,1604,4736,200,10,200,34.997743149883746,473,0,473,26.449528334165656,1896072,5382,185,164.76261860396824,3344,7,2675,334,0,2675,0,2006,200,0,2006,0,0,0,0,0,160,200,2392,2990,0,1000,352,8.03160730289082,885.6101323380626,0,0,0,0,0,0,0,0,1.25,352,200,473,160,0,0,0,0,0,0,8,1604,10,4736,47858,63116,7,20,0,0,0,0,0,0,0,0,BENIGN
80,477,2,2,528,386,264,10,264,34.14696996137271,193,0,193,8.67692869927219,1915055,8378,119,599.3925253888026,477,6,381,190,0,381,0,286,143,0,286,0,0,0,0,0,40,40,4189,4189,0,1000,228,55.457411663874765,199.63396731785588,0,1,0,0,1,0,0,0,1.0,228,264,193,40,0,0,0,0,0,0,2,528,2,386,47699,39830,1,20,0,0,0,0,0,0,0,0,BENIGN
53,4737,9,10,8963,9322,995,10,995,18.838281268826883,932,0,932,20.006834883456342,3860165,4010,249,145.2078342656017,4737,1,3789,421,0,3789,0,2842,284,0,2842,0,0,0,0,0,180,200,1899,2110,0,1000,962,85.68050235705633,252.9019132548981,0,0,0,0,1,0,0,0,1.11,962,995,932,180,0,0,0,0,0,0,9,8963,10,9322,52058,31092,8,20,0,0,0,0,0,0,0,0,BENIGN
80,847,8,10,1826,3234,228,10,228,17.35049563115855,323,0,323,1.2032158487382594,5973396,21247,47,342.8950153368817,847,1,677,84,0,677,0,508,50,0,508,0,0,0,0,0,160,200,9443,11803,0,1000,281,61.029124044218804,42.33971045052998,0,1,0,0,0,0,0,0,1.25,281,228,323,160,0,0,0,0,0,0,8,1826,10,3234,39751,36116,7,20,0,0,0,0,0,0,0,0,BENIGN
53,4747,6,3,2780,1851,463,10,463,31.609264295340296,617,0,617,29.178042252816738,975561,1895,527,920.7762132711481,4747,4,3798,633,0,3798,0,2848,949,0,2848,0,0,0,0,0,120,60,1263,631,0,1000,514,73.27174223628616,212.07374777647692,0,1,0,0,1,0,0,0,0.5,514,463,617,120,0,0,0,0,0,0,6,2780,3,1851,45455,38182,5,20,0,0,0,0,0,0,0,0,BENIGN
123,1571,10,10,5520,2410,552,10,552,44.50688095251314,241,0,241,44.316314744880124,5045402,12723,78,398.31609889521434,1571,1,1257,125,0,1257,0,943,94,0,943,0,0,0,0,0,200,200,6361,6361,0,1000,396,30.41720171730471,403.74119984255077,0,1,0,0,1,0,0,0,1.0,396,552,241,200,0,0,0,0,0,0,10,5520,10,2410,63777,57129,9,20,0,0,0,0,0,0,0,0,BENIGN
27357,198,1,0,0,0,0,0,0,31.04952535642379,0,0,0,33.20625126551517,0,5030,198,722.3465927903238,198,6,159,159,0,159,0,119,0,0,119,0,0,0,0,0,20,0,5030,0,0,1000,0,78.23502232984904,695.2503952000777,0,1,0,0,0,0,0,0,0.0,0,0,0,20,0,0,0,0,0,0,1,0,0,0,55475,30484,0,20,0,0,0,0,0,0,0,0,PortScan
57739,158,2,1,0,0,0,0,0,4.246810423037106,0,0,0,23.360571431337675,0,18933,52,469.0319497607065,158,1,126,63,0,126,0,95,95,0,95,0,0,0,0,0,40,20,12622,6311,0,1000,0,84.1161507653699,838.1640513897523,0,1,0,0,0,0,0,0,0.5,0,0,0,40,0,0,0,0,0,0,2,0,1,0,60188,33065,1,20,0,0,0,0,0,0,0,0,PortScan
53,4526,7,5,6296,4448,899,10,899,10.47188374010854,889,0,889,11.053685802607466,2373872,2651,377,574.3512052831974,4526,1,3620,517,0,3620,0,2715,543,0,2715,0,0,0,0,0,140,100,1546,1104,0,1000,895,84.54311698833241,990.4723668413458,0,0,0,0,1,0,0,0,0.71,895,899,889,140,0,0,0,0,0,0,7,6296,5,4448,56007,46819,6,20,0,0,0,0,0,0,0,0,BENIGN
53,3423,6,6,843,1032,140,10,140,21.691226490117728,172,0,172,42.50037233092383,547913,3504,285,34.39679980770238,3423,2,2739,456,0,2739,0,2054,342,0,2054,0,0,0,0,0,120,120,1752,1752,0,1000,156,10.87039120862353,12.78285267478707,0,0,0,0,0,0,0,0,1.0,156,140,172,120,0,0,0,0,0,0,6,843,6,1032,37855,56782,5,20,0,0,0,0,0,0,0,0,BENIGN
443,400,3,3,1201,1844,400,10,400,27.687239713126193,614,0,614,17.51999671316642,7600203,14972,66,702.9904005218787,400,7,320,106,0,320,0,240,80,0,240,0,0,0,0,0,60,60,7486,7486,0,1000,507,18.46623901292741,266.95657721488254,0,0,0,0,1,0,0,0,1.0,507,400,614,60,0,0,0,0,0,0,3,1201,3,1844,58672,60142,2,20,0,0,0,0,0,0,0,0,BENIGN
53,4991,1,12,41,13593,41,10,41,1.2351042543717883,1132,0,1132,14.516198591033568,2731686,2604,383,557.6826805853449,4991,3,3992,3992,0,3992,0,2994,249,0,2994,0,0,0,0,0,20,240,200,2404,0,1000,1048,40.05863399812358,920.4044272681527,0,0,0,0,1,0,0,0,12.0,1048,41,1132,20,0,0,0,0,0,0,1,41,12,13593,55230,35941,0,20,0,0,0,0,0,0,0,0,BENIGN
3306,111558,141,3,158424,103,1123,0,1123,15.626622406904007,34,0,34,19.637341609271523,1421024,1290,774,781.8313765672762,111558,9,89247,632,0,89247,0,66935,22311,0,66935,0,0,0,0,0,2820,60,1263,26,0,1500,1100,65.51475745030218,246.06963150378235,0,1,0,0,0,0,0,0,0.02,1100,1123,34,2820,0,0,0,0,0,0,141,158424,3,103,48919,29670,140,20,0,0,0,0,0,0,0,0,DDoS
8080,3953908,486,1,347858,6,715,0,715,16.992503057891785,6,0,6,23.2490421990647,87979,123,8118,122.35343866276393,3953908,8,3163126,6508,0,3163126,0,2372344,2372344,0,2372344,0,0,0,0,0,9720,20,122,0,0,1500,714,16.027106272268977,430.0098560961076,0,1,0,0,0,0,0,0,0.0,714,715,6,9720,0,0,0,0,0,0,486,347858,1,6,60940,58527,485,20,0,0,0,0,0,0,0,0,DDoS
80,1087,9,6,4197,577,466,10,466,16.337741885709846,96,0,96,41.98512604386593,4390300,13792,72,951.2773200985301,1087,8,870,96,0,870,0,652,108,0,652,0,0,0,0,0,180,120,8275,5517,0,1000,318,74.51186234837675,884.1122927689378,0,1,0,0,1,0,0,0,0.67,318,466,96,180,0,0,0,0,0,0,9,4197,6,577,60554,36564,8,20,0,0,0,0,0,0,0,0,BENIGN
22,544908,129,90,4958,2134,38,0,38,49.88297833823035,23,0,23,21.631498133838534,13018,401,2488,281.4124746410287,544908,6,435926,3379,0,435926,0,326945,3632,0,326945,0,0,0,0,0,2580,1800,236,165,0,1000,32,71.95891910932792,20.75683102278414,0,0,0,0,1,0,0,0,0.7,32,38,23,2580,0,0,0,0,0,0,129,4958,90,2134,57800,42028,128,20,0,0,0,0,0,0,0,0,SSH-Patator
22,3188,4,12,1907,601,476,10,476,15.83931752872888,50,0,50,28.660073282546712,786787,5017,199,671.0853002160642,3188,3,2550,637,0,2550,0,1913,159,0,1913,0,0,0,0,0,80,240,1254,3763,0,1000,156,12.365005779937011,678.7395138199597,0,0,0,0,1,0,0,0,3.0,156,476,50,80,0,0,0,0,0,0,4,1907,12,601,35842,47696,3,20,0,0,0,0,0,0,0,0,BENIGN
22,845,1,11,722,9689,722,10,722,22.47521399004348,880,0,880,36.26230364244521,12319418,14199,70,888.9483158281765,845,10,676,676,0,676,0,507,46,0,507,0,0,0,0,0,20,220,1183,13016,0,1000,867,15.424835071237808,739.3961986035096,0,1,0,0,1,0,0,0,11.0,867,722,880,20,0,0,0,0,0,0,1,722,11,9689,44524,58232,0,20,0,0,0,0,0,0,0,0,BENIGN
53,3110,3,5,1430,457,476,10,476,11.208781824349757,91,0,91,5.234949144028817,607073,2572,388,723.4113776665538,3110,8,2488,829,0,2488,0,1866,373,0,1866,0,0,0,0,0,60,100,964,1607,0,1000,236,46.3350653254542,866.6763857633322,0,0,0,0,1,0,0,0,1.67,236,476,91,60,0,0,0,0,0,0,3,1430,5,457,47204,55004,2,20,0,0,0,0,0,0,0,0,BENIGN
53,4310,8,4,4945,2485,618,10,618,36.56142721493461,621,0,621,49.835615290785505,1724113,2784,359,162.35973089492617,4310,1,3448,431,0,3448,0,2586,646,0,2586,0,0,0,0,0,160,80,1856,928,0,1000,619,48.1703899520401,279.79488457893854,0,1,0,0,0,0,0,0,0.5,619,618,621,160,0,0,0,0,0,0,8,4945,4,2485,41767,54773,7,20,0,0,0,0,0,0,0,0,BENIGN
80,1445,5,1,2341,289,468,10,468,46.61065393793463,289,0,289,15.977799982837581,1820002,4151,240,32.86513733042562,1445,9,1156,231,0,1156,0,867,867,0,867,0,0,0,0,0,100,20,3459,691,0,1000,438,48.06387648139994,921.8312921748555,0,1,0,0,1,0,0,0,0.2,438,468,289,100,0,0,0,0,0,0,5,2341,1,289,43219,57727,4,20,0,0,0,0,0,0,0,0,BENIGN
22,4034,8,11,1427,10957,178,10,178,20.75925316572099,996,0,996,35.83582778872309,3069528,4709,212,73.38095516811049,4034,2,3227,403,0,3227,0,2420,220,0,2420,0,0,0,0,0,160,220,1982,2726,0,1000,651,32.30903025974283,750.8120049130795,0,0,0,0,1,0,0,0,1.38,651,178,996,160,0,0,0,0,0,0,8,1427,11,10957,37312,36426,7,20,0,0,0,0,0,0,0,0,BENIGN
443,1355,9,12,391,11133,43,10,43,10.155320765105058,927,0,927,28.919835050162295,8504130,15496,64,665.1104276750798,1355,4,1084,120,0,1084,0,813,67,0,813,0,0,0,0,0,180,240,6641,8854,0,1000,548,69.48610981805946,686.9126282506721,0,1,0,0,1,0,0,0,1.33,548,43,927,180,0,0,0,0,0,0,9,391,12,11133,55839,36491,8,20,0,0,0,0,0,0,0,0,BENIGN
443,4679,1,2,298,808,298,10,298,10.907952768952372,404,0,404,3.1098674175848995,236551,641,1559,273.29721163325706,4679,3,3743,3743,0,3743,0,2807,1403,0,2807,0,0,0,0,0,20,40,213,427,0,1000,368,14.69191481692742,10.295221157687106,0,0,0,0,0,0,0,0,2.0,368,298,404,20,0,0,0,0,0,0,1,298,2,808,62500,42611,0,20,0,0,0,0,0,0,0,0,BENIGN
22,3986,9,11,793,2257,88,10,88,9.664665282796935,205,0,205,43.330139567782375,765251,5017,199,889.9935532390604,3986,10,3189,354,0,3189,0,2391,217,0,2391,0,0,0,0,0,180,220,2257,2759,0,1000,152,41.46262266374167,129.98618157716047,0,1,0,0,0,0,0,0,1.22,152,88,205,180,0,0,0,0,0,0,9,793,11,2257,58562,41321,8,20,0,0,0,0,0,0,0,0,BENIGN
123,4947,9,8,5119,5625,568,10,568,2.1812925954113216,703,0,703,43.79168996877697,2171619,3435,291,697.3503854084457,4947,8,3958,439,0,3958,0,2968,371,0,2968,0,0,0,0,0,180,160,1818,1616,0,1000,632,33.514285312749934,822.9636729192415,0,1,0,0,0,0,0,0,0.89,632,568,703,180,0,0,0,0,0,0,9,5119,8,5625,49031,43764,8,20,0,0,0,0,0,0,0,0,BENIGN
80,654,8,11,6163,761,770,10,770,10.749061089198364,69,0,69,3.9769498252665403,10583408,29039,34,554.2081438231234,654,1,523,65,0,523,0,392,35,0,392,0,0,0,0,0,160,220,12227,16812,0,1000,364,31.839074312890283,143.63042798511339,0,0,0,0,1,0,0,0,1.38,364,770,69,160,0,0,0,0,0,0,8,6163,11,761,33572,49997,7,20,0,0,0,0,0,0,0,0,BENIGN
123,4085,2,3,1393,1962,696,10,696,19.947403510638573,654,0,654,30.125803853645237,821531,1223,817,518.2559914993232,4085,7,3268,1634,0,3268,0,2451,817,0,2451,0,0,0,0,0,40,60,489,734,0,1000,671,54.221092281897256,608.1014178894752,0,1,0,0,0,0,0,0,1.5,671,696,654,40,0,0,0,0,0,0,2,1393,3,1962,59416,49144,1,20,0,0,0,0,0,0,0,0,BENIGN
51271,136,1,1,0,0,0,0,0,4.7552352508967,0,0,0,3.6307391355078766,0,14645,68,241.68731274610445,136,9,109,109,0,109,0,81,81,0,81,0,0,0,0,0,20,20,7322,7322,0,1000,0,40.12335648342198,282.2002224816753,0,1,0,0,0,0,0,0,1.0,0,0,0,20,0,0,0,0,0,0,1,0,1,0,46644,46014,0,20,0,0,0,0,0,0,0,0,PortScan
80,3070,7,6,5327,6655,761,10,761,23.005554189924627,1109,0,1109,7.594546788006095,3902423,4233,236,993.2252982859711,3070,10,2456,350,0,2456,0,1842,307,0,1842,0,0,0,0,0,140,120,2279,1954,0,1000,921,52.239103309646715,362.7490360954918,0,0,0,0,1,0,0,0,0.86,921,761,1109,140,0,0,0,0,0,0,7,5327,6,6655,65527,42576,6,20,0,0,0,0,0,0,0,0,BENIGN
53,3745,1,8,846,8511,846,10,846,10.650814810777087,1063,0,1063,17.261757098839414,2498446,2402,416,949.4819335957362,3745,2,2996,2996,0,2996,0,2247,280,0,2247,0,0,0,0,0,20,160,266,2135,0,1000,1039,12.98637721567103,215.69051058167244,0,1,0,0,0,0,0,0,8.0,1039,846,1063,20,0,0,0,0,0,0,1,846,8,8511,47633,59795,0,20,0,0,0,0,0,0,0,0,BENIGN
123,464,8,7,4758,6823,594,10,594,45.59636109680433,974,0,974,18.041501602350795,24958687,32326,30,405.77110892055504,464,7,371,46,0,371,0,278,39,0,278,0,0,0,0,0,160,140,17240,15085,0,1000,772,21.796251295242374,584.0459694542167,0,1,0,0,0,0,0,0,0.88,772,594,974,160,0,0,0,0,0,0,8,4758,7,6823,58982,58321,7,20,0,0,0,0,0,0,0,0,BENIGN
80,917,1,7,944,4033,944,10,944,29.734786035918383,576,0,576,16.875900545769294,5427474,8721,114,819.7195337366209,917,4,733,733,0,733,0,550,78,0,550,0,0,0,0,0,20,140,1090,7630,0,1000,622,11.343755122914601,653.5133488520798,0,1,0,0,0,0,0,0,7.0,622,944,576,20,0,0,0,0,0,0,1,944,7,4033,55841,51162,0,20,0,0,0,0,0,0,0,0,BENIGN
80,3822128,58,5,60169,197,1037,0,1037,33.77432156718998,39,0,39,4.761709903825745,15794,16,60668,822.5134001280427,3822128,5,3057702,52719,0,3057702,0,2293276,458655,0,2293276,0,0,0,0,0,1160,100,15,1,0,1500,958,30.168929856524308,545.801156986735,0,1,0,0,0,0,0,0,0.09,958,1037,39,1160,0,0,0,0,0,0,58,60169,5,197,58130,53465,57,20,0,0,0,0,0,0,0,0,DDoS
123,4378,9,5,403,4481,44,10,44,8.232333479952036,896,0,896,17.850290086142667,1115837,3197,312,474.48854757701554,4378,6,3502,389,0,3502,0,2626,525,0,2626,0,0,0,0,0,180,100,2055,1142,0,1000,348,80.95548772598323,54.61242459034188,0,1,0,0,0,0,0,0,0.56,348,44,896,180,0,0,0,0,0,0,9,403,5,4481,43554,37846,8,20,0,0,0,0,0,0,0,0,BENIGN
80,1248,6,10,5167,2121,861,10,861,17.337473812555444,212,0,212,30.807650984371183,5835934,12811,78,682.6812974711538,1248,6,999,166,0,999,0,749,74,0,749,0,0,0,0,0,120,200,4804,8006,0,1000,455,77.50736353203658,742.4212505400991,0,0,0,0,0,0,0,0,1.67,455,861,212,120,0,0,0,0,0,0,6,5167,10,2121,59041,46741,5,20,0,0,0,0,0,0,0,0,BENIGN
80,3830,5,1,1451,826,290,10,290,34.19533140871071,826,0,826,25.150700401492585,594840,1566,638,771.3424391018658,3830,4,3064,612,0,3064,0,2298,2298,0,2298,0,0,0,0,0,100,20,1305,261,0,1000,379,15.909189310084459,447.30712959058485,0,0,0,0,0,0,0,0,0.2,379,290,826,100,0,0,0,0,0,0,5,1451,1,826,55111,52386,4,20,0,0,0,0,0,0,0,0,BENIGN
53,2330,6,3,1557,1470,259,10,259,31.87267301519367,490,0,490,12.153360444048916,1299683,3862,258,339.9133641201406,2330,5,1864,310,0,1864,0,1398,466,0,1398,0,0,0,0,0,120,60,2575,1287,0,1000,336,54.07403404738006,666.921971877115,0,1,0,0,0,0,0,0,0.5,336,259,490,120,0,0,0,0,0,0,6,1557,3,1470,31004,64343,5,20,0,0,0,0,0,0,0,0,BENIGN
53,4607,4,10,920,7710,230,10,230,49.97934917795132,771,0,771,48.218366777339455,1873219,3038,329,535.0913828721151,4607,10,3685,921,0,3685,0,2764,276,0,2764,0,0,0,0,0,80,200,868,2170,0,1000,616,75.05000859284704,711.5900754945148,0,0,0,0,1,0,0,0,2.5,616,230,771,80,0,0,0,0,0,0,4,920,10,7710,60591,33248,3,20,0,0,0,0,0,0,0,0,BENIGN
22,783,1,8,527,3184,527,10,527,3.0787885258290073,398,0,398,36.24607679944785,4738136,11487,87,600.1348792589209,783,2,626,626,0,626,0,470,58,0,470,0,0,0,0,0,20,160,1276,10211,0,1000,412,79.59497427523547,458.053151921035,0,0,0,0,1,0,0,0,8.0,412,527,398,20,0,0,0,0,0,0,1,527,8,3184,60205,59948,0,20,0,0,0,0,0,0,0,0,BENIGN
443,463,6,4,2941,4136,490,10,490,4.903756535511294,1034,0,1034,40.78745087127197,15282476,21592,46,66.74503070968352,463,8,370,61,0,370,0,277,69,0,277,0,0,0,0,0,120,80,12955,8636,0,1000,707,31.30646702681209,78.23633079015302,0,1,0,0,1,0,0,0,0.67,707,490,1034,120,0,0,0,0,0,0,6,2941,4,4136,61978,45596,5,20,0,0,0,0,0,0,0,0,BENIGN
80,2524,8,4,2658,448,332,10,332,24.725258626115558,112,0,112,6.280920754704445,1230625,4753,210,138.95162349631295,2524,5,2019,252,0,2019,0,1514,378,0,1514,0,0,0,0,0,160,80,3168,1584,0,1000,258,36.510492051968,626.4059034622828,0,1,0,0,1,0,0,0,0.5,258,332,112,160,0,0,0,0,0,0,8,2658,4,448,29984,63443,7,20,0,0,0,0,0,0,0,0,BENIGN
53,305,3,8,237,5986,79,10,79,29.68927823154767,748,0,748,35.65700900452122,20389160,36034,27,602.3161461132612,305,5,244,81,0,244,0,183,22,0,183,0,0,0,0,0,60,160,9827,26207,0,1000,565,64.46653515987579,449.5099901665357,0,0,0,0,0,0,0,0,2.67,565,79,748,60,0,0,0,0,0,0,3,237,8,5986,58771,42818,2,20,0,0,0,0,0,0,0,0,BENIGN
80,1876891,300,2,216729,19,722,0,722,39.11360479447176,9,0,9,45.77278558743836,115482,160,6214,56.291261389495475,1876891,3,1501513,5005,0,1501513,0,1126135,563067,0,1126135,0,0,0,0,0,6000,40,159,1,0,1500,717,5.471943450764572,608.1037892993936,0,1,0,0,0,0,0,0,0.01,717,722,9,6000,0,0,0,0,0,0,300,216729,2,19,34398,46670,299,20,0,0,0,0,0,0,0,0,DDoS
123,3414,6,11,5789,10191,964,10,964,15.947954787050367,926,0,926,0.7796095451309326,4680940,4979,200,88.26141376325968,3414,4,2731,455,0,2731,0,2048,186,0,2048,0,0,0,0,0,120,220,1757,3221,0,1000,940,97.29540309814742,510.6969972085189,0,0,0,0,1,0,0,0,1.83,940,964,926,120,0,0,0,0,0,0,6,5789,11,10191,42168,40697,5,20,0,0,0,0,0,0,0,0,BENIGN
80,2263,9,1,8365,917,929,10,929,30.34164945390746,917,0,917,20.935891787487428,4101346,4418,226,83.39910558318341,2263,1,1810,201,0,1810,0,1357,1357,0,1357,0,0,0,0,0,180,20,3976,441,0,1000,928,92.83538637628551,852.8758854746922,0,1,0,0,0,0,0,0,0.11,928,929,917,180,0,0,0,0,0,0,9,8365,1,917,50621,62653,8,20,0,0,0,0,0,0,0,0,BENIGN
11456,177,1,0,0,0,0,0,0,13.76020391526343,0,0,0,37.27587381859323,0,5623,177,367.64698343112167,177,7,142,142,0,142,0,106,0,0,106,0,0,0,0,0,20,0,5623,0,0,1000,0,29.70072341652895,30.78406966101277,0,1,0,0,0,0,0,0,0.0,0,0,0,20,0,0,0,0,0,0,1,0,0,0,38415,54951,0,20,0,0,0,0,0,0,0,0,PortScan
123,3394,7,4,4297,1199,613,10,613,28.22892381702425,299,0,299,31.24358712740548,1619390,3240,308,486.35120023206815,3394,8,2715,387,0,2715,0,2036,509,0,2036,0,0,0,0,0,140,80,2062,1178,0,1000,499,13.079133453526914,150.65731316812335,0,0,0,0,1,0,0,0,0.57,499,613,299,140,0,0,0,0,0,0,7,4297,4,1199,57755,50360,6,20,0,0,0,0,0,0,0,0,BENIGN
123,4203,6,12,3497,7643,582,10,582,27.305304164740722,636,0,636,6.209392853122359,2650533,4282,233,177.64218637090678,4203,4,3362,560,0,3362,0,2522,210,0,2522,0,0,0,0,0,120,240,1427,2854,0,1000,618,19.213280164557244,647.4123449925265,0,0,0,0,0,0,0,0,2.0,618,582,636,120,0,0,0,0,0,0,6,3497,12,7643,58134,65127,5,20,0,0,0,0,0,0,0,0,BENIGN
53,2233,3,10,975,6633,325,10,325,48.441808863397235,663,0,663,3.6565624862696158,3406540,5820,171,897.1401203021323,2233,10,1786,595,0,1786,0,1340,134,0,1340,0,0,0,0,0,60,200,1343,4476,0,1000,585,96.88011695483564,375.67330266633746,0,0,0,0,1,0,0,0,3.33,585,325,663,60,0,0,0,0,0,0,3,975,10,6633,65470,42506,2,20,0,0,0,0,0,0,0,0,BENIGN
123,1660,4,10,3406,3981,851,10,851,23.236904938333165,398,0,398,29.242100713316137,4449120,8430,118,743.00757036808,1660,4,1328,332,0,1328,0,996,99,0,996,0,0,0,0,0,80,200,2408,6022,0,1000,527,16.329101328471673,324.1243433469516,0,1,0,0,0,0,0,0,2.5,527,851,398,80,0,0,0,0,0,0,4,3406,10,3981,54527,57856,3,20,0,0,0,0,0,0,0,0,BENIGN
123,2918,4,12,3829,4499,957,10,957,17.201217021609267,374,0,374,8.72702013497712,2853377,5481,182,370.9266714501731,2918,4,2335,583,0,2335,0,1751,145,0,1751,0,0,0,0,0,80,240,1370,4111,0,1000,520,24.490045162309425,905.6110849317921,0,0,0,0,0,0,0,0,3.0,520,957,374,80,0,0,0,0,0,0,4,3829,12,4499,55044,36199,3,20,0,0,0,0,0,0,0,0,BENIGN
53,2745,10,4,3801,520,380,10,380,26.349095840420716,130,0,130,19.106368721829647,1573914,5098,196,198.26571105637038,2745,1,2196,219,0,2196,0,1647,411,0,1647,0,0,0,0,0,200,80,3641,1456,0,1000,308,40.18911217034598,230.93993252836952,0,1,0,0,1,0,0,0,0.4,308,380,130,200,0,0,0,0,0,0,10,3801,4,520,48707,65476,9,20,0,0,0,0,0,0,0,0,BENIGN
123,376,4,2,1314,1049,328,10,328,23.812843979834184,524,0,524,39.492646071391164,6276363,15930,62,782.3423988491547,376,5,301,75,0,301,0,225,112,0,225,0,0,0,0,0,80,40,10620,5310,0,1000,393,73.63755296238152,283.41974889184974,0,0,0,0,1,0,0,0,0.5,393,328,524,80,0,0,0,0,0,0,4,1314,2,1049,58818,43611,3,20,0,0,0,0,0,0,0,0,BENIGN
3306,4847777,303,2,211294,85,697,0,697,47.88562954942604,42,0,42,44.288076752787575,43603,62,15894,833.9459183279714,4847777,4,3878222,12799,0,3878222,0,2908666,1454333,0,2908666,0,0,0,0,0,6060,40,62,0,0,1500,693,15.831157426739972,925.1806724827798,0,1,0,0,0,0,0,0,0.01,693,697,42,6060,0,0,0,0,0,0,303,211294,2,85,59718,41679,302,20,0,0,0,0,0,0,0,0,DDoS
53,2002,2,11,819,4579,409,10,409,12.105346789549348,416,0,416,28.788706018385124,2696355,6491,154,148.93913428751682,2002,1,1602,801,0,1602,0,1201,109,0,1201,0,0,0,0,0,40,220,998,5493,0,1000,415,80.94388992106803,681.2905157409014,0,0,0,0,0,0,0,0,5.5,415,409,416,40,0,0,0,0,0,0,2,819,11,4579,42858,65484,1,20,0,0,0,0,0,0,0,0,BENIGN
443,1640,9,1,6660,222,740,10,740,38.1366222506409,222,0,222,34.18505789953614,4196032,6096,164,914.3373850223859,1640,6,1312,145,0,1312,0,984,984,0,984,0,0,0,0,0,180,20,5487,609,0,1000,688,46.272034610235224,64.12367952793296,0,1,0,0,1,0,0,0,0.11,688,740,222,180,0,0,0,0,0,0,9,6660,1,222,65046,46176,8,20,0,0,0,0,0,0,0,0,BENIGN
123,2654,3,11,1927,6005,642,10,642,9.12902644166751,545,0,545,27.76625314068194,2987980,5273,189,882.4697629800385,2654,4,2123,707,0,2123,0,1592,144,0,1592,0,0,0,0,0,60,220,1130,4143,0,1000,566,55.123227520397634,536.9653767827035,0,1,0,0,0,0,0,0,3.67,566,642,545,60,0,0,0,0,0,0,3,1927,11,6005,52498,48769,2,20,0,0,0,0,0,0,0,0,BENIGN
443,1435,9,9,584,9082,64,10,64,35.8760665552669,1009,0,1009,33.74124851871674,6736264,12542,79,811.5271911256319,1435,1,1148,127,0,1148,0,861,95,0,861,0,0,0,0,0,180,180,6271,6271,0,1000,537,43.26290340728266,216.16596331452632,0,0,0,0,1,0,0,0,1.0,537,64,1009,180,0,0,0,0,0,0,9,584,9,9082,53333,33306,8,20,0,0,0,0,0,0,0,0,BENIGN
53,592,7,12,3123,11165,446,10,446,26.55234212019083,930,0,930,3.077090418060213,24105084,32051,31,890.7415537131512,592,5,474,67,0,474,0,355,29,0,355,0,0,0,0,0,140,240,11808,20243,0,1000,752,70.86610940219896,147.74601930073305,0,0,0,0,0,0,0,0,1.71,752,446,930,140,0,0,0,0,0,0,7,3123,12,11165,51142,31816,6,20,0,0,0,0,0,0,0,0,BENIGN
443,918565,323,3,310174,62,960,0,960,9.457290020185427,20,0,20,42.280275840632655,337741,354,2817,782.279726309663,918565,5,734852,2275,0,734852,0,551139,183713,0,551139,0,0,0,0,0,6460,60,351,3,0,1500,951,83.84792931084742,195.15496698812495,0,1,0,0,0,0,0,0,0.01,951,960,20,6460,0,0,0,0,0,0,323,310174,3,62,61148,59833,322,20,0,0,0,0,0,0,0,0,DDoS
53,4249,5,3,350,297,70,10,70,5.525192358843883,99,0,99,34.86108159963536,152434,1882,531,379.1320461117913,4249,7,3399,679,0,3399,0,2549,849,0,2549,0,0,0,0,0,100,60,1176,706,0,1000,80,58.76861645575158,952.0992171576656,0,0,0,0,1,0,0,0,0.6,80,70,99,100,0,0,0,0,0,0,5,350,3,297,41208,43551,4,20,0,0,0,0,0,0,0,0,BENIGN
443,389,10,9,1520,5670,152,10,152,47.588519922345185,630,0,630,20.405947163235666,18442234,48725,20,430.2330644095795,389,2,311,31,0,311,0,233,25,0,233,0,0,0,0,0,200,180,25644,23080,0,1000,378,27.992060121608986,245.57798707161282,0,0,0,0,1,0,0,0,0.9,378,152,630,200,0,0,0,0,0,0,10,1520,9,5670,63682,34513,9,20,0,0,0,0,0,0,0,0,BENIGN
22,4274,5,9,3288,8277,657,10,657,35.60462375412416,919,0,919,2.8720371747898596,2705870,3275,305,795.9392554095252,4274,7,3419,683,0,3419,0,2564,284,0,2564,0,0,0,0,0,100,180,1169,2105,0,1000,826,46.26435857695602,498.1554860795242,0,0,0,0,1,0,0,0,1.8,826,657,919,100,0,0,0,0,0,0,5,3288,9,8277,40270,43120,4,20,0,0,0,0,0,0,0,0,BENIGN
3306,2962537,470,5,228105,226,485,0,485,22.5404604045464,45,0,45,31.931132742917935,77073,160,6236,880.9905519438021,2962537,5,2370030,5042,0,2370030,0,1777522,355504,0,1777522,0,0,0,0,0,9400,100,158,1,0,1500,480,38.47700788200933,247.83995035921535,0,1,0,0,0,0,0,0,0.01,480,485,45,9400,0,0,0,0,0,0,470,228105,5,226,49230,53503,469,20,0,0,0,0,0,0,0,0,DDoS
53,1323,2,8,1596,3958,798,10,798,15.353994268548405,494,0,494,18.483799577065046,4198333,7557,132,65.24103357714561,1323,10,1058,529,0,1058,0,793,99,0,793,0,0,0,0,0,40,160,1511,6046,0,1000,555,69.52185904867449,381.91580412894234,0,0,0,0,1,0,0,0,4.0,555,798,494,40,0,0,0,0,0,0,2,1596,8,3958,34267,43246,1,20,0,0,0,0,0,0,0,0,BENIGN
443,1446,7,1,4986,536,712,10,712,18.440010777345677,536,0,536,30.962088930845372,3817099,5529,180,789.1801300743117,1446,1,1157,165,0,1157,0,868,868,0,868,0,0,0,0,0,140,20,4838,691,0,1000,690,19.798718146927897,693.3027796494006,0,0,0,0,1,0,0,0,0.14,690,712,536,140,0,0,0,0,0,0,7,4986,1,536,62968,39562,6,20,0,0,0,0,0,0,0,0,BENIGN
53,3555,7,5,2114,4762,302,10,302,31.46017739957174,952,0,952,48.42927000271995,1934479,3375,296,69.59382801998592,3555,2,2844,406,0,2844,0,2133,426,0,2133,0,0,0,0,0,140,100,1968,1406,0,1000,573,47.770740073920074,674.2289506901628,0,0,0,0,1,0,0,0,0.71,573,302,952,140,0,0,0,0,0,0,7,2114,5,4762,46228,60917,6,20,0,0,0,0,0,0,0,0,BENIGN
22,448,1,9,109,9907,109,10,109,5.804040115932868,1100,0,1100,32.2472719053137,22333492,22296,44,985.7655222001629,448,8,358,358,0,358,0,269,29,0,269,0,0,0,0,0,20,180,2229,20067,0,1000,1001,97.46289910126174,310.75834808868655,0,1,0,0,0,0,0,0,9.0,1001,109,1100,20,0,0,0,0,0,0,1,109,9,9907,29979,47749,0,20,0,0,0,0,0,0,0,0,BENIGN
443,4430,1,6,371,2296,371,10,371,3.2222996677502556,382,0,382,33.780670113989515,602364,1580,632,656.4783124901965,4430,3,3544,3544,0,3544,0,2658,443,0,2658,0,0,0,0,0,20,120,225,1354,0,1000,381,20.834883600513578,888.6126975070691,0,1,0,0,1,0,0,0,6.0,381,371,382,20,0,0,0,0,0,0,1,371,6,2296,41402,48044,0,20,0,0,0,0,0,0,0,0,BENIGN
28941,19,2,0,0,0,0,0,0,17.3775911678273,0,0,0,17.25395639245656,0,104580,9,983.7811836279084,19,4,15,7,0,15,0,11,0,0,11,0,0,0,0,0,40,0,104580,0,0,1000,0,3.3136457838239597,608.6380473447281,0,1,0,0,0,0,0,0,0.0,0,0,0,40,0,0,0,0,0,0,2,0,0,0,62751,30657,1,20,0,0,0,0,0,0,0,0,PortScan
53,3014,6,10,490,9880,81,10,81,21.259372145508138,988,0,988,40.25830384638612,3441009,5308,188,771.7055224773309,3014,2,2411,401,0,2411,0,1808,180,0,1808,0,0,0,0,0,120,200,1990,3317,0,1000,648,4.116274485282856,340.48796659723223,0,0,0,0,0,0,0,0,1.67,648,81,988,120,0,0,0,0,0,0,6,490,10,9880,30105,39132,5,20,0,0,0,0,0,0,0,0,BENIGN
123,2218,3,9,2807,9371,935,10,935,15.133454030004845,1041,0,1041,24.99373624992628,5488992,5408,184,398.9934830636537,2218,2,1774,591,0,1774,0,1331,147,0,1331,0,0,0,0,0,60,180,1352,4056,0,1000,1014,41.403923865157665,730.8564526562948,0,1,0,0,1,0,0,0,3.0,1014,935,1041,60,0,0,0,0,0,0,3,2807,9,9371,57353,63448,2,20,0,0,0,0,0,0,0,0,BENIGN
22198,110,1,1,0,0,0,0,0,1.5872836180021443,0,0,0,42.5412122558926,0,18064,55,991.8276120451806,110,8,88,88,0,88,0,66,66,0,66,0,0,0,0,0,20,20,9032,9032,0,1000,0,43.0513282062699,722.9528847245366,0,1,0,0,0,0,0,0,1.0,0,0,0,20,0,0,0,0,0,0,1,0,1,0,44365,43942,0,20,0,0,0,0,0,0,0,0,PortScan
80,1685,8,9,6407,2469,800,10,800,9.341385734370732,274,0,274,40.67012086281851,5266604,10085,99,615.733411267223,1685,7,1348,168,0,1348,0,1011,112,0,1011,0,0,0,0,0,160,180,4746,5339,0,1000,522,6.765966858464035,376.6717832977239,0,0,0,0,1,0,0,0,1.12,522,800,274,160,0,0,0,0,0,0,8,6407,9,2469,30261,37479,7,20,0,0,0,0,0,0,0,0,BENIGN
123,792,2,6,1833,1209,916,10,916,46.43088567609415,201,0,201,49.80362809808604,3837220,10089,99,999.5139783309324,792,10,634,317,0,634,0,475,79,0,475,0,0,0,0,0,40,120,2522,7567,0,1000,380,29.50134739863263,995.5074010720823,0,1,0,0,0,0,0,0,3.0,380,916,201,40,0,0,0,0,0,0,2,1833,6,1209,47724,58813,1,20,0,0,0,0,0,0,0,0,BENIGN
443,2057,10,3,9613,2724,961,10,961,38.29447102095559,908,0,908,36.93123040374279,5996139,6318,158,95.3144103637339,2057,3,1646,164,0,1646,0,1234,411,0,1234,0,0,0,0,0,200,60,4860,1458,0,1000,949,67.74800334042422,649.3617594954325,0,0,0,0,1,0,0,0,0.3,949,961,908,200,0,0,0,0,0,0,10,9613,3,2724,45542,35828,9,20,0,0,0,0,0,0,0,0,BENIGN
22,157711,97,80,2101,3432,21,0,21,36.695414791928094,42,0,42,10.852849718802826,35086,1122,891,426.50345849241336,157711,5,126168,1300,0,126168,0,94626,1182,0,94626,0,0,0,0,0,1940,1600,615,507,0,1000,31,27.284867525662726,4.099303570476609,0,0,0,0,1,0,0,0,0.82,31,21,42,1940,0,0,0,0,0,0,97,2101,80,3432,47363,46763,96,20,0,0,0,0,0,0,0,0,SSH-Patator
443,1200,2,2,1918,1608,959,10,959,40.28921063498586,804,0,804,41.4785805947315,2938832,3332,300,667.8710659621598,1200,3,960,480,0,960,0,720,360,0,720,0,0,0,0,0,40,40,1666,1666,0,1000,881,70.63150625735884,794.4769203538318,0,1,0,0,1,0,0,0,1.0,881,959,804,40,0,0,0,0,0,0,2,1918,2,1608,39919,32241,1,20,0,0,0,0,0,0,0,0,BENIGN
22,1308,3,4,775,984,258,10,258,44.47752603294464,246,0,246,49.85945874368759,1345360,5350,186,126.99788634481524,1308,5,1046,348,0,1046,0,784,196,0,784,0,0,0,0,0,60,80,2293,3057,0,1000,251,68.88721320646029,680.7544848362247,0,1,0,0,0,0,0,0,1.33,251,258,246,60,0,0,0,0,0,0,3,775,4,984,36564,33802,2,20,0,0,0,0,0,0,0,0,BENIGN
22,4626,3,3,2286,1444,762,10,762,31.895377522133987,481,0,481,30.966535365284653,806378,1296,771,82.83378458450797,4626,6,3701,1233,0,3701,0,2775,925,0,2775,0,0,0,0,0,60,60,648,648,0,1000,621,51.62348297169835,373.14770147274237,0,1,0,0,1,0,0,0,1.0,621,762,481,60,0,0,0,0,0,0,3,2286,3,1444,34248,39511,2,20,0,0,0,0,0,0,0,0,BENIGN
123,4520,8,3,2668,2675,333,10,333,36.586741884845985,891,0,891,8.254097927198034,1182307,2433,410,132.43366964565752,4520,3,3616,452,0,3616,0,2712,904,0,2712,0,0,0,0,0,160,60,1769,663,0,1000,485,51.94409693139402,213.1362409936488,0,0,0,0,1,0,0,0,0.38,485,333,891,160,0,0,0,0,0,0,8,2668,3,2675,47119,41664,7,20,0,0,0,0,0,0,0,0,BENIGN
53,3995,1,2,817,1933,817,10,817,32.3530833346992,966,0,966,25.228142335609437,688448,750,1331,532.8579604168367,3995,10,3196,3196,0,3196,0,2397,1198,0,2397,0,0,0,0,0,20,40,250,500,0,1000,916,73.79523613416985,574.4895054224731,0,1,0,0,1,0,0,0,2.0,916,817,966,20,0,0,0,0,0,0,1,817,2,1933,44888,43985,0,20,0,0,0,0,0,0,0,0,BENIGN
443,4872357,351,4,277856,90,791,0,791,41.11043199275948,22,0,22,43.829737304327175,57045,72,13724,377.77086623558273,4872357,5,3897886,11105,0,3897886,0,2923414,730853,0,2923414,0,0,0,0,0,7020,80,72,0,0,1500,782,18.695079508103152,660.4081515229883,0,1,0,0,0,0,0,0,0.01,782,791,22,7020,0,0,0,0,0,0,351,277856,4,90,58095,49570,350,20,0,0,0,0,0,0,0,0,DDoS
80,710017,108,2,112120,15,1038,0,1038,10.12761650360719,7,0,7,37.429841699778734,157934,154,6454,51.99751659273155,710017,8,568013,5259,0,568013,0,426010,213005,0,426010,0,0,0,0,0,2160,40,152,2,0,1500,1019,99.14563116074456,168.8940884082568,0,1,0,0,0,0,0,0,0.02,1019,1038,7,2160,0,0,0,0,0,0,108,112120,2,15,43207,57343,107,20,0,0,0,0,0,0,0,0,DDoS
53,1245,8,7,5491,7267,686,10,686,39.53936876492511,1038,0,1038,14.759174969351136,10245731,12045,83,930.5940540647945,1245,1,996,124,0,996,0,747,106,0,747,0,0,0,0,0,160,140,6424,5621,0,1000,850,65.60990771531468,629.8472847612966,0,0,0,0,1,0,0,0,0.88,850,686,1038,160,0,0,0,0,0,0,8,5491,7,7267,45433,39998,7,20,0,0,0,0,0,0,0,0,BENIGN
31563,169,1,0,0,0,0,0,0,13.642843029862822,0,0,0,6.2010949029628835,0,5893,169,3.1770267362973836,169,6,135,135,0,135,0,101,0,0,101,0,0,0,0,0,20,0,5893,0,0,1000,0,37.863135287544694,582.9441916474937,0,1,0,0,0,0,0,0,0.0,0,0,0,20,0,0,0,0,0,0,1,0,0,0,41576,55950,0,20,0,0,0,0,0,0,0,0,PortScan
443,4041,7,2,4688,2193,669,10,669,22.061202434031546,1096,0,1096,43.71832689487156,1702756,2226,449,469.96396006531063,4041,7,3233,461,0,3233,0,2425,1212,0,2425,0,0,0,0,0,140,40,1731,494,0,1000,764,43.00559304229679,503.3593286291266,0,1,0,0,0,0,0,0,0.29,764,669,1096,140,0,0,0,0,0,0,7,4688,2,2193,62483,35276,6,20,0,0,0,0,0,0,0,0,BENIGN
53,3785,5,8,699,9006,139,10,139,30.431459730920597,1125,0,1125,4.784909550703503,2564163,3434,291,144.6401545370325,3785,6,3028,605,0,3028,0,2271,283,0,2271,0,0,0,0,0,100,160,1320,2113,0,1000,746,60.02178488475318,708.8558760338425,0,1,0,0,1,0,0,0,1.6,746,139,1125,100,0,0,0,0,0,0,5,699,8,9006,63955,35935,4,20,0,0,0,0,0,0,0,0,BENIGN
80,1747681,224,3,145636,111,650,0,650,47.20679231515611,37,0,37,40.9149344836649,83394,129,7699,330.23507790645266,1747681,3,1398145,6241,0,1398145,0,1048608,349536,0,1048608,0,0,0,0,0,4480,60,128,1,0,1500,642,95.82378347468014,817.3902962958856,0,1,0,0,0,0,0,0,0.01,642,650,37,4480,0,0,0,0,0,0,224,145636,3,111,47312,31251,223,20,0,0,0,0,0,0,0,0,DDoS
29740,114,2,0,0,0,0,0,0,41.26047174443983,0,0,0,42.92591348744706,0,17459,57,730.7315009166554,114,4,91,45,0,91,0,68,0,0,68,0,0,0,0,0,40,0,17459,0,0,1000,0,61.33964405758812,18.8439496053332,0,1,0,0,0,0,0,0,0.0,0,0,0,40,0,0,0,0,0,0,2,0,0,0,50046,50926,1,20,0,0,0,0,0,0,0,0,PortScan
443,539,3,12,2339,3098,779,10,779,46.49652375613706,258,0,258,40.71870502292032,10078131,27798,35,32.29815860625873,539,10,431,143,0,431,0,323,26,0,323,0,0,0,0,0,60,240,5559,22238,0,1000,362,71.2304761222243,316.88647622748,0,0,0,0,1,0,0,0,4.0,362,779,258,60,0,0,0,0,0,0,3,2339,12,3098,33092,60084,2,20,0,0,0,0,0,0,0,0,BENIGN
33160,181,1,0,0,0,0,0,0,27.88857201981591,0,0,0,44.34588217932584,0,5517,181,925.3629621839201,181,5,144,144,0,144,0,108,0,0,108,0,0,0,0,0,20,0,5517,0,0,1000,0,50.25523140685615,806.9516662264008,0,1,0,0,0,0,0,0,0.0,0,0,0,20,0,0,0,0,0,0,1,0,0,0,57149,57157,0,20,0,0,0,0,0,0,0,0,PortScan
22,2957,3,1,661,884,220,10,220,20.939767483867488,884,0,884,17.69376070067681,522950,1352,739,22.608083309187844,2957,1,2365,788,0,2365,0,1774,1774,0,1774,0,0,0,0,0,60,20,1014,338,0,1000,386,80.01590012342183,425.71102842350774,0,0,0,0,1,0,0,0,0.33,386,220,884,60,0,0,0,0,0,0,3,661,1,884,49533,41310,2,20,0,0,0,0,0,0,0,0,BENIGN
123,4840,10,7,6164,5334,616,10,616,49.577899212949866,762,0,762,11.338754033609783,2375396,3511,284,746.0156732851883,4840,4,3872,387,0,3872,0,2904,414,0,2904,0,0,0,0,0,200,140,2065,1446,0,1000,676,74.99668808708608,779.5615406310835,0,1,0,0,1,0,0,0,0.7,676,616,762,200,0,0,0,0,0,0,10,6164,7,5334,32748,52259,9,20,0,0,0,0,0,0,0,0,BENIGN
443,944,10,12,8397,5504,839,10,839,33.98569636903772,458,0,458,36.38041640229564,14724104,23301,42,802.9269065587202,944,1,755,75,0,755,0,566,47,0,566,0,0,0,0,0,200,240,10591,12710,0,1000,631,67.1928933085127,269.47976974198696,0,0,0,0,0,0,0,0,1.2,631,839,458,200,0,0,0,0,0,0,10,8397,12,5504,45918,62642,9,20,0,0,0,0,0,0,0,0,BENIGN
22,3482,5,3,3014,3366,602,10,602,10.552475977222048,1122,0,1122,16.79360487170679,1831985,2296,435,848.575102973683,3482,10,2786,557,0,2786,0,2089,696,0,2089,0,0,0,0,0,100,60,1435,861,0,1000,797,59.07876103920091,641.7023380088771,0,0,0,0,0,0,0,0,0.6,797,602,1122,100,0,0,0,0,0,0,5,3014,3,3366,46399,64523,4,20,0,0,0,0,0,0,0,0,BENIGN
80,4093,5,8,4122,2850,824,10,824,21.21686383606957,356,0,356,30.72646165730937,1703518,3175,314,124.55743119431118,4093,8,3274,654,0,3274,0,2456,307,0,2456,0,0,0,0,0,100,160,1221,1954,0,1000,536,30.220709936020274,361.893240753396,0,0,0,0,1,0,0,0,1.6,536,824,356,100,0,0,0,0,0,0,5,4122,8,2850,62282,43249,4,20,0,0,0,0,0,0,0,0,BENIGN
61018,176,2,0,0,0,0,0,0,9.787200497484777,0,0,0,9.085461675561179,0,11357,88,514.9172843580839,176,4,140,70,0,140,0,105,0,0,105,0,0,0,0,0,40,0,11357,0,0,1000,0,17.6946409719798,776.2573881113386,0,1,0,0,0,0,0,0,0.0,0,0,0,40,0,0,0,0,0,0,2,0,0,0,58305,39710,1,20,0,0,0,0,0,0,0,0,PortScan
443,1146240,321,1,131932,33,411,0,411,19.008959029819255,33,0,33,7.219025048961941,115129,280,3559,252.11376802957142,1146240,8,916992,2856,0,916992,0,687744,687744,0,687744,0,0,0,0,0,6420,20,280,0,0,1500,409,12.269553256943254,369.6495411473176,0,1,0,0,0,0,0,0,0.0,409,411,33,6420,0,0,0,0,0,0,321,131932,1,33,32475,61589,320,20,0,0,0,0,0,0,0,0,DDoS
22,3071,8,6,5096,2732,637,10,637,43.6001772779295,455,0,455,10.571990961590776,2548853,4558,219,944.9056043713696,3071,8,2457,307,0,2457,0,1842,307,0,1842,0,0,0,0,0,160,120,2604,1953,0,1000,559,84.74669031361638,916.4094904014103,0,1,0,0,1,0,0,0,0.75,559,637,455,160,0,0,0,0,0,0,8,5096,6,2732,58986,35157,7,20,0,0,0,0,0,0,0,0,BENIGN
22,14133,68,26,1661,2191,24,0,24,26.308505302159535,84,0,84,11.440391309646131,272653,6650,150,153.3163082818474,14133,10,11306,166,0,11306,0,8479,326,0,8479,0,0,0,0,0,1360,520,4811,1839,0,1000,40,48.12246435207938,445.88008795673915,0,0,0,0,1,0,0,0,0.38,40,24,84,1360,0,0,0,0,0,0,68,1661,26,2191,47530,37483,67,20,0,0,0,0,0,0,0,0,SSH-Patator
3306,764531,211,2,226597,55,1073,0,1073,41.38716178380039,27,0,27,19.82281287733954,296461,278,3589,571.0992135978315,764531,7,611624,2898,0,611624,0,458718,229359,0,458718,0,0,0,0,0,4220,40,275,2,0,1500,1064,79.60443054805185,571.4087735833109,0,1,0,0,0,0,0,0,0.01,1064,1073,27,4220,0,0,0,0,0,0,211,226597,2,55,33401,34272,210,20,0,0,0,0,0,0,0,0,DDoS
80,1638,7,3,1875,3367,267,10,267,15.023179613003384,1122,0,1122,33.152025609032606,3199308,6101,163,230.40436813020426,1638,7,1311,187,0,1311,0,983,327,0,983,0,0,0,0,0,140,60,4270,1830,0,1000,524,38.250343466616044,281.6902446883025,0,1,0,0,0,0,0,0,0.43,524,267,1122,140,0,0,0,0,0,0,7,1875,3,3367,40950,40884,6,20,0,0,0,0,0,0,0,0,BENIGN
80,2227,9,8,8460,5003,940,10,940,25.859376936781203,625,0,625,24.80384431365871,6044174,7631,131,597.7652292808959,2227,1,1782,198,0,1782,0,1336,167,0,1336,0,0,0,0,0,180,160,4040,3591,0,1000,792,88.70567480370781,738.6647671989443,0,1,0,0,0,0,0,0,0.89,792,940,625,180,0,0,0,0,0,0,9,8460,8,5003,58025,48377,8,20,0,0,0,0,0,0,0,0,BENIGN
22,272487,61,120,3082,4289,50,0,50,8.166102812333264,35,0,35,48.14985465754955,27056,664,1505,344.07694043286597,272487,5,217990,3573,0,217990,0,163492,1362,0,163492,0,0,0,0,0,1220,2400,223,440,0,1000,40,69.31655171804763,931.6092139786973,0,0,0,0,1,0,0,0,1.97,40,50,35,1220,0,0,0,0,0,0,61,3082,120,4289,54908,35097,60,20,0,0,0,0,0,0,0,0,SSH-Patator
22,383927,116,93,3752,3774,32,0,32,45.06413236413028,40,0,40,48.78569363567803,19606,544,1836,977.4933988293028,383927,2,307141,2647,0,307141,0,230356,2476,0,230356,0,0,0,0,0,2320,1860,302,242,0,1000,36,94.81810870282872,968.4958411860955,0,0,0,0,1,0,0,0,0.8,36,32,40,2320,0,0,0,0,0,0,116,3752,93,3774,51504,44546,115,20,0,0,0,0,0,0,0,0,SSH-Patator
123,3294,6,6,4602,853,767,10,767,6.342182221234899,142,0,142,10.326438048304937,1656042,3642,274,518.2376503963227,3294,7,2635,439,0,2635,0,1976,329,0,1976,0,0,0,0,0,120,120,1821,1821,0,1000,454,30.36921046975689,404.9130873635515,0,0,0,0,1,0,0,0,1.0,454,767,142,120,0,0,0,0,0,0,6,4602,6,853,64112,47553,5,20,0,0,0,0,0,0,0,0,BENIGN
123,4972,8,9,5948,4972,743,10,743,10.837616979130898,552,0,552,14.769972757939238,2196309,3418,292,133.15558254950622,4972,1,3977,497,0,3977,0,2983,331,0,2983,0,0,0,0,0,160,180,1608,1810,0,1000,642,96.18418624344716,736.5988736904502,0,1,0,0,1,0,0,0,1.12,642,743,552,160,0,0,0,0,0,0,8,5948,9,4972,30029,31492,7,20,0,0,0,0,0,0,0,0,BENIGN
80,4550,2,7,702,1896,351,10,351,45.51606095993925,270,0,270,3.722494072974325,571186,1977,505,664.416624811386,4550,6,3640,1820,0,3640,0,2730,390,0,2730,0,0,0,0,0,40,140,439,1538,0,1000,288,68.25732023527596,456.6707366698919,0,0,0,0,0,0,0,0,3.5,288,351,270,40,0,0,0,0,0,0,2,702,7,1896,63116,49966,1,20,0,0,0,0,0,0,0,0,BENIGN
443,3510,4,6,1723,5290,430,10,430,26.81895555650822,881,0,881,24.705478579044772,1998210,2848,351,776.30539198281,3510,2,2808,702,0,2808,0,2106,351,0,2106,0,0,0,0,0,80,120,1139,1709,0,1000,701,25.56197434454157,462.31627725556865,0,1,0,0,0,0,0,0,1.5,701,430,881,80,0,0,0,0,0,0,4,1723,6,5290,29622,38282,3,20,0,0,0,0,0,0,0,0,BENIGN
443,4370,3,4,995,3514,331,10,331,15.554069989042002,878,0,878,30.75314116399417,1031872,1601,624,384.9597942230868,4370,2,3496,1165,0,3496,0,2622,655,0,2622,0,0,0,0,0,60,80,686,915,0,1000,644,9.976527922332323,390.55815393086004,0,0,0,0,1,0,0,0,1.33,644,331,878,60,0,0,0,0,0,0,3,995,4,3514,65251,34605,2,20,0,0,0,0,0,0,0,0,BENIGN
80,2322,7,12,2276,13471,325,10,325,28.55772074668562,1122,0,1122,47.07245251260548,6781108,8181,122,510.12536560584545,2322,1,1857,265,0,1857,0,1393,116,0,1393,0,0,0,0,0,140,240,3014,5167,0,1000,828,62.97475334753611,103.7951856520123,0,1,0,0,1,0,0,0,1.71,828,325,1122,140,0,0,0,0,0,0,7,2276,12,13471,63502,51831,6,20,0,0,0,0,0,0,0,0,BENIGN
22,2762,4,1,698,104,174,10,174,39.275097389275054,104,0,104,32.908873996722605,290614,1809,552,577.6073910953121,2762,4,2210,552,0,2210,0,1657,1657,0,1657,0,0,0,0,0,80,20,1447,361,0,1000,160,36.92068433122391,776.435994695016,0,1,0,0,0,0,0,0,0.25,160,174,104,80,0,0,0,0,0,0,4,698,1,104,39468,50440,3,20,0,0,0,0,0,0,0,0,BENIGN
443,88,5,3,2444,1764,488,10,488,9.301632857091397,588,0,588,27.655995188563615,47799905,90850,11,980.5388358885938,88,5,70,14,0,70,0,52,17,0,52,0,0,0,0,0,100,60,56781,34068,0,1000,526,12.011748273448719,718.8113973321401,0,1,0,0,1,0,0,0,0.6,526,488,588,100,0,0,0,0,0,0,5,2444,3,1764,35919,30734,4,20,0,0,0,0,0,0,0,0,BENIGN
443,4925,6,9,5610,9788,935,10,935,36.15704667984483,1087,0,1087,22.778276028493373,3126453,3045,328,979.3802285268576,4925,2,3940,656,0,3940,0,2955,328,0,2955,0,0,0,0,0,120,180,1218,1827,0,1000,1026,35.8168409328221,537.4246135851625,0,0,0,0,0,0,0,0,1.5,1026,935,1087,120,0,0,0,0,0,0,6,5610,9,9788,61475,39182,5,20,0,0,0,0,0,0,0,0,BENIGN
22,3315,4,12,3441,14114,860,10,860,10.771687871641916,1176,0,1176,42.537016941416915,5295703,4826,207,820.1065862517137,3315,7,2652,663,0,2652,0,1989,165,0,1989,0,0,0,0,0,80,240,1206,3619,0,1000,1097,14.519090924819167,134.91355323851806,0,0,0,0,0,0,0,0,3.0,1097,860,1176,80,0,0,0,0,0,0,4,3441,12,14114,49332,60016,3,20,0,0,0,0,0,0,0,0,BENIGN
123,4628,3,12,579,6325,193,10,193,13.200499000069199,527,0,527,32.6846257347858,1491652,3240,308,21.81068198290459,4628,4,3703,1234,0,3703,0,2777,231,0,2777,0,0,0,0,0,60,240,648,2592,0,1000,460,38.98546775322932,392.7846577534758,0,0,0,0,1,0,0,0,4.0,460,193,527,60,0,0,0,0,0,0,3,579,12,6325,30310,53366,2,20,0,0,0,0,0,0,0,0,BENIGN
123,1907,3,5,320,553,106,10,106,38.91765018697839,110,0,110,35.294139773003515,458083,4194,238,36.34598096320807,1907,7,1525,508,0,1525,0,1144,228,0,1144,0,0,0,0,0,60,100,1572,2621,0,1000,109,22.370992898672483,242.161068177154,0,0,0,0,0,0,0,0,1.67,109,106,110,60,0,0,0,0,0,0,3,320,5,553,54382,61476,2,20,0,0,0,0,0,0,0,0,BENIGN
22,417,6,11,4635,12259,772,10,772,17.765995188780597,1114,0,1114,10.051981830030337,40505487,40759,24,559.9917659381429,417,5,333,55,0,333,0,250,22,0,250,0,0,0,0,0,120,220,14385,26373,0,1000,993,11.318416038838686,931.7643615448377,0,1,0,0,1,0,0,0,1.83,993,772,1114,120,0,0,0,0,0,0,6,4635,11,12259,62464,35434,5,20,0,0,0,0,0,0,0,0,BENIGN
80,1054214,463,2,445069,44,961,0,961,30.539400765206636,22,0,22,0.6378483141204816,422223,441,2267,623.0529728123755,1054214,10,843371,1821,0,843371,0,632528,316264,0,632528,0,0,0,0,0,9260,40,439,1,0,1500,957,74.28924082903075,900.1341439534854,0,1,0,0,0,0,0,0,0.0,957,961,22,9260,0,0,0,0,0,0,463,445069,2,44,51955,53544,462,20,0,0,0,0,0,0,0,0,DDoS
53,1731,6,1,3763,1087,627,10,627,23.181553577173275,1087,0,1087,0.8526688944320904,2800724,4041,247,651.6375312323378,1731,5,1385,230,0,1385,0,1039,1039,0,1039,0,0,0,0,0,120,20,3464,577,0,1000,692,72.69991670043018,730.6278990586524,0,1,0,0,1,0,0,0,0.17,692,627,1087,120,0,0,0,0,0,0,6,3763,1,1087,48598,57608,5,20,0,0,0,0,0,0,0,0,BENIGN
443,4896107,332,5,235510,186,709,0,709,20.59715467744762,37,0,37,29.97398306745382,48139,68,14528,558.1109398729208,4896107,6,3916886,11797,0,3916886,0,2937664,587532,0,2937664,0,0,0,0,0,6640,100,67,1,0,1500,699,44.3768046812313,804.7988931503158,0,1,0,0,0,0,0,0,0.02,699,709,37,6640,0,0,0,0,0,0,332,235510,5,186,59529,35041,331,20,0,0,0,0,0,0,0,0,DDoS
22,3861,4,10,1924,2380,481,10,481,4.884891861862273,238,0,238,9.340689380011868,1115004,3625,275,451.52148585856645,3861,6,3089,772,0,3089,0,2316,231,0,2316,0,0,0,0,0,80,200,1035,2589,0,1000,307,31.435213448247236,365.9848736072039,0,1,0,0,1,0,0,0,2.5,307,481,238,80,0,0,0,0,0,0,4,1924,10,2380,48324,32999,3,20,0,0,0,0,0,0,0,0,BENIGN
123,3857,5,3,3286,2022,657,10,657,1.8247417384726627,674,0,674,46.71515096146362,1376087,2073,482,786.4195151648016,3857,7,3086,617,0,3086,0,2314,771,0,2314,0,0,0,0,0,100,60,1296,777,0,1000,663,26.134135292403037,832.5186547685942,0,1,0,0,0,0,0,0,0.6,663,657,674,100,0,0,0,0,0,0,5,3286,3,2022,31056,30303,4,20,0,0,0,0,0,0,0,0,BENIGN
22,244,9,1,2411,216,267,10,267,33.38571760333353,216,0,216,25.236987660987282,10766763,40962,24,163.82712965983038,244,8,195,21,0,195,0,146,146,0,146,0,0,0,0,0,180,20,36866,4096,0,1000,262,88.17819996109729,58.39264943072608,0,1,0,0,1,0,0,0,0.11,262,267,216,180,0,0,0,0,0,0,9,2411,1,216,51985,44782,8,20,0,0,0,0,0,0,0,0,BENIGN
80,1743282,275,4,164545,114,598,0,598,32.51023794216575,28,0,28,27.645567435893742,94453,160,6248,567.5022727039033,1743282,1,1394626,5071,0,1394626,0,1045969,261492,0,1045969,0,0,0,0,0,5500,80,157,2,0,1500,590,30.727749462940846,828.6439160874658,0,1,0,0,0,0,0,0,0.01,590,598,28,5500,0,0,0,0,0,0,275,164545,4,114,48221,30589,274,20,0,0,0,0,0,0,0,0,DDoS
22,4811,7,12,2939,12959,419,10,419,20.34268744084845,1079,0,1079,12.297026417722407,3304319,3948,253,88.31197811863545,4811,7,3849,549,0,3849,0,2887,240,0,2887,0,0,0,0,0,140,240,1454,2493,0,1000,836,29.115968762567622,310.2515635691796,0,1,0,0,1,0,0,0,1.71,836,419,1079,140,0,0,0,0,0,0,7,2939,12,12959,54158,42632,6,20,0,0,0,0,0,0,0,0,BENIGN
80,313,3,4,2079,2807,693,10,693,24.66556923757138,701,0,701,33.8390400909706,15581065,22316,44,648.0369466211681,313,6,250,83,0,250,0,188,47,0,188,0,0,0,0,0,60,80,9564,12752,0,1000,698,75.19377751219885,737.3244444060842,0,0,0,0,1,0,0,0,1.33,698,693,701,60,0,0,0,0,0,0,3,2079,4,2807,54673,38977,2,20,0,0,0,0,0,0,0,0,BENIGN
60951,113,1,0,0,0,0,0,0,5.959816247885053,0,0,0,30.937048825665002,0,8821,113,6.431728321855679,113,1,90,90,0,90,0,68,0,0,68,0,0,0,0,0,20,0,8821,0,0,1000,0,11.03581420407359,911.7912328185944,0,1,0,0,0,0,0,0,0.0,0,0,0,20,0,0,0,0,0,0,1,0,0,0,63117,51536,0,20,0,0,0,0,0,0,0,0,PortScan
123,4394,8,11,5456,7773,682,10,682,32.608986800407294,706,0,706,39.82761203930557,3010872,4324,231,129.08834935998104,4394,8,3515,439,0,3515,0,2636,239,0,2636,0,0,0,0,0,160,220,1820,2503,0,1000,696,48.79852382559102,554.6068059349096,0,0,0,0,0,0,0,0,1.38,696,682,706,160,0,0,0,0,0,0,8,5456,11,7773,52799,56171,7,20,0,0,0,0,0,0,0,0,BENIGN
80,232,10,1,6809,606,680,10,680,6.266034123582386,606,0,606,29.660488621581667,31934216,47363,21,181.518748564919,232,4,185,18,0,185,0,139,139,0,139,0,0,0,0,0,200,20,43058,4305,0,1000,674,85.30093399056885,661.3262472332694,0,1,0,0,0,0,0,0,0.1,674,680,606,200,0,0,0,0,0,0,10,6809,1,606,39296,62889,9,20,0,0,0,0,0,0,0,0,BENIGN
443,1059973,80,0,60652,0,758,0,758,1.3758918326922054,0,0,0,14.353945115654637,57220,75,13249,939.4660249662347,1059973,1,847979,10599,0,847979,0,635984,0,0,635984,0,0,0,0,0,1600,0,75,0,0,1500,758,39.48362264482306,770.3617330801294,0,1,0,0,0,0,0,0,0.0,758,758,0,1600,0,0,0,0,0,0,80,60652,0,0,58834,34359,79,20,0,0,0,0,0,0,0,0,DDoS
22,720,3,9,1160,3326,386,10,386,40.82134409000297,369,0,369,46.25859756296828,6223920,16645,60,724.6151187337525,720,10,576,192,0,576,0,432,48,0,432,0,0,0,0,0,60,180,4161,12484,0,1000,373,8.506153838742204,520.4958609863868,0,1,0,0,1,0,0,0,3.0,373,386,369,60,0,0,0,0,0,0,3,1160,9,3326,60516,50591,2,20,0,0,0,0,0,0,0,0,BENIGN
80,1011,6,6,2757,6719,459,10,459,41.02808643806581,1119,0,1119,14.179729453289996,9364639,11857,84,529.5773343084885,1011,6,809,134,0,809,0,607,101,0,607,0,0,0,0,0,120,120,5928,5928,0,1000,789,19.587380946594568,778.4626394555468,0,0,0,0,1,0,0,0,1.0,789,459,1119,120,0,0,0,0,0,0,6,2757,6,6719,61686,38670,5,20,0,0,0,0,0,0,0,0,BENIGN
80,4587,2,2,1940,1678,970,10,970,31.57341367257491,839,0,839,6.019947795513525,789031,871,1146,216.58962915332236,4587,4,3669,1834,0,3669,0,2752,1376,0,2752,0,0,0,0,0,40,40,435,435,0,1000,904,20.71672261570683,450.85996974710963,0,0,0,0,1,0,0,0,1.0,904,970,839,40,0,0,0,0,0,0,2,1940,2,1678,38936,58047,1,20,0,0,0,0,0,0,0,0,BENIGN
123,4186,2,6,1634,2087,817,10,817,5.940889544588907,347,0,347,21.95819457638824,889171,1911,523,509.7682718312694,4186,4,3348,1674,0,3348,0,2511,418,0,2511,0,0,0,0,0,40,120,477,1433,0,1000,465,79.5791553925127,837.5893609101839,0,0,0,0,0,0,0,0,3.0,465,817,347,40,0,0,0,0,0,0,2,1634,6,2087,54522,43398,1,20,0,0,0,0,0,0,0,0,BENIGN
3306,127931,374,2,121484,6,324,0,324,11.659179311129819,3,0,3,9.06984884780258,949654,2939,340,948.3684158956347,127931,1,102345,273,0,102345,0,76758,38379,0,76758,0,0,0,0,0,7480,40,2923,15,0,1500,323,75.42704549573159,114.82886427684124,0,1,0,0,0,0,0,0,0.01,323,324,3,7480,0,0,0,0,0,0,374,121484,2,6,61923,54305,373,20,0,0,0,0,0,0,0,0,DDoS
80,4872354,236,3,128767,94,545,0,545,4.569891672464771,31,0,31,39.70252735140382,26447,49,20386,216.9500284832796,4872354,1,3897883,16516,0,3897883,0,2923412,974470,0,2923412,0,0,0,0,0,4720,60,48,0,0,1500,539,29.72103285468797,457.8566775943137,0,1,0,0,0,0,0,0,0.01,539,545,31,4720,0,0,0,0,0,0,236,128767,3,94,56916,38757,235,20,0,0,0,0,0,0,0,0,DDoS
443,3427,1,5,478,2231,478,10,478,30.532538245888208,446,0,446,8.390247833466535,790685,1750,571,186.59458338932734,3427,4,2741,2741,0,2741,0,2056,411,0,2056,0,0,0,0,0,20,100,291,1458,0,1000,451,38.071547428561146,6.0573789843096915,0,1,0,0,1,0,0,0,5.0,451,478,446,20,0,0,0,0,0,0,1,478,5,2231,40943,35437,0,20,0,0,0,0,0,0,0,0,BENIGN
443,4177,3,3,2646,2684,882,10,882,22.049107161997583,894,0,894,19.724697697317485,1276155,1436,696,314.2748309514305,4177,8,3341,1113,0,3341,0,2506,835,0,2506,0,0,0,0,0,60,60,718,718,0,1000,888,98.017468722815,811.1358548990079,0,1,0,0,1,0,0,0,1.0,888,882,894,60,0,0,0,0,0,0,3,2646,3,2684,61759,29520,2,20,0,0,0,0,0,0,0,0,BENIGN
22,13879,135,39,4629,3389,34,0,34,10.734042805928896,86,0,86,12.565045095781125,577804,12536,79,128.39363615313314,13879,5,11103,82,0,11103,0,8327,213,0,8327,0,0,0,0,0,2700,780,9726,2809,0,1000,46,31.333726129736185,821.7653889667362,0,0,0,0,1,0,0,0,0.29,46,34,86,2700,0,0,0,0,0,0,135,4629,39,3389,52642,52349,134,20,0,0,0,0,0,0,0,0,SSH-Patator
22,289,10,9,2670,423,267,10,267,35.824916810556466,47,0,47,43.41443245123822,10673926,65537,15,567.0823847650264,289,10,231,23,0,231,0,173,19,0,173,0,0,0,0,0,200,180,34493,31043,0,1000,162,87.44457742978888,533.3016979135867,0,0,0,0,1,0,0,0,0.9,162,267,47,200,0,0,0,0,0,0,10,2670,9,423,40839,37451,9,20,0,0,0,0,0,0,0,0,BENIGN
443,1821,5,11,727,9736,145,10,145,34.58947587315874,885,0,885,35.30651558423747,5743158,8781,113,652.3391013519004,1821,1,1457,291,0,1457,0,1093,99,0,1093,0,0,0,0,0,100,220,2744,6037,0,1000,653,90.40427173560695,117.4734145238544,0,0,0,0,1,0,0,0,2.2,653,145,885,100,0,0,0,0,0,0,5,727,11,9736,55361,37056,4,20,0,0,0,0,0,0,0,0,BENIGN
443,354,9,12,3003,12601,333,10,333,39.48682224804916,1050,0,1050,13.790248386985848,44061478,59292,16,389.67666847512504,354,6,283,31,0,283,0,212,17,0,212,0,0,0,0,0,180,240,25411,33881,0,1000,743,12.022575473359343,64.26002732839254,0,1,0,0,1,0,0,0,1.33,743,333,1050,180,0,0,0,0,0,0,9,3003,12,12601,36922,56071,8,20,0,0,0,0,0,0,0,0,BENIGN
80,2013913,240,4,261788,152,1090,0,1090,32.261139979623024,38,0,38,30.733300956995436,130065,121,8253,861.7221913242862,2013913,9,1611131,6713,0,1611131,0,1208348,302087,0,1208348,0,0,0,0,0,4800,80,119,1,0,1500,1073,73.46399307723615,660.7240378325454,0,1,0,0,0,0,0,0,0.02,1073,1090,38,4800,0,0,0,0,0,0,240,261788,4,152,33917,44127,239,20,0,0,0,0,0,0,0,0,DDoS
22,2031,1,5,163,4831,163,10,163,19.48479978551752,966,0,966,33.70185894933056,2458255,2953,338,922.6834419295807,2031,2,1625,1625,0,1625,0,1219,243,0,1219,0,0,0,0,0,20,100,492,2460,0,1000,832,30.693212960993833,821.027690324937,0,1,0,0,1,0,0,0,5.0,832,163,966,20,0,0,0,0,0,0,1,163,5,4831,51787,45628,0,20,0,0,0,0,0,0,0,0,BENIGN
3306,2253571,246,2,92700,14,376,0,376,45.48480212929887,7,0,7,7.1146869477656525,41141,110,9086,171.93719289060684,2253571,9,1802857,7328,0,1802857,0,1352143,676071,0,1352143,0,0,0,0,0,4920,40,109,0,0,1500,373,60.69787917054668,695.4459125255314,0,1,0,0,0,0,0,0,0.01,373,376,7,4920,0,0,0,0,0,0,246,92700,2,14,47127,29872,245,20,0,0,0,0,0,0,0,0,DDoS
22,121776,101,45,4148,1956,41,0,41,16.353422767837944,43,0,43,2.4966588461457215,50132,1198,834,981.2053184670424,121776,9,97421,964,0,97421,0,73065,1623,0,73065,0,0,0,0,0,2020,900,829,369,0,1000,41,45.39764133021349,323.4774091463714,0,0,0,0,1,0,0,0,0.45,41,41,43,2020,0,0,0,0,0,0,101,4148,45,1956,62027,55654,100,20,0,0,0,0,0,0,0,0,SSH-Patator
22,1656,10,5,6173,1560,617,10,617,9.60714014784,312,0,312,40.22438333554562,4669158,9056,110,111.27206005140278,1656,4,1325,132,0,1325,0,993,198,0,993,0,0,0,0,0,200,100,6037,3018,0,1000,515,32.66490680699599,972.4444677005963,0,0,0,0,0,0,0,0,0.5,515,617,312,200,0,0,0,0,0,0,10,6173,5,1560,30989,32193,9,20,0,0,0,0,0,0,0,0,BENIGN
80,2401,7,2,5675,1901,810,10,810,33.824131897583555,950,0,950,21.261073801727175,3155518,3748,266,844.7030307797081,2401,1,1920,274,0,1920,0,1440,720,0,1440,0,0,0,0,0,140,40,2915,832,0,1000,841,84.99164848506297,707.4729388754813,0,0,0,0,0,0,0,0,0.29,841,810,950,140,0,0,0,0,0,0,7,5675,2,1901,43893,52770,6,20,0,0,0,0,0,0,0,0,BENIGN
443,4000592,226,4,240517,24,1064,0,1064,40.64589633180214,6,0,6,10.219358868806339,60126,57,17393,211.36008847258148,4000592,7,3200473,14161,0,3200473,0,2400355,600088,0,2400355,0,0,0,0,0,4520,80,56,0,0,1500,1045,4.567379569021213,962.752930289414,0,1,0,0,0,0,0,0,0.02,1045,1064,6,4520,0,0,0,0,0,0,226,240517,4,24,65502,51623,225,20,0,0,0,0,0,0,0,0,DDoS
3306,4905154,300,4,269972,197,899,0,899,33.250640135998154,49,0,49,25.23404202236138,55078,61,16135,140.12412381929374,4905154,6,3924123,13080,0,3924123,0,2943092,735773,0,2943092,0,0,0,0,0,6000,80,61,0,0,1500,888,13.197740784059697,716.0991012803041,0,1,0,0,0,0,0,0,0.01,888,899,49,6000,0,0,0,0,0,0,300,269972,4,197,42370,30823,299,20,0,0,0,0,0,0,0,0,DDoS
80,4793526,62,5,29459,131,475,0,475,43.14543143666472,26,0,26,40.14241563076531,6173,13,71545,237.54965664637683,4793526,7,3834821,61851,0,3834821,0,2876116,575223,0,2876116,0,0,0,0,0,1240,100,12,1,0,1500,441,91.74126491193172,453.27015751110946,0,1,0,0,0,0,0,0,0.08,441,475,26,1240,0,0,0,0,0,0,62,29459,5,131,58297,31717,61,20,0,0,0,0,0,0,0,0,DDoS
22,154846,100,31,2929,1297,29,0,29,12.756278707597419,41,0,41,12.674575385320901,27297,845,1182,331.0994465737628,154846,1,123877,1238,0,123877,0,92908,2997,0,92908,0,0,0,0,0,2000,620,645,200,0,1000,32,18.026606376952103,877.1583420814075,0,0,0,0,1,0,0,0,0.31,32,29,41,2000,0,0,0,0,0,0,100,2929,31,1297,59742,44479,99,20,0,0,0,0,0,0,0,0,SSH-Patator
443,1531,6,12,4848,3692,808,10,808,6.93133178594782,307,0,307,30.05395537835111,5577026,11753,85,762.4666012317689,1531,10,1225,204,0,1225,0,918,76,0,918,0,0,0,0,0,120,240,3917,7835,0,1000,474,32.56705070932778,974.3660416689211,0,1,0,0,1,0,0,0,2.0,474,808,307,120,0,0,0,0,0,0,6,4848,12,3692,48366,56477,5,20,0,0,0,0,0,0,0,0,BENIGN
123,1501,3,1,2029,779,676,10,676,5.9005968067622705,779,0,779,30.64667302374602,1870094,2663,375,736.8251073288108,1501,3,1201,400,0,1201,0,901,901,0,901,0,0,0,0,0,60,20,1997,665,0,1000,702,59.0796934234749,622.3010077431769,0,0,0,0,0,0,0,0,0.33,702,676,779,60,0,0,0,0,0,0,3,2029,1,779,45379,59111,2,20,0,0,0,0,0,0,0,0,BENIGN
53,186,7,4,4233,350,604,10,604,22.037561671813826,87,0,87,4.941635670953065,24571682,58962,16,482.3995080837914,186,3,149,21,0,149,0,111,27,0,111,0,0,0,0,0,140,80,37521,21440,0,1000,416,95.8513855641869,383.6329119604031,0,1,0,0,1,0,0,0,0.57,416,604,87,140,0,0,0,0,0,0,7,4233,4,350,31517,53909,6,20,0,0,0,0,0,0,0,0,BENIGN
443,154596,272,3,323997,109,1191,0,1191,22.295412166758755,36,0,36,7.095602067441015,2096461,1778,562,590.4628372088209,154596,7,123677,454,0,123677,0,92758,30919,0,92758,0,0,0,0,0,5440,60,1759,19,0,1500,1178,29.226042737248903,740.4448870715755,0,1,0,0,0,0,0,0,0.01,1178,1191,36,5440,0,0,0,0,0,0,272,323997,3,109,33873,30390,271,20,0,0,0,0,0,0,0,0,DDoS
123,1993,5,1,1215,913,243,10,243,39.20898149701891,913,0,913,36.28121205989074,1068021,3010,332,380.10246808016944,1993,1,1594,318,0,1594,0,1195,1195,0,1195,0,0,0,0,0,100,20,2508,501,0,1000,354,51.85473341255662,760.1834005478112,0,1,0,0,1,0,0,0,0.2,354,243,913,100,0,0,0,0,0,0,5,1215,1,913,30981,38605,4,20,0,0,0,0,0,0,0,0,BENIGN
3306,4524429,287,4,320324,168,1116,0,1116,45.211970486565015,42,0,42,8.096056351752484,70835,64,15547,526.2377991587512,4524429,3,3619543,12611,0,3619543,0,2714657,678664,0,2714657,0,0,0,0,0,5740,80,63,0,0,1500,1101,79.97068656599792,65.00584142461629,0,1,0,0,0,0,0,0,0.01,1101,1116,42,5740,0,0,0,0,0,0,287,320324,4,168,57127,30630,286,20,0,0,0,0,0,0,0,0,DDoS
123,492,4,5,1999,1790,499,10,499,38.273703953098014,358,0,358,15.450456061737317,7702815,18287,54,425.38764792607753,492,3,393,98,0,393,0,295,59,0,295,0,0,0,0,0,80,100,8127,10159,0,1000,421,68.66333246459602,410.0179596796857,0,1,0,0,0,0,0,0,1.25,421,499,358,80,0,0,0,0,0,0,4,1999,5,1790,34005,40195,3,20,0,0,0,0,0,0,0,0,BENIGN
53,949,10,11,746,3624,74,10,74,18.375469902513075,329,0,329,32.79243113835231,4601258,22106,45,592.626838572062,949,3,759,75,0,759,0,569,51,0,569,0,0,0,0,0,200,220,10526,11579,0,1000,208,29.042140284841654,330.89087289378074,0,1,0,0,0,0,0,0,1.1,208,74,329,200,0,0,0,0,0,0,10,746,11,3624,57021,38522,9,20,0,0,0,0,0,0,0,0,BENIGN
22,2761,5,9,4274,3265,854,10,854,37.894626259499645,362,0,362,39.55191001591908,2730361,5069,197,207.5305676276483,2761,5,2209,441,0,2209,0,1656,184,0,1656,0,0,0,0,0,100,180,1810,3259,0,1000,538,58.6333947136787,384.98793143533317,0,1,0,0,0,0,0,0,1.8,538,854,362,100,0,0,0,0,0,0,5,4274,9,3265,47267,50180,4,20,0,0,0,0,0,0,0,0,BENIGN
3306,2036279,341,4,140989,91,413,0,413,35.477338606659956,22,0,22,47.2502331449449,69283,169,5902,284.68733569677875,2036279,1,1629023,4777,0,1629023,0,1221767,305441,0,1221767,0,0,0,0,0,6820,80,167,1,0,1500,408,11.625623862254963,57.31059269460881,0,1,0,0,0,0,0,0,0.01,408,413,22,6820,0,0,0,0,0,0,341,140989,4,91,40914,38540,340,20,0,0,0,0,0,0,0,0,DDoS
22,4569,3,6,299,5690,99,10,99,14.632603982836635,948,0,948,32.050277987749475,1310910,1969,507,383.46029867920794,4569,6,3655,1218,0,3655,0,2741,456,0,2741,0,0,0,0,0,60,120,656,1312,0,1000,665,45.27030250445233,520.7383093361855,0,0,0,0,0,0,0,0,2.0,665,99,948,60,0,0,0,0,0,0,3,299,6,5690,33411,38022,2,20,0,0,0,0,0,0,0,0,BENIGN
3306,1648254,136,0,70878,0,521,0,521,13.984379225762943,0,0,0,39.58041345211545,43002,82,12119,581.0052848143545,1648254,7,1318603,9695,0,1318603,0,988952,0,0,988952,0,0,0,0,0,2720,0,82,0,0,1500,521,59.568462396610755,388.6310564834868,0,1,0,0,0,0,0,0,0.0,521,521,0,2720,0,0,0,0,0,0,136,70878,0,0,54112,35500,135,20,0,0,0,0,0,0,0,0,DDoS
443,3495,9,7,5792,4579,643,10,643,24.032104413037004,654,0,654,45.4427219053967,2967103,4577,218,9.81928037278179,3495,2,2796,310,0,2796,0,2097,299,0,2097,0,0,0,0,0,180,140,2574,2002,0,1000,648,39.901601893125296,156.24527525458342,0,1,0,0,0,0,0,0,0.78,648,643,654,180,0,0,0,0,0,0,9,5792,7,4579,52600,59395,8,20,0,0,0,0,0,0,0,0,BENIGN
443,965851,247,1,246406,32,997,0,997,2.6027424994379658,32,0,32,17.692766061638764,255152,256,3894,730.0176573560578,965851,5,772680,3128,0,772680,0,579510,579510,0,579510,0,0,0,0,0,4940,20,255,1,0,1500,993,51.358021425879386,982.1907375665935,0,1,0,0,0,0,0,0,0.0,993,997,32,4940,0,0,0,0,0,0,247,246406,1,32,41944,40967,246,20,0,0,0,0,0,0,0,0,DDoS
80,3207,10,8,2132,1931,213,10,213,47.32368079852327,241,0,241,26.447438789324927,1267025,5612,178,681.0163551877705,3207,10,2565,256,0,2565,0,1924,240,0,1924,0,0,0,0,0,200,160,3117,2494,0,1000,225,15.03126542521338,231.97892487205118,0,0,0,0,1,0,0,0,0.8,225,213,241,200,0,0,0,0,0,0,10,2132,8,1931,39993,36725,9,20,0,0,0,0,0,0,0,0,BENIGN
80,555,6,10,2233,6396,372,10,372,28.98951786688762,639,0,639,19.91079269811197,15525888,28785,34,494.9088326692639,555,2,444,74,0,444,0,333,33,0,333,0,0,0,0,0,120,200,10794,17990,0,1000,539,42.159360076605964,269.50862225104567,0,1,0,0,1,0,0,0,1.67,539,372,639,120,0,0,0,0,0,0,6,2233,10,6396,53551,59499,5,20,0,0,0,0,0,0,0,0,BENIGN
22,2512,1,8,62,1923,62,10,62,42.57498267927777,240,0,240,8.040771271148838,790513,3582,279,457.4604655896448,2512,5,2009,2009,0,2009,0,1507,188,0,1507,0,0,0,0,0,20,160,398,3184,0,1000,220,43.32553097015898,924.4583698283377,0,1,0,0,0,0,0,0,8.0,220,62,240,20,0,0,0,0,0,0,1,62,8,1923,48595,38930,0,20,0,0,0,0,0,0,0,0,BENIGN
22,4144,2,11,1165,2748,582,10,582,3.115772341214529,249,0,249,40.77912037998318,944427,3136,318,766.3280693266965,4144,2,3315,1657,0,3315,0,2486,226,0,2486,0,0,0,0,0,40,220,482,2654,0,1000,301,88.48419866271276,731.3992208312908,0,0,0,0,0,0,0,0,5.5,301,582,249,40,0,0,0,0,0,0,2,1165,11,2748,35850,39183,1,20,0,0,0,0,0,0,0,0,BENIGN
22,2461,1,2,198,331,198,10,198,36.698845908782275,165,0,165,32.54602760519908,215606,1218,820,261.61762442235204,2461,10,1968,1968,0,1968,0,1476,738,0,1476,0,0,0,0,0,20,40,406,812,0,1000,176,60.71009599587022,544.8141509745806,0,0,0,0,0,0,0,0,2.0,176,198,165,20,0,0,0,0,0,0,1,198,2,331,62078,48300,0,20,0,0,0,0,0,0,0,0,BENIGN
53,4571,9,11,881,10476,97,10,97,25.76228788083666,952,0,952,28.34357511767559,2484523,4374,228,278.8381956702335,4571,9,3657,406,0,3657,0,2743,249,0,2743,0,0,0,0,0,180,220,1968,2406,0,1000,567,78.0114729900421,491.4849957812929,0,1,0,0,1,0,0,0,1.22,567,97,952,180,0,0,0,0,0,0,9,881,11,10476,57327,55266,8,20,0,0,0,0,0,0,0,0,BENIGN
80,4483197,247,3,176774,67,715,0,715,25.45038094449021,22,0,22,1.4002796424831931,39445,55,17932,602.481766784367,4483197,4,3586557,14520,0,3586557,0,2689918,896639,0,2689918,0,0,0,0,0,4940,60,55,0,0,1500,707,34.398715183163816,189.05628449519273,0,1,0,0,0,0,0,0,0.01,707,715,22,4940,0,0,0,0,0,0,247,176774,3,67,32621,41270,246,20,0,0,0,0,0,0,0,0,DDoS
8080,3410536,137,0,120206,0,877,0,877,49.434038347219904,0,0,0,2.514198519947647,35245,40,24894,110.95891461011809,3410536,9,2728429,19915,0,2728429,0,2046321,0,0,2046321,0,0,0,0,0,2740,0,40,0,0,1500,877,30.456611851841796,627.9846000199238,0,1,0,0,0,0,0,0,0.0,877,877,0,2740,0,0,0,0,0,0,137,120206,0,0,64177,64337,136,20,0,0,0,0,0,0,0,0,DDoS
80,2332511,300,4,295641,81,985,0,985,0.36644663180586123,20,0,20,15.515745221882792,126783,130,7672,107.67487275295639,2332511,4,1866009,6220,0,1866009,0,1399506,349876,0,1399506,0,0,0,0,0,6000,80,128,1,0,1500,972,72.80732258624192,962.1278273463853,0,1,0,0,0,0,0,0,0.01,972,985,20,6000,0,0,0,0,0,0,300,295641,4,81,62324,34087,299,20,0,0,0,0,0,0,0,0,DDoS
22850,68,1,1,0,0,0,0,0,36.11256410924421,0,0,0,18.395802226067786,0,29066,34,743.6186666658889,68,6,55,55,0,55,0,41,41,0,41,0,0,0,0,0,20,20,14533,14533,0,1000,0,34.47032958697276,796.2426746446486,0,1,0,0,0,0,0,0,1.0,0,0,0,20,0,0,0,0,0,0,1,0,1,0,63254,63417,0,20,0,0,0,0,0,0,0,0,PortScan
443,592,8,11,5637,6613,704,10,704,8.457664879379523,601,0,601,40.18280533675386,20674382,32061,31,608.0113765459292,592,10,474,59,0,474,0,355,32,0,355,0,0,0,0,0,160,220,13499,18561,0,1000,644,1.2000158101689862,819.6411560904224,0,1,0,0,1,0,0,0,1.38,644,704,601,160,0,0,0,0,0,0,8,5637,11,6613,46099,60006,7,20,0,0,0,0,0,0,0,0,BENIGN
53,4312,6,9,2792,5133,465,10,465,47.03182777743591,570,0,570,44.80239408257804,1837945,3478,287,113.77679710565059,4312,9,3450,575,0,3450,0,2587,287,0,2587,0,0,0,0,0,120,180,1391,2086,0,1000,528,35.53432777391758,867.5677012764447,0,1,0,0,1,0,0,0,1.5,528,465,570,120,0,0,0,0,0,0,6,2792,9,5133,39047,60733,5,20,0,0,0,0,0,0,0,0,BENIGN
443,734540,463,1,643360,40,1389,0,1389,17.297414742507737,40,0,40,31.204659699631083,875923,631,1583,373.9669792711341,734540,5,587632,1269,0,587632,0,440724,440724,0,440724,0,0,0,0,0,9260,20,630,1,0,1500,1386,15.224388270656108,643.3508735048838,0,1,0,0,0,0,0,0,0.0,1386,1389,40,9260,0,0,0,0,0,0,463,643360,1,40,30393,41081,462,20,0,0,0,0,0,0,0,0,DDoS
443,842,8,7,7652,2880,956,10,956,49.17942744895101,411,0,411,42.51065483340492,12496970,17797,56,814.8540295655399,842,3,674,84,0,674,0,505,72,0,505,0,0,0,0,0,160,140,9491,8305,0,1000,702,24.18469390701211,123.93213784089319,0,1,0,0,1,0,0,0,0.88,702,956,411,160,0,0,0,0,0,0,8,7652,7,2880,52169,32403,7,20,0,0,0,0,0,0,0,0,BENIGN
22,1035,1,10,366,11279,366,10,366,21.68030819277155,1127,0,1127,15.65830659044069,11248682,10625,94,988.788024283578,1035,3,828,828,0,828,0,621,62,0,621,0,0,0,0,0,20,200,965,9659,0,1000,1058,43.051298684162575,458.0028121161764,0,1,0,0,0,0,0,0,10.0,1058,366,1127,20,0,0,0,0,0,0,1,366,10,11279,61975,38467,0,20,0,0,0,0,0,0,0,0,BENIGN
22,4024,2,5,1116,457,558,10,558,49.23889921054234,91,0,91,41.194796107346676,391276,1739,574,900.9527059683435,4024,4,3219,1609,0,3219,0,2414,482,0,2414,0,0,0,0,0,40,100,497,1242,0,1000,224,45.14813326871806,15.63230085587608,0,1,0,0,1,0,0,0,2.5,224,558,91,40,0,0,0,0,0,0,2,1116,5,457,41730,38597,1,20,0,0,0,0,0,0,0,0,BENIGN
22,4396,6,6,2162,5435,360,10,360,29.66209246828918,905,0,905,11.639733144608433,1728259,2729,366,771.676975920658,4396,10,3517,586,0,3517,0,2637,439,0,2637,0,0,0,0,0,120,120,1364,1364,0,1000,633,94.4671003817991,224.98129190451687,0,0,0,0,1,0,0,0,1.0,633,360,905,120,0,0,0,0,0,0,6,2162,6,5435,62426,59162,5,20,0,0,0,0,0,0,0,0,BENIGN
22,4636,7,12,2287,11611,326,10,326,0.9230901222387122,967,0,967,32.762260810141626,2997857,4098,244,575.2040880295727,4636,8,3709,529,0,3709,0,2781,231,0,2781,0,0,0,0,0,140,240,1509,2588,0,1000,731,27.673320815934353,664.2314345964872,0,1,0,0,0,0,0,0,1.71,731,326,967,140,0,0,0,0,0,0,7,2287,12,11611,49275,29791,6,20,0,0,0,0,0,0,0,0,BENIGN
80,4078,7,4,2054,2692,293,10,293,18.86977152262902,673,0,673,0.05510760570874851,1163756,2696,370,386.01955204736106,4078,2,3262,466,0,3262,0,2447,611,0,2447,0,0,0,0,0,140,80,1716,980,0,1000,431,37.4136153006995,540.0698621252885,0,0,0,0,1,0,0,0,0.57,431,293,673,140,0,0,0,0,0,0,7,2054,4,2692,31814,63925,6,20,0,0,0,0,0,0,0,0,BENIGN
3306,3693641,269,2,222819,94,828,0,828,3.330118257777992,47,0,47,38.07273320195293,60350,73,13629,625.3085020878206,3693641,4,2954913,10984,0,2954913,0,2216184,1108092,0,2216184,0,0,0,0,0,5380,40,72,0,0,1500,822,83.84592777129413,226.4802087516281,0,1,0,0,0,0,0,0,0.01,822,828,47,5380,0,0,0,0,0,0,269,222819,2,94,55320,33804,268,20,0,0,0,0,0,0,0,0,DDoS
53,1722,9,2,5356,900,595,10,595,49.204973009538335,450,0,450,8.18687373389092,3632346,6385,156,709.2410485428901,1722,2,1378,153,0,1378,0,1033,516,0,1033,0,0,0,0,0,180,40,5224,1161,0,1000,568,21.120173597855096,655.5385486134403,0,1,0,0,0,0,0,0,0.22,568,595,450,180,0,0,0,0,0,0,9,5356,2,900,47373,63216,8,20,0,0,0,0,0,0,0,0,BENIGN
53,2343,2,3,353,2103,176,10,176,11.743708652474517,701,0,701,16.192279799523856,1048438,2133,468,684.3044503827844,2343,6,1874,937,0,1874,0,1406,468,0,1406,0,0,0,0,0,40,60,853,1280,0,1000,491,41.71321316730495,342.1385559694461,0,1,0,0,1,0,0,0,1.5,491,176,701,40,0,0,0,0,0,0,2,353,3,2103,30199,45843,1,20,0,0,0,0,0,0,0,0,BENIGN
3306,2656856,62,3,11212,15,180,0,180,7.129129081462482,5,0,5,29.902426401154308,4225,24,40874,62.391934824955975,2656856,7,2125484,34282,0,2125484,0,1594113,531371,0,1594113,0,0,0,0,0,1240,60,23,1,0,1500,172,83.09980906269888,84.92552377954365,0,1,0,0,0,0,0,0,0.05,172,180,5,1240,0,0,0,0,0,0,62,11212,3,15,61027,32978,61,20,0,0,0,0,0,0,0,0,DDoS
80,3074,1,1,110,1171,110,10,110,29.572890990011448,1171,0,1171,14.16651149298609,416696,650,1537,49.87644238418265,3074,1,2459,2459,0,2459,0,1844,1844,0,1844,0,0,0,0,0,20,20,325,325,0,1000,640,42.52524157480774,699.1023995661106,0,1,0,0,1,0,0,0,1.0,640,110,1171,20,0,0,0,0,0,0,1,110,1,1171,50890,42590,0,20,0,0,0,0,0,0,0,0,BENIGN
123,710,1,4,112,1249,112,10,112,44.84270981442885,312,0,312,27.958905221124265,1916695,7035,142,645.1767690194362,710,10,568,568,0,568,0,426,106,0,426,0,0,0,0,0,20,80,1407,5628,0,1000,272,93.20633741429769,788.4459620696626,0,0,0,0,1,0,0,0,4.0,272,112,312,20,0,0,0,0,0,0,1,112,4,1249,41505,47325,0,20,0,0,0,0,0,0,0,0,BENIGN
80,2264,10,12,5020,10138,502,10,502,34.04945113871017,844,0,844,5.8946774145475835,6695649,9717,102,745.3055531443367,2264,10,1811,181,0,1811,0,1358,113,0,1358,0,0,0,0,0,200,240,4416,5300,0,1000,689,6.350464077702133,825.504325477901,0,1,0,0,1,0,0,0,1.2,689,502,844,200,0,0,0,0,0,0,10,5020,12,10138,56091,30325,9,20,0,0,0,0,0,0,0,0,BENIGN
80,4611,5,3,1290,809,258,10,258,29.32893463125022,269,0,269,10.270547865330077,455252,1734,576,596.4113506591899,4611,5,3689,737,0,3689,0,2766,922,0,2766,0,0,0,0,0,100,60,1084,650,0,1000,262,58.29838535126889,986.0918374995166,0,0,0,0,0,0,0,0,0.6,262,258,269,100,0,0,0,0,0,0,5,1290,3,809,31243,37371,4,20,0,0,0,0,0,0,0,0,BENIGN
8080,121204,123,5,115553,111,939,0,939,32.95498610137153,22,0,22,12.26087354816865,954296,1056,946,383.8454894250692,121204,5,96963,788,0,96963,0,72722,14544,0,72722,0,0,0,0,0,2460,100,1014,41,0,1500,903,96.08900410612301,626.4328033749151,0,1,0,0,0,0,0,0,0.04,903,939,22,2460,0,0,0,0,0,0,123,115553,5,111,36306,64480,122,20,0,0,0,0,0,0,0,0,DDoS
443,591,4,9,239,10342,59,10,59,3.7100244516539984,1149,0,1149,31.03000949995865,17878536,21963,45,763.4886471901387,591,9,473,118,0,473,0,355,39,0,355,0,0,0,0,0,80,180,6757,15205,0,1000,814,41.92459044851159,687.2382584359437,0,1,0,0,1,0,0,0,2.25,814,59,1149,80,0,0,0,0,0,0,4,239,9,10342,30842,47200,3,20,0,0,0,0,0,0,0,0,BENIGN
123,3605,5,5,354,5011,70,10,70,9.904862701745149,1002,0,1002,14.985464123586118,1488284,2773,360,569.6869691288932,3605,9,2884,576,0,2884,0,2163,432,0,2163,0,0,0,0,0,100,100,1386,1386,0,1000,536,56.74106275566066,193.28685727909456,0,0,0,0,0,0,0,0,1.0,536,70,1002,100,0,0,0,0,0,0,5,354,5,5011,43499,29768,4,20,0,0,0,0,0,0,0,0,BENIGN
443,3018975,240,2,310048,67,1291,0,1291,25.634459433828994,33,0,33,5.811848274032572,102722,80,12475,827.7321188679774,3018975,4,2415180,10063,0,2415180,0,1811385,905692,0,1811385,0,0,0,0,0,4800,40,79,0,0,1500,1281,98.89184866721867,398.69490819244544,0,1,0,0,0,0,0,0,0.01,1281,1291,33,4800,0,0,0,0,0,0,240,310048,2,67,53273,31709,239,20,0,0,0,0,0,0,0,0,DDoS
443,4553,10,7,9297,3291,929,10,929,27.88231038726759,470,0,470,19.092142577159294,2764930,3733,267,490.42046642226865,4553,6,3642,364,0,3642,0,2731,390,0,2731,0,0,0,0,0,200,140,2196,1537,0,1000,740,15.169663770489816,415.59707039675567,0,1,0,0,0,0,0,0,0.7,740,929,470,200,0,0,0,0,0,0,10,9297,7,3291,31199,32650,9,20,0,0,0,0,0,0,0,0,BENIGN
443,1208,9,1,8658,827,962,10,962,38.36667538910433,827,0,827,26.294955603560695,7848486,8273,120,145.39340752346297,1208,6,966,107,0,966,0,725,725,0,725,0,0,0,0,0,180,20,7446,827,0,1000,948,10.085428808985375,229.3069441683767,0,1,0,0,0,0,0,0,0.11,948,962,827,180,0,0,0,0,0,0,9,8658,1,827,64070,48237,8,20,0,0,0,0,0,0,0,0,BENIGN
80,4016,8,7,3692,6240,461,10,461,13.650745996398589,891,0,891,37.296074139218014,2472968,3734,267,749.7751026640309,4016,5,3213,401,0,3213,0,2410,344,0,2410,0,0,0,0,0,160,140,1991,1742,0,1000,662,26.0445074785672,744.1400106607194,0,1,0,0,0,0,0,0,0.88,662,461,891,160,0,0,0,0,0,0,8,3692,7,6240,55498,50635,7,20,0,0,0,0,0,0,0,0,BENIGN
22,1413,3,4,2603,1813,867,10,867,13.138473955496405,453,0,453,38.19524736725696,3123585,4951,201,288.9453139058574,1413,9,1131,377,0,1131,0,848,212,0,848,0,0,0,0,0,60,80,2121,2829,0,1000,630,1.6461188120706627,674.5524015765953,0,1,0,0,1,0,0,0,1.33,630,867,453,60,0,0,0,0,0,0,3,2603,4,1813,54063,59985,2,20,0,0,0,0,0,0,0,0,BENIGN
123,4013,10,5,7976,3645,797,10,797,6.73402091300987,729,0,729,5.805453900742691,2895671,3737,267,206.95404868763922,4013,10,3210,321,0,3210,0,2408,481,0,2408,0,0,0,0,0,200,100,2491,1245,0,1000,774,9.228634756840304,916.0984311699212,0,0,0,0,1,0,0,0,0.5,774,797,729,200,0,0,0,0,0,0,10,7976,5,3645,47881,31295,9,20,0,0,0,0,0,0,0,0,BENIGN
443,4292606,378,2,481834,86,1274,0,1274,29.49698875975722,43,0,43,0.3499032517240319,112267,88,11296,357.08325222651126,4292606,8,3434085,9084,0,3434085,0,2575563,1287781,0,2575563,0,0,0,0,0,7560,40,88,0,0,1500,1268,70.87568293470062,6.530432747852477,0,1,0,0,0,0,0,0,0.01,1268,1274,43,7560,0,0,0,0,0,0,378,481834,2,86,64182,32975,377,20,0,0,0,0,0,0,0,0,DDoS
443,432,4,7,1168,3260,292,10,292,48.46024137534991,465,0,465,7.5134794797096225,10248519,25454,39,67.20173207427116,432,10,345,86,0,345,0,259,37,0,259,0,0,0,0,0,80,140,9256,16198,0,1000,402,36.638997688458076,537.2106919481654,0,0,0,0,0,0,0,0,1.75,402,292,465,80,0,0,0,0,0,0,4,1168,7,3260,31214,63786,3,20,0,0,0,0,0,0,0,0,BENIGN
22,1742,7,2,4864,370,694,10,694,49.72767414449029,185,0,185,45.64694112946752,3005182,5166,193,32.601980208784134,1742,1,1393,199,0,1393,0,1045,522,0,1045,0,0,0,0,0,140,40,4018,1148,0,1000,581,85.02411341371973,981.4570104835145,0,1,0,0,1,0,0,0,0.29,581,694,185,140,0,0,0,0,0,0,7,4864,2,370,43243,59689,6,20,0,0,0,0,0,0,0,0,BENIGN
22,4878,3,9,469,4842,156,10,156,10.25188133731978,538,0,538,19.97062368802946,1088799,2460,406,878.1958543130141,4878,8,3902,1300,0,3902,0,2926,325,0,2926,0,0,0,0,0,60,180,615,1845,0,1000,442,25.795372299949058,715.7459481680318,0,1,0,0,1,0,0,0,3.0,442,156,538,60,0,0,0,0,0,0,3,469,9,4842,59587,59846,2,20,0,0,0,0,0,0,0,0,BENIGN
443,533,10,6,3024,4192,302,10,302,6.58401679194347,698,0,698,5.073451627140263,13535692,30008,33,824.5949693744644,533,8,426,42,0,426,0,319,53,0,319,0,0,0,0,0,200,120,18755,11253,0,1000,451,12.091835705975672,774.3655314123426,0,0,0,0,0,0,0,0,0.6,451,302,698,200,0,0,0,0,0,0,10,3024,6,4192,40216,31769,9,20,0,0,0,0,0,0,0,0,BENIGN
80,768,10,7,5504,7392,550,10,550,44.2272014012967,1056,0,1056,39.02213981281822,16779909,22118,45,356.8429844393918,768,4,614,61,0,614,0,461,65,0,461,0,0,0,0,0,200,140,13011,9107,0,1000,758,42.7024526315386,898.3129590827313,0,0,0,0,0,0,0,0,0.7,758,550,1056,200,0,0,0,0,0,0,10,5504,7,7392,64465,51659,9,20,0,0,0,0,0,0,0,0,BENIGN
53,4734,6,7,5863,948,977,10,977,28.823764957237625,135,0,135,30.875505638383576,1438950,2745,364,548.7629353411476,4734,1,3787,631,0,3787,0,2840,405,0,2840,0,0,0,0,0,120,140,1267,1478,0,1000,524,46.40576617491307,697.4843544217271,0,0,0,0,1,0,0,0,1.17,524,977,135,120,0,0,0,0,0,0,6,5863,7,948,45684,46636,5,20,0,0,0,0,0,0,0,0,BENIGN
8080,4854348,166,1,94173,14,567,0,567,22.859399562895838,14,0,14,12.113731326434996,19402,34,29067,778.4215747429097,4854348,9,3883478,23394,0,3883478,0,2912609,2912609,0,2912609,0,0,0,0,0,3320,20,34,0,0,1500,564,45.468820481184444,569.625381882985,0,1,0,0,0,0,0,0,0.01,564,567,14,3320,0,0,0,0,0,0,166,94173,1,14,63948,34045,165,20,0,0,0,0,0,0,0,0,DDoS
80,4067,10,11,7263,2737,726,10,726,47.95661873463346,248,0,248,43.11085051812502,2458582,5162,193,753.6022928455636,4067,8,3254,325,0,3254,0,2440,221,0,2440,0,0,0,0,0,200,220,2458,2704,0,1000,476,74.44783912719137,686.97638938374,0,1,0,0,1,0,0,0,1.1,476,726,248,200,0,0,0,0,0,0,10,7263,11,2737,61244,48907,9,20,0,0,0,0,0,0,0,0,BENIGN
443,1046,3,9,2958,6897,986,10,986,48.11160949665601,766,0,766,15.980121157098887,9417443,11465,87,113.78857410591914,1046,10,837,279,0,837,0,627,69,0,627,0,0,0,0,0,60,180,2866,8599,0,1000,821,48.02349319753635,973.2729259679329,0,1,0,0,1,0,0,0,3.0,821,986,766,60,0,0,0,0,0,0,3,2958,9,6897,31993,64721,2,20,0,0,0,0,0,0,0,0,BENIGN
53,2778,1,12,156,620,156,10,156,21.898886263374077,51,0,51,48.756564368568014,279825,4678,213,86.92377339636926,2778,7,2222,2222,0,2222,0,1667,138,0,1667,0,0,0,0,0,20,240,359,4318,0,1000,59,9.109389019902581,407.1933892019668,0,1,0,0,0,0,0,0,12.0,59,156,51,20,0,0,0,0,0,0,1,156,12,620,31769,64454,0,20,0,0,0,0,0,0,0,0,BENIGN
123,4866,6,4,5527,1449,921,10,921,45.08727919892456,362,0,362,37.057152487381614,1433534,2054,486,727.253010495005,4866,10,3893,648,0,3893,0,2919,729,0,2919,0,0,0,0,0,120,80,1232,821,0,1000,697,78.20156302827884,935.6613468595114,0,1,0,0,1,0,0,0,0.67,697,921,362,120,0,0,0,0,0,0,6,5527,4,1449,48154,55788,5,20,0,0,0,0,0,0,0,0,BENIGN
123,1407,10,9,3838,2815,383,10,383,35.50605619177556,312,0,312,15.361169902431172,4728479,13502,74,872.3841589873339,1407,5,1125,112,0,1125,0,844,93,0,844,0,0,0,0,0,200,180,7106,6396,0,1000,350,82.1062976074833,622.758463602781,0,0,0,0,0,0,0,0,0.9,350,383,312,200,0,0,0,0,0,0,10,3838,9,2815,55804,59675,9,20,0,0,0,0,0,0,0,0,BENIGN
443,853,5,3,1388,308,277,10,277,43.580389346491486,102,0,102,33.15677996952153,1986656,9368,106,217.26511835934303,853,9,683,136,0,683,0,512,170,0,512,0,0,0,0,0,100,60,5855,3513,0,1000,212,61.88802248656532,204.07610183253965,0,1,0,0,0,0,0,0,0.6,212,277,102,100,0,0,0,0,0,0,5,1388,3,308,63317,44129,4,20,0,0,0,0,0,0,0,0,BENIGN
80,1879,3,1,1735,83,578,10,578,30.36306007703925,83,0,83,48.9929928517591,967374,2127,469,860.359979395671,1879,3,1503,501,0,1503,0,1127,1127,0,1127,0,0,0,0,0,60,20,1595,531,0,1000,454,12.01665239252706,67.3266389070295,0,1,0,0,0,0,0,0,0.33,454,578,83,60,0,0,0,0,0,0,3,1735,1,83,45802,63286,2,20,0,0,0,0,0,0,0,0,BENIGN
443,385778,346,0,49886,0,144,0,144,25.83151037916467,0,0,0,42.095073596925886,129313,896,1114,186.1795231685174,385778,5,308622,891,0,308622,0,231467,0,0,231467,0,0,0,0,0,6920,0,896,0,0,1500,144,62.774926336072525,926.1696529020968,0,1,0,0,0,0,0,0,0.0,144,144,0,6920,0,0,0,0,0,0,346,49886,0,0,55667,51532,345,20,0,0,0,0,0,0,0,0,DDoS
22,3890,9,8,6925,6053,769,10,769,30.5793295790935,756,0,756,5.781824257278522,3335587,4369,228,231.4198548765102,3890,10,3112,345,0,3112,0,2334,291,0,2334,0,0,0,0,0,180,160,2313,2056,0,1000,763,60.01841889176903,490.46688466858836,0,1,0,0,1,0,0,0,0.89,763,769,756,180,0,0,0,0,0,0,9,6925,8,6053,63420,65046,8,20,0,0,0,0,0,0,0,0,BENIGN
53,3101,10,6,3602,3822,360,10,360,25.005168743146257,637,0,637,43.61940420166987,2394238,5159,193,722.0143047855427,3101,5,2481,248,0,2481,0,1860,310,0,1860,0,0,0,0,0,200,120,3224,1934,0,1000,464,55.884628776010324,27.059324682555008,0,1,0,0,0,0,0,0,0.6,464,360,637,200,0,0,0,0,0,0,10,3602,6,3822,41266,63359,9,20,0,0,0,0,0,0,0,0,BENIGN
53,2413,9,5,4904,4632,544,10,544,38.542380449878536,926,0,926,30.381516726680598,3952253,5801,172,564.2922159796964,2413,7,1930,214,0,1930,0,1447,289,0,1447,0,0,0,0,0,180,100,3729,2071,0,1000,681,66.18971940764568,208.18980677586006,0,0,0,0,0,0,0,0,0.56,681,544,926,180,0,0,0,0,0,0,9,4904,5,4632,46494,65202,8,20,0,0,0,0,0,0,0,0,BENIGN
22,131059,135,94,8101,2149,60,0,60,41.65462022123233,22,0,22,13.454762546592347,78212,1747,572,79.88483471672625,131059,3,104847,776,0,104847,0,78635,836,0,78635,0,0,0,0,0,2700,1880,1030,717,0,1000,44,8.698515221435732,502.98503392491676,0,0,0,0,1,0,0,0,0.7,44,60,22,2700,0,0,0,0,0,0,135,8101,94,2149,42078,31900,134,20,0,0,0,0,0,0,0,0,SSH-Patator
53,2371,9,1,8100,819,900,10,900,40.890166365240646,819,0,819,22.504804117810046,3761384,4216,237,394.9277298447702,2371,5,1897,210,0,1897,0,1422,1422,0,1422,0,0,0,0,0,180,20,3795,421,0,1000,891,51.28700865390057,914.3656525807423,0,0,0,0,1,0,0,0,0.11,891,900,819,180,0,0,0,0,0,0,9,8100,1,819,58637,37318,8,20,0,0,0,0,0,0,0,0,BENIGN
443,1083,4,3,1328,1035,332,10,332,6.307359206404456,345,0,345,30.25055273063874,2180841,6458,154,779.1408916405841,1083,6,867,216,0,867,0,650,216,0,650,0,0,0,0,0,80,60,3690,2767,0,1000,337,65.62672211684053,639.8384924476652,0,1,0,0,0,0,0,0,0.75,337,332,345,80,0,0,0,0,0,0,4,1328,3,1035,47254,38766,3,20,0,0,0,0,0,0,0,0,BENIGN
53,3490,5,10,995,9187,199,10,199,20.859606412238605,918,0,918,49.749772303931046,2917615,4297,232,405.1180593687362,3490,5,2792,558,0,2792,0,2094,209,0,2094,0,0,0,0,0,100,200,1432,2865,0,1000,678,97.6280316782654,85.61066277580176,0,1,0,0,1,0,0,0,2.0,678,199,918,100,0,0,0,0,0,0,5,995,10,9187,32725,31901,4,20,0,0,0,0,0,0,0,0,BENIGN
443,2764,8,3,1339,426,167,10,167,40.89143239312068,142,0,142,44.33260308224379,638726,3979,251,539.0999825494351,2764,6,2211,276,0,2211,0,1658,552,0,1658,0,0,0,0,0,160,60,2894,1085,0,1000,160,47.30735573549549,553.9794329652967,0,0,0,0,1,0,0,0,0.38,160,167,142,160,0,0,0,0,0,0,8,1339,3,426,43323,57710,7,20,0,0,0,0,0,0,0,0,BENIGN
53,1333,5,7,501,6063,100,10,100,2.9071792015915587,866,0,866,1.8814364480127188,4924961,9001,111,244.09375580591563,1333,4,1066,213,0,1066,0,799,114,0,799,0,0,0,0,0,100,140,3750,5251,0,1000,547,3.408609861014733,969.8376212566108,0,1,0,0,1,0,0,0,1.4,547,100,866,100,0,0,0,0,0,0,5,501,7,6063,30359,64594,4,20,0,0,0,0,0,0,0,0,BENIGN
443,2506132,132,4,161210,173,1221,0,1221,32.22773775811618,43,0,43,36.03326117329767,64395,54,18427,121.0293407487254,2506132,7,2004906,15188,0,2004906,0,1503679,375919,0,1503679,0,0,0,0,0,2640,80,52,1,0,1500,1186,77.79472105198276,289.70498997656466,0,1,0,0,0,0,0,0,0.03,1186,1221,43,2640,0,0,0,0,0,0,132,161210,4,173,35260,64269,131,20,0,0,0,0,0,0,0,0,DDoS
22,3774,9,1,2915,595,323,10,323,46.02045986282477,595,0,595,5.659573681413605,930117,2649,377,32.88295432653365,3774,8,3019,335,0,3019,0,2264,2264,0,2264,0,0,0,0,0,180,20,2384,264,0,1000,351,95.44216213517683,565.050448014916,0,1,0,0,0,0,0,0,0.11,351,323,595,180,0,0,0,0,0,0,9,2915,1,595,38947,48401,8,20,0,0,0,0,0,0,0,0,BENIGN
53,4657,5,7,979,7908,195,10,195,1.8848033856119106,1129,0,1129,29.628159417108357,1908446,2576,388,986.2634728362103,4657,10,3725,745,0,3725,0,2794,399,0,2794,0,0,0,0,0,100,140,1073,1503,0,1000,740,14.358457853716954,413.1588770873703,0,0,0,0,1,0,0,0,1.4,740,195,1129,100,0,0,0,0,0,0,5,979,7,7908,65128,37226,4,20,0,0,0,0,0,0,0,0,BENIGN
22,64,8,2,3740,671,467,10,467,15.218579927537428,335,0,335,41.854828471812525,68459056,155140,6,459.46842260251674,64,9,51,6,0,51,0,38,19,0,38,0,0,0,0,0,160,40,124112,31028,0,1000,441,85.74887657313336,372.0478601115049,0,1,0,0,0,0,0,0,0.25,441,467,335,160,0,0,0,0,0,0,8,3740,2,671,31018,35378,7,20,0,0,0,0,0,0,0,0,BENIGN
53,3154,1,10,305,11390,305,10,305,29.903199289479282,1139,0,1139,10.34405975590047,3707116,3486,286,72.56412264729106,3154,8,2523,2523,0,2523,0,1892,189,0,1892,0,0,0,0,0,20,200,316,3169,0,1000,1063,52.30729002156416,229.46264804215122,0,0,0,0,1,0,0,0,10.0,1063,305,1139,20,0,0,0,0,0,0,1,305,10,11390,42948,50149,0,20,0,0,0,0,0,0,0,0,BENIGN
8080,3847274,219,5,113100,162,516,0,516,15.345956496982115,32,0,32,25.367783055328776,29439,58,17175,146.00401843490718,3847274,9,3077819,14053,0,3077819,0,2308364,461672,0,2308364,0,0,0,0,0,4380,100,56,1,0,1500,505,59.80271378716648,330.7894159063994,0,1,0,0,0,0,0,0,0.02,505,516,32,4380,0,0,0,0,0,0,219,113100,5,162,65447,44834,218,20,0,0,0,0,0,0,0,0,DDoS
52109,18,2,0,0,0,0,0,0,26.078037906600688,0,0,0,16.864870490338905,0,107491,9,410.2374229514175,18,1,14,7,0,14,0,11,0,0,11,0,0,0,0,0,40,0,107491,0,0,1000,0,69.56284510593605,960.1082701652883,0,1,0,0,0,0,0,0,0.0,0,0,0,40,0,0,0,0,0,0,2,0,0,0,55787,45686,1,20,0,0,0,0,0,0,0,0,PortScan
22,2122,2,2,84,686,42,10,42,4.9321865035431625,343,0,343,5.605802448198716,363195,1884,530,961.1062195812095,2122,9,1698,849,0,1698,0,1273,636,0,1273,0,0,0,0,0,40,40,942,942,0,1000,192,70.23818135041606,854.176531000489,0,1,0,0,0,0,0,0,1.0,192,42,343,40,0,0,0,0,0,0,2,84,2,686,41031,46626,1,20,0,0,0,0,0,0,0,0,BENIGN
8080,2339453,108,2,130895,59,1211,0,1211,35.695812876891004,29,0,29,27.474217077553675,55976,47,21267,436.41267066591496,2339453,7,1871563,17329,0,1871563,0,1403672,701836,0,1403672,0,0,0,0,0,2160,40,46,0,0,1500,1190,79.47163831906079,402.3872456338287,0,1,0,0,0,0,0,0,0.02,1190,1211,29,2160,0,0,0,0,0,0,108,130895,2,59,55963,32581,107,20,0,0,0,0,0,0,0,0,DDoS
80,4576,6,9,522,2755,87,10,87,49.06933915827082,306,0,306,14.717463968732048,716211,3277,305,938.9515118150164,4576,6,3661,610,0,3661,0,2746,305,0,2746,0,0,0,0,0,120,180,1310,1966,0,1000,218,8.242932145770565,875.002659883608,0,0,0,0,1,0,0,0,1.5,218,87,306,120,0,0,0,0,0,0,6,522,9,2755,44842,56893,5,20,0,0,0,0,0,0,0,0,BENIGN
443,3683963,388,4,123296,196,317,0,317,15.903788618883313,49,0,49,6.978413309873965,33521,106,9397,167.96755894781668,3683963,6,2947170,7595,0,2947170,0,2210377,552594,0,2210377,0,0,0,0,0,7760,80,105,1,0,1500,315,74.21949140449127,229.02327077602914,0,1,0,0,0,0,0,0,0.01,315,317,49,7760,0,0,0,0,0,0,388,123296,4,196,54630,44597,387,20,0,0,0,0,0,0,0,0,DDoS
53,3482,9,6,3629,2486,403,10,403,14.185993794644125,414,0,414,5.797700779563353,1756334,4307,232,937.5971945653733,3482,7,2786,309,0,2786,0,2089,348,0,2089,0,0,0,0,0,180,120,2584,1722,0,1000,407,19.55335429806332,29.122541385180888,0,0,0,0,0,0,0,0,0.67,407,403,414,180,0,0,0,0,0,0,9,3629,6,2486,42767,46999,8,20,0,0,0,0,0,0,0,0,BENIGN
80,2806,6,5,3017,1555,502,10,502,33.99360613427256,311,0,311,26.261976770848182,1629682,3920,255,586.1907127716688,2806,5,2244,374,0,2244,0,1683,336,0,1683,0,0,0,0,0,120,100,2138,1781,0,1000,415,15.014563783270473,850.2149322533874,0,0,0,0,1,0,0,0,0.83,415,502,311,120,0,0,0,0,0,0,6,3017,5,1555,62177,50525,5,20,0,0,0,0,0,0,0,0,BENIGN
123,2669,3,11,759,1566,253,10,253,19.569582464662872,142,0,142,14.299283003301088,871131,5244,190,906.7070035096103,2669,7,2135,711,0,2135,0,1601,145,0,1601,0,0,0,0,0,60,220,1123,4120,0,1000,166,20.118852898389072,198.95719914997966,0,1,0,0,0,0,0,0,3.67,166,253,142,60,0,0,0,0,0,0,3,759,11,1566,37885,40100,2,20,0,0,0,0,0,0,0,0,BENIGN
80,4147,2,4,1895,1241,947,10,947,34.86101167414325,310,0,310,8.99679383979069,756328,1446,691,456.33830856593283,4147,4,3318,1659,0,3318,0,2488,622,0,2488,0,0,0,0,0,40,80,482,964,0,1000,522,9.71844332395989,655.6768291574997,0,0,0,0,1,0,0,0,2.0,522,947,310,40,0,0,0,0,0,0,2,1895,4,1241,44174,33584,1,20,0,0,0,0,0,0,0,0,BENIGN
123,3680,10,5,6911,5819,691,10,691,14.30193293900619,1163,0,1163,33.49367310489244,3459003,4075,245,929.548506588064,3680,4,2944,294,0,2944,0,2208,441,0,2208,0,0,0,0,0,200,100,2717,1358,0,1000,848,15.456546198030585,990.759381326267,0,0,0,0,0,0,0,0,0.5,848,691,1163,200,0,0,0,0,0,0,10,6911,5,5819,46807,39897,9,20,0,0,0,0,0,0,0,0,BENIGN
22,3126,5,1,2920,198,584,10,584,5.543759498887307,198,0,198,41.47785280234538,997624,1918,521,507.5373257577488,3126,8,2501,500,0,2501,0,1876,1876,0,1876,0,0,0,0,0,100,20,1599,319,0,1000,519,39.31619835015251,726.4409606266631,0,1,0,0,1,0,0,0,0.2,519,584,198,100,0,0,0,0,0,0,5,2920,1,198,35516,40371,4,20,0,0,0,0,0,0,0,0,BENIGN
123,1616,5,3,3970,1034,794,10,794,26.092624871380654,344,0,344,26.96477675002418,3097164,4949,202,472.44936239555113,1616,4,1292,258,0,1292,0,969,323,0,969,0,0,0,0,0,100,60,3093,1856,0,1000,625,23.04508019180297,491.1562776915459,0,1,0,0,1,0,0,0,0.6,625,794,344,100,0,0,0,0,0,0,5,3970,3,1034,46065,35206,4,20,0,0,0,0,0,0,0,0,BENIGN
53,386,3,8,2799,4137,933,10,933,2.767892095376945,517,0,517,20.00186334846812,17944377,28453,35,82.4459168060171,386,10,309,103,0,309,0,231,28,0,231,0,0,0,0,0,60,160,7760,20693,0,1000,630,60.63563371925994,629.6301498409492,0,0,0,0,0,0,0,0,2.67,630,933,517,60,0,0,0,0,0,0,3,2799,8,4137,58657,53558,2,20,0,0,0,0,0,0,0,0,BENIGN
123,3325,9,8,1152,6698,128,10,128,20.289918263338315,837,0,837,47.09598472620342,2361350,5112,195,769.0382050419919,3325,4,2660,295,0,2660,0,1995,249,0,1995,0,0,0,0,0,180,160,2706,2406,0,1000,461,99.44391081324511,981.0493349504445,0,0,0,0,1,0,0,0,0.89,461,128,837,180,0,0,0,0,0,0,9,1152,8,6698,61302,33010,8,20,0,0,0,0,0,0,0,0,BENIGN
443,997,4,5,3710,3622,927,10,927,39.11700417058649,724,0,724,1.899710721409098,7351789,9022,110,173.56521820809422,997,5,797,199,0,797,0,598,119,0,598,0,0,0,0,0,80,100,4010,5012,0,1000,814,71.8083358209379,279.16560181914207,0,1,0,0,0,0,0,0,1.25,814,927,724,80,0,0,0,0,0,0,4,3710,5,3622,37084,33835,3,20,0,0,0,0,0,0,0,0,BENIGN
21844,117,2,1,0,0,0,0,0,30.533357350300854,0,0,0,23.207222288570517,0,25489,39,288.9886321708497,117,9,94,47,0,94,0,70,70,0,70,0,0,0,0,0,40,20,16993,8496,0,1000,0,93.25728713735263,81.90451342270211,0,1,0,0,0,0,0,0,0.5,0,0,0,40,0,0,0,0,0,0,2,0,1,0,35008,46719,1,20,0,0,0,0,0,0,0,0,PortScan
53,2495,4,4,1166,2763,291,10,291,28.576366365227884,690,0,690,47.96345123142844,1574490,3205,311,776.3404616708754,2495,9,1996,499,0,1996,0,1497,374,0,1497,0,0,0,0,0,80,80,1602,1602,0,1000,491,4.30514587449874,621.8115941540316,0,1,0,0,1,0,0,0,1.0,491,291,690,80,0,0,0,0,0,0,4,1166,4,2763,38288,64279,3,20,0,0,0,0,0,0,0,0,BENIGN
443,1418,2,7,1711,7102,855,10,855,39.858456193155526,1014,0,1014,6.4563635418877325,6214558,6345,157,314.7791180023478,1418,1,1134,567,0,1134,0,850,121,0,850,0,0,0,0,0,40,140,1410,4935,0,1000,979,83.97779826526332,506.5336686216341,0,0,0,0,0,0,0,0,3.5,979,855,1014,40,0,0,0,0,0,0,2,1711,7,7102,37146,36544,1,20,0,0,0,0,0,0,0,0,BENIGN
80,1168451,261,5,111321,242,426,0,426,44.86378271021449,48,0,48,8.066405985619468,95479,227,4392,155.39220020585864,1168451,6,934761,3581,0,934761,0,701071,140214,0,701071,0,0,0,0,0,5220,100,223,4,0,1500,419,37.60927420071029,845.4427420396937,0,1,0,0,0,0,0,0,0.02,419,426,48,5220,0,0,0,0,0,0,261,111321,5,242,46669,38037,260,20,0,0,0,0,0,0,0,0,DDoS
5374,124,1,0,0,0,0,0,0,48.50476261892459,0,0,0,6.683322806545306,0,8023,124,675.2987816515055,124,6,99,99,0,99,0,74,0,0,74,0,0,0,0,0,20,0,8023,0,0,1000,0,0.8772854004435726,910.4803808467074,0,1,0,0,0,0,0,0,0.0,0,0,0,20,0,0,0,0,0,0,1,0,0,0,35328,56993,0,20,0,0,0,0,0,0,0,0,PortScan
3306,1791259,250,5,321921,85,1287,0,1287,20.227715071390477,17,0,17,34.40978972165923,179765,142,7024,791.125627103389,1791259,8,1433007,5732,0,1433007,0,1074755,214951,0,1074755,0,0,0,0,0,5000,100,139,2,0,1500,1262,94.54296427861397,308.63405523185395,0,1,0,0,0,0,0,0,0.02,1262,1287,17,5000,0,0,0,0,0,0,250,321921,5,85,65499,34370,249,20,0,0,0,0,0,0,0,0,DDoS
16670,113,2,0,0,0,0,0,0,17.799704911193697,0,0,0,17.301806896629085,0,17620,56,968.8107939220375,113,10,90,45,0,90,0,68,0,0,68,0,0,0,0,0,40,0,17620,0,0,1000,0,71.17736043661668,991.2914249522136,0,1,0,0,0,0,0,0,0.0,0,0,0,40,0,0,0,0,0,0,2,0,0,0,58321,64392,1,20,0,0,0,0,0,0,0,0,PortScan
443,3851718,389,4,246904,91,634,0,634,9.462730279949676,22,0,22,14.802916993488674,64126,102,9800,596.8539653449393,3851718,10,3081374,7921,0,3081374,0,2311031,577757,0,2311031,0,0,0,0,0,7780,80,100,1,0,1500,628,28.47035586516109,109.80556774084226,0,1,0,0,0,0,0,0,0.01,628,634,22,7780,0,0,0,0,0,0,389,246904,4,91,45802,31446,388,20,0,0,0,0,0,0,0,0,DDoS
22,829,4,9,523,3754,130,10,130,14.724668073026464,417,0,417,34.07727567280383,5159837,15676,63,750.3798704109652,829,9,663,165,0,663,0,497,55,0,497,0,0,0,0,0,80,180,4823,10852,0,1000,329,82.54838023419309,437.8743469149297,0,0,0,0,0,0,0,0,2.25,329,130,417,80,0,0,0,0,0,0,4,523,9,3754,30427,53644,3,20,0,0,0,0,0,0,0,0,BENIGN
53,1927,10,7,2410,2134,241,10,241,47.30806444384548,304,0,304,4.8049169797469204,2358602,8820,113,849.5897627968818,1927,1,1541,154,0,1541,0,1156,165,0,1156,0,0,0,0,0,200,140,5188,3632,0,1000,267,39.93380391821294,832.236711781353,0,1,0,0,1,0,0,0,0.7,267,241,304,200,0,0,0,0,0,0,10,2410,7,2134,54844,56964,9,20,0,0,0,0,0,0,0,0,BENIGN
53,4326,1,8,727,9361,727,10,727,48.214732661871004,1170,0,1170,48.82395196907635,2331853,2080,480,12.824453460523188,4326,1,3461,3461,0,3461,0,2595,324,0,2595,0,0,0,0,0,20,160,231,1849,0,1000,1120,72.58365473783095,738.8340313094341,0,0,0,0,1,0,0,0,8.0,1120,727,1170,20,0,0,0,0,0,0,1,727,8,9361,41558,61864,0,20,0,0,0,0,0,0,0,0,BENIGN
443,1095,7,12,3329,6254,475,10,475,11.42633697112519,521,0,521,20.290348233400398,8747098,17341,57,245.62083055371363,1095,6,876,125,0,876,0,657,54,0,657,0,0,0,0,0,140,240,6388,10952,0,1000,504,19.998307358859748,324.4197558098551,0,1,0,0,1,0,0,0,1.71,504,475,521,140,0,0,0,0,0,0,7,3329,12,6254,41157,30912,6,20,0,0,0,0,0,0,0,0,BENIGN
443,1049,2,5,1244,1974,622,10,622,6.318663320787343,394,0,394,43.90662672507274,3067771,6671,149,896.6235232929597,1049,6,839,419,0,839,0,629,125,0,629,0,0,0,0,0,40,100,1906,4765,0,1000,459,70.71719045987166,510.8329770883492,0,0,0,0,1,0,0,0,2.5,459,622,394,40,0,0,0,0,0,0,2,1244,5,1974,57176,51572,1,20,0,0,0,0,0,0,0,0,BENIGN
8080,3524642,351,4,168063,186,478,0,478,34.69355255823711,46,0,46,17.932354365123395,47735,100,9928,886.9666094884686,3524642,10,2819713,8033,0,2819713,0,2114785,528696,0,2114785,0,0,0,0,0,7020,80,99,1,0,1500,473,30.20799650758392,744.49467990386,0,1,0,0,0,0,0,0,0.01,473,478,46,7020,0,0,0,0,0,0,351,168063,4,186,59777,45655,350,20,0,0,0,0,0,0,0,0,DDoS
53,1718,6,2,2612,1957,435,10,435,25.124270676332134,978,0,978,24.483740777258163,2659525,4654,214,172.14138134927427,1718,1,1374,229,0,1374,0,1031,515,0,1031,0,0,0,0,0,120,40,3491,1163,0,1000,571,37.29132776774995,490.5568257716399,0,1,0,0,1,0,0,0,0.33,571,435,978,120,0,0,0,0,0,0,6,2612,2,1957,42894,31738,5,20,0,0,0,0,0,0,0,0,BENIGN
53,3662,5,6,4497,5138,899,10,899,11.471332359028457,856,0,856,35.608800793394344,2631212,3003,332,551.9243443636935,3662,4,2929,585,0,2929,0,2197,366,0,2197,0,0,0,0,0,100,120,1365,1638,0,1000,876,55.09140864791272,57.92105529378144,0,1,0,0,0,0,0,0,1.2,876,899,856,100,0,0,0,0,0,0,5,4497,6,5138,31703,40024,4,20,0,0,0,0,0,0,0,0,BENIGN
53,3574,8,12,1167,6370,145,10,145,46.74796010054283,530,0,530,10.54011230905943,2108574,5594,178,668.6606448226029,3574,9,2859,357,0,2859,0,2144,178,0,2144,0,0,0,0,0,160,240,2237,3356,0,1000,376,92.24717380553362,279.86160423514764,0,0,0,0,0,0,0,0,1.5,376,145,530,160,0,0,0,0,0,0,8,1167,12,6370,36464,45219,7,20,0,0,0,0,0,0,0,0,BENIGN
53,3982,4,2,1384,1167,346,10,346,43.86467555466249,583,0,583,36.18010996166618,640873,1506,663,574.9661868280864,3982,5,3185,796,0,3185,0,2389,1194,0,2389,0,0,0,0,0,80,40,1004,502,0,1000,425,96.68719251522305,431.31052193937535,0,1,0,0,1,0,0,0,0.5,425,346,583,80,0,0,0,0,0,0,4,1384,2,1167,44137,37969,3,20,0,0,0,0,0,0,0,0,BENIGN
53,2797,3,12,2742,10693,914,10,914,3.272147680878362,891,0,891,12.325737145699827,4803343,5362,186,539.1637154295028,2797,7,2237,745,0,2237,0,1678,139,0,1678,0,0,0,0,0,60,240,1072,4289,0,1000,895,3.9281495430296354,902.4706273146398,0,1,0,0,0,0,0,0,4.0,895,914,891,60,0,0,0,0,0,0,3,2742,12,10693,58854,53844,2,20,0,0,0,0,0,0,0,0,BENIGN
53,1323,7,12,1995,1117,285,10,285,5.338448844630789,93,0,93,7.52571953827999,2351755,14356,69,435.13757461827805,1323,4,1058,151,0,1058,0,794,66,0,794,0,0,0,0,0,140,240,5289,9067,0,1000,163,16.578003428468023,886.6643783314722,0,1,0,0,1,0,0,0,1.71,163,285,93,140,0,0,0,0,0,0,7,1995,12,1117,64854,53208,6,20,0,0,0,0,0,0,0,0,BENIGN
123,3377,9,10,1243,3920,138,10,138,5.046379599264267,392,0,392,44.54635927604208,1528766,5625,177,910.8856281934891,3377,6,2701,300,0,2701,0,2026,202,0,2026,0,0,0,0,0,180,200,2664,2960,0,1000,271,58.69560611981333,912.9476498776193,0,1,0,0,0,0,0,0,1.11,271,138,392,180,0,0,0,0,0,0,9,1243,10,3920,50946,45420,8,20,0,0,0,0,0,0,0,0,BENIGN
80,1164,1,11,707,10604,707,10,707,48.82272510763357,964,0,964,12.149562327392028,9712007,10303,97,141.1671692540505,1164,5,931,931,0,931,0,698,63,0,698,0,0,0,0,0,20,220,858,9444,0,1000,942,72.01440106359853,767.3524245025483,0,0,0,0,1,0,0,0,11.0,942,707,964,20,0,0,0,0,0,0,1,707,11,10604,43649,34535,0,20,0,0,0,0,0,0,0,0,BENIGN
35308,142,1,0,0,0,0,0,0,23.288045033638728,0,0,0,38.26067306874045,0,6997,142,541.22244494075,142,6,114,114,0,114,0,85,0,0,85,0,0,0,0,0,20,0,6997,0,0,1000,0,10.30548887762539,624.9789280173795,0,1,0,0,0,0,0,0,0.0,0,0,0,20,0,0,0,0,0,0,1,0,0,0,43824,57259,0,20,0,0,0,0,0,0,0,0,PortScan
53,17,5,1,1045,579,209,10,209,1.123266360793962,579,0,579,13.557839297328373,91746106,338700,2,930.8703545175085,17,3,14,2,0,14,0,10,10,0,10,0,0,0,0,0,100,20,282250,56450,0,1000,270,92.20321324905022,82.95149436061754,0,0,0,0,0,0,0,0,0.2,270,209,579,100,0,0,0,0,0,0,5,1045,1,579,62429,42252,4,20,0,0,0,0,0,0,0,0,BENIGN
123,3211,4,3,1000,645,250,10,250,37.36801975400162,215,0,215,46.080746467581164,512490,2179,458,803.0546858208062,3211,4,2569,642,0,2569,0,1926,642,0,1926,0,0,0,0,0,80,60,1245,934,0,1000,235,96.33552203464312,649.7569227888736,0,1,0,0,0,0,0,0,0.75,235,250,215,80,0,0,0,0,0,0,4,1000,3,645,32205,34226,3,20,0,0,0,0,0,0,0,0,BENIGN
80,1301,1,4,769,3850,769,10,769,18.034172041512193,962,0,962,4.662150769028772,3550100,3842,260,789.1141996137508,1301,4,1040,1040,0,1040,0,780,195,0,780,0,0,0,0,0,20,80,768,3074,0,1000,923,99.86344100453799,711.8708304090619,0,0,0,0,1,0,0,0,4.0,923,769,962,20,0,0,0,0,0,0,1,769,4,3850,41121,30169,0,20,0,0,0,0,0,0,0,0,BENIGN
80,662514,171,1,32092,47,187,0,187,9.537867299629498,47,0,47,31.187665239514672,48512,259,3851,201.3033331809302,662514,8,530011,3099,0,530011,0,397508,397508,0,397508,0,0,0,0,0,3420,20,258,1,0,1500,186,88.3413536437854,217.4518229078034,0,1,0,0,0,0,0,0,0.01,186,187,47,3420,0,0,0,0,0,0,171,32092,1,47,53874,52665,170,20,0,0,0,0,0,0,0,0,DDoS
22,2599,2,7,236,2999,118,10,118,45.75233314879384,428,0,428,9.4446540086436,1244785,3461,288,133.28903121902957,2599,2,2079,1039,0,2079,0,1559,222,0,1559,0,0,0,0,0,40,140,769,2692,0,1000,359,95.23821689027112,46.19479446357555,0,0,0,0,1,0,0,0,3.5,359,118,428,40,0,0,0,0,0,0,2,236,7,2999,64202,57718,1,20,0,0,0,0,0,0,0,0,BENIGN
22,3969,3,6,2244,316,748,10,748,7.471368065768541,52,0,52,49.33602905841154,645101,2267,441,723.8580887348751,3969,9,3175,1058,0,3175,0,2381,396,0,2381,0,0,0,0,0,60,120,755,1511,0,1000,284,25.12171917558722,295.1704938028581,0,1,0,0,1,0,0,0,2.0,284,748,52,60,0,0,0,0,0,0,3,2244,6,316,41689,55663,2,20,0,0,0,0,0,0,0,0,BENIGN
22,1216,4,8,1075,1682,268,10,268,12.488369075455385,210,0,210,26.203437972769173,2266887,9860,101,517.3415770214592,1216,2,973,243,0,973,0,730,91,0,730,0,0,0,0,0,80,160,3286,6573,0,1000,229,27.90613984200412,181.21572923872543,0,1,0,0,0,0,0,0,2.0,229,268,210,80,0,0,0,0,0,0,4,1075,8,1682,45266,55308,3,20,0,0,0,0,0,0,0,0,BENIGN
22,3163,4,6,3744,5326,936,10,936,44.589613354887724,887,0,887,42.66771725892798,2867479,3161,316,625.5280883620609,3163,2,2530,632,0,2530,0,1898,316,0,1898,0,0,0,0,0,80,120,1264,1896,0,1000,907,47.25879650267266,465.407243697364,0,0,0,0,0,0,0,0,1.5,907,936,887,80,0,0,0,0,0,0,4,3744,6,5326,49805,57597,3,20,0,0,0,0,0,0,0,0,BENIGN
80,1856,6,4,3837,2677,639,10,639,1.4421961090846536,669,0,669,7.781608563885317,3508693,5386,185,670.082645800177,1856,5,1485,247,0,1485,0,1113,278,0,1113,0,0,0,0,0,120,80,3231,2154,0,1000,651,11.901982254718813,699.3352540197076,0,1,0,0,1,0,0,0,0.67,651,639,669,120,0,0,0,0,0,0,6,3837,4,2677,55392,58550,5,20,0,0,0,0,0,0,0,0,BENIGN
53,1696,7,11,564,5739,80,10,80,13.598603193749575,521,0,521,13.831404834305555,3715874,10609,94,773.3775150670399,1696,1,1357,193,0,1357,0,1017,92,0,1017,0,0,0,0,0,140,220,4125,6483,0,1000,350,99.73294553871415,668.3933098080983,0,1,0,0,1,0,0,0,1.57,350,80,521,140,0,0,0,0,0,0,7,564,11,5739,42070,60822,6,20,0,0,0,0,0,0,0,0,BENIGN
80,612,1,5,58,1107,58,10,58,6.934923435953976,221,0,221,27.629285441017764,1901184,9788,102,397.21555340673973,612,9,490,490,0,490,0,367,73,0,367,0,0,0,0,0,20,100,1631,8157,0,1000,194,30.78329551474168,361.0076514477131,0,1,0,0,0,0,0,0,5.0,194,58,221,20,0,0,0,0,0,0,1,58,5,1107,49326,37206,0,20,0,0,0,0,0,0,0,0,BENIGN
22,2486,5,4,407,3659,81,10,81,11.809854071519865,914,0,914,24.669680523174335,1635631,3619,276,250.451084046858,2486,4,1989,397,0,1989,0,1492,373,0,1492,0,0,0,0,0,100,80,2010,1608,0,1000,451,68.34245125996429,995.5831824613865,0,1,0,0,0,0,0,0,0.8,451,81,914,100,0,0,0,0,0,0,5,407,4,3659,39602,63014,4,20,0,0,0,0,0,0,0,0,BENIGN
443,3642,5,9,1589,7880,317,10,317,14.632355421051063,875,0,875,9.579474154727857,2599746,3843,260,409.987723361843,3642,4,2914,582,0,2914,0,2185,242,0,2185,0,0,0,0,0,100,180,1372,2470,0,1000,676,11.903016001192102,245.36506883242316,0,0,0,0,0,0,0,0,1.8,676,317,875,100,0,0,0,0,0,0,5,1589,9,7880,45094,50100,4,20,0,0,0,0,0,0,0,0,BENIGN
80,3394,6,7,492,3476,82,10,82,2.598007290423449,496,0,496,27.869322243488533,1169355,3830,261,929.1423958981088,3394,1,2715,452,0,2715,0,2036,290,0,2036,0,0,0,0,0,120,140,1767,2062,0,1000,305,3.8513775904409076,430.007230116489,0,1,0,0,0,0,0,0,1.17,305,82,496,120,0,0,0,0,0,0,6,492,7,3476,29265,58403,5,20,0,0,0,0,0,0,0,0,BENIGN
22,4124,7,6,6491,1333,927,10,927,46.69496052104746,222,0,222,22.767402036344937,1896967,3151,317,471.4509746529916,4124,6,3299,471,0,3299,0,2474,412,0,2474,0,0,0,0,0,140,120,1696,1454,0,1000,601,63.26506358177815,11.697634500590027,0,1,0,0,0,0,0,0,0.86,601,927,222,140,0,0,0,0,0,0,7,6491,6,1333,50382,37504,6,20,0,0,0,0,0,0,0,0,BENIGN
22,1079,9,4,8734,2295,970,10,970,16.166820823090983,573,0,573,39.705134139464974,10221980,12046,83,498.7287324909203,1079,9,863,95,0,863,0,647,161,0,647,0,0,0,0,0,180,80,8340,3706,0,1000,848,89.15452227827035,507.36908306078163,0,0,0,0,1,0,0,0,0.44,848,970,573,180,0,0,0,0,0,0,9,8734,4,2295,55448,33171,8,20,0,0,0,0,0,0,0,0,BENIGN
80,2383,2,4,950,4436,475,10,475,3.596976146986824,1109,0,1109,13.545197237582924,2260130,2517,397,400.2967891612008,2383,7,1906,953,0,1906,0,1430,357,0,1430,0,0,0,0,0,40,80,839,1678,0,1000,897,42.86552876406019,731.2649102596449,0,0,0,0,1,0,0,0,2.0,897,475,1109,40,0,0,0,0,0,0,2,950,4,4436,33716,43009,1,20,0,0,0,0,0,0,0,0,BENIGN
443,1246511,188,2,185499,88,986,0,986,16.401884248800613,44,0,44,9.869574272383053,148885,152,6560,94.86929992951309,1246511,3,997209,5304,0,997209,0,747907,373953,0,747907,0,0,0,0,0,3760,40,150,1,0,1500,976,66.99414990608365,326.9419562947137,0,1,0,0,0,0,0,0,0.01,976,986,44,3760,0,0,0,0,0,0,188,185499,2,88,57018,46124,187,20,0,0,0,0,0,0,0,0,DDoS
80,4634,8,10,4199,8899,524,10,524,28.7267468930118,889,0,889,8.088068017367716,2826194,3883,257,382.86737179683485,4634,3,3707,463,0,3707,0,2780,278,0,2780,0,0,0,0,0,160,200,1726,2157,0,1000,727,8.33151975598112,276.03269498327353,0,1,0,0,0,0,0,0,1.25,727,524,889,160,0,0,0,0,0,0,8,4199,10,8899,52321,58612,7,20,0,0,0,0,0,0,0,0,BENIGN
22,229527,42,100,1397,7416,33,0,33,43.07551404216788,74,0,74,13.105696275288519,38401,618,1616,847.7877737106601,229527,7,183621,4371,0,183621,0,137716,1377,0,137716,0,0,0,0,0,840,2000,182,435,0,1000,62,15.545361489465282,643.4355668565997,0,0,0,0,1,0,0,0,2.38,62,33,74,840,0,0,0,0,0,0,42,1397,100,7416,55186,45452,41,20,0,0,0,0,0,0,0,0,SSH-Patator
443,4994,2,2,1084,2288,542,10,542,40.48513352616182,1144,0,1144,49.709198762343526,675448,800,1248,572.0029790933811,4994,5,3995,1997,0,3995,0,2996,1498,0,2996,0,0,0,0,0,40,40,400,400,0,1000,843,73.7484149398024,773.4554551243046,0,1,0,0,1,0,0,0,1.0,843,542,1144,40,0,0,0,0,0,0,2,1084,2,2288,47845,39969,1,20,0,0,0,0,0,0,0,0,BENIGN
53,2434,4,11,2859,12795,714,10,714,25.066367320420074,1163,0,1163,1.5779440452093507,6430901,6161,162,338.63896014222837,2434,8,1947,486,0,1947,0,1460,132,0,1460,0,0,0,0,0,80,220,1643,4518,0,1000,1043,45.36833729923801,820.8839212518563,0,1,0,0,0,0,0,0,2.75,1043,714,1163,80,0,0,0,0,0,0,4,2859,11,12795,35044,32110,3,20,0,0,0,0,0,0,0,0,BENIGN
53,1982,2,8,417,5862,208,10,208,42.363886721686825,732,0,732,9.44906263098026,3168392,5045,198,468.10043067493456,1982,9,1585,792,0,1585,0,1189,148,0,1189,0,0,0,0,0,40,160,1009,4036,0,1000,628,82.84915814579801,484.25369265478525,0,0,0,0,1,0,0,0,4.0,628,208,732,40,0,0,0,0,0,0,2,417,8,5862,39781,46355,1,20,0,0,0,0,0,0,0,0,BENIGN
53,2326,5,2,4081,2322,816,10,816,16.748459298133195,1161,0,1161,24.89581328385301,2752493,3008,332,684.2595772854189,2326,9,1861,372,0,1861,0,1396,698,0,1396,0,0,0,0,0,100,40,2148,859,0,1000,914,50.290216001573064,995.1348342270107,0,1,0,0,0,0,0,0,0.4,914,816,1161,100,0,0,0,0,0,0,5,4081,2,2322,44844,34110,4,20,0,0,0,0,0,0,0,0,BENIGN
123,968,3,3,651,997,217,10,217,34.303911503946374,332,0,332,36.25580704676793,1702527,6193,161,288.6303415891038,968,10,774,258,0,774,0,581,193,0,581,0,0,0,0,0,60,60,3096,3096,0,1000,274,52.029744771032895,600.4568799516168,0,0,0,0,1,0,0,0,1.0,274,217,332,60,0,0,0,0,0,0,3,651,3,997,50827,55471,2,20,0,0,0,0,0,0,0,0,BENIGN
53,3194,7,12,6262,3053,894,10,894,39.08762299669616,254,0,254,47.48286717770238,2916105,5947,168,758.519476899053,3194,6,2555,365,0,2555,0,1916,159,0,1916,0,0,0,0,0,140,240,2191,3756,0,1000,490,10.806171882888338,52.27226471513347,0,1,0,0,0,0,0,0,1.71,490,894,254,140,0,0,0,0,0,0,7,6262,12,3053,41213,30288,6,20,0,0,0,0,0,0,0,0,BENIGN
443,559,2,1,1004,530,502,10,502,23.133444031457607,530,0,530,16.13579545521479,2744885,5366,186,936.9339944981647,559,9,447,223,0,447,0,335,335,0,335,0,0,0,0,0,40,20,3577,1788,0,1000,511,51.19656384466472,392.55119614633793,0,1,0,0,1,0,0,0,0.5,511,502,530,40,0,0,0,0,0,0,2,1004,1,530,39261,64724,1,20,0,0,0,0,0,0,0,0,BENIGN
80,4268,4,2,1031,113,257,10,257,26.748593202302768,56,0,56,21.032326619895304,268261,1405,711,482.68917236912176,4268,6,3414,853,0,3414,0,2560,1280,0,2560,0,0,0,0,0,80,40,937,468,0,1000,190,5.303844606892016,139.0296188424498,0,0,0,0,0,0,0,0,0.5,190,257,56,80,0,0,0,0,0,0,4,1031,2,113,55594,56505,3,20,0,0,0,0,0,0,0,0,BENIGN
80,4998,3,8,1983,9377,661,10,661,42.612286287691894,1172,0,1172,35.9290455840427,2272927,2200,454,125.55205803746983,4998,1,3998,1332,0,3998,0,2999,374,0,2999,0,0,0,0,0,60,160,600,1600,0,1000,1032,84.54880214688055,480.7710241469324,0,0,0,0,1,0,0,0,2.67,1032,661,1172,60,0,0,0,0,0,0,3,1983,8,9377,64756,60620,2,20,0,0,0,0,0,0,0,0,BENIGN
4341,44,1,1,0,0,0,0,0,39.354687817105294,0,0,0,8.281658252008473,0,45025,22,561.2813380370415,44,3,35,35,0,35,0,26,26,0,26,0,0,0,0,0,20,20,22512,22512,0,1000,0,82.36710859916802,372.44676234695527,0,1,0,0,0,0,0,0,1.0,0,0,0,20,0,0,0,0,0,0,1,0,1,0,59927,35176,0,20,0,0,0,0,0,0,0,0,PortScan
53,213,7,10,3504,1395,500,10,500,49.548251722076344,139,0,139,13.9058966297034,22991499,79769,12,729.5234467295019,213,2,170,24,0,170,0,127,12,0,127,0,0,0,0,0,140,200,32846,46923,0,1000,288,71.77106444681691,47.885442119685706,0,1,0,0,0,0,0,0,1.43,288,500,139,140,0,0,0,0,0,0,7,3504,10,1395,39220,58096,6,20,0,0,0,0,0,0,0,0,BENIGN
3306,424626,428,4,324924,136,759,0,759,43.036823504998964,34,0,34,38.16976653328319,765521,1017,982,254.8151783687377,424626,9,339701,793,0,339701,0,254775,63693,0,254775,0,0,0,0,0,8560,80,1007,9,0,1500,752,82.37718101590198,298.42444772195375,0,1,0,0,0,0,0,0,0.01,752,759,34,8560,0,0,0,0,0,0,428,324924,4,136,56770,58434,427,20,0,0,0,0,0,0,0,0,DDoS
443,3795,6,11,561,1799,93,10,93,40.98658701387017,163,0,163,22.800739589686337,621826,4478,223,613.3780387812428,3795,9,3036,506,0,3036,0,2277,207,0,2277,0,0,0,0,0,120,220,1580,2897,0,1000,138,10.913832592832772,0.3596668500509548,0,1,0,0,1,0,0,0,1.83,138,93,163,120,0,0,0,0,0,0,6,561,11,1799,48721,42493,5,20,0,0,0,0,0,0,0,0,BENIGN
53,2149,6,12,736,3606,122,10,122,10.793704733658489,300,0,300,1.1384936235457,2020767,8375,119,179.77006993426502,2149,6,1719,286,0,1719,0,1289,107,0,1289,0,0,0,0,0,120,240,2791,5583,0,1000,241,2.1527930916906968,378.72386661658544,0,0,0,0,0,0,0,0,2.0,241,122,300,120,0,0,0,0,0,0,6,736,12,3606,37239,43130,5,20,0,0,0,0,0,0,0,0,BENIGN
443,4813016,347,4,44108,163,127,0,127,39.82721655907207,40,0,40,49.47166963376278,9198,72,13712,913.8940024648057,4813016,1,3850412,11096,0,3850412,0,2887809,721952,0,2887809,0,0,0,0,0,6940,80,72,0,0,1500,126,12.508851219429229,970.8880800105866,0,1,0,0,0,0,0,0,0.01,126,127,40,6940,0,0,0,0,0,0,347,44108,4,163,64963,60725,346,20,0,0,0,0,0,0,0,0,DDoS
8080,1734202,482,4,298214,144,618,0,618,13.883941939352173,36,0,36,2.225666134157478,172043,280,3568,95.20558714386596,1734202,1,1387362,2878,0,1387362,0,1040521,260130,0,1040521,0,0,0,0,0,9640,80,277,2,0,1500,613,53.65916266826222,866.1766696408826,0,1,0,0,0,0,0,0,0.01,613,618,36,9640,0,0,0,0,0,0,482,298214,4,144,46325,45566,481,20,0,0,0,0,0,0,0,0,DDoS
80,798,9,11,8719,3359,968,10,968,32.54878801699913,305,0,305,26.658115902968664,15129756,25052,39,591.6401033896128,798,2,638,70,0,638,0,479,43,0,479,0,0,0,0,0,180,220,11273,13778,0,1000,603,50.23700971516948,276.365987822198,0,0,0,0,1,0,0,0,1.22,603,968,305,180,0,0,0,0,0,0,9,8719,11,3359,62208,42719,8,20,0,0,0,0,0,0,0,0,BENIGN
53,3450,7,6,5078,2148,725,10,725,9.367240156584455,358,0,358,5.646320859716897,2094243,3767,265,583.6251849388185,3450,2,2760,394,0,2760,0,2070,345,0,2070,0,0,0,0,0,140,120,2028,1738,0,1000,555,12.429841125769038,129.90566684105565,0,1,0,0,0,0,0,0,0.86,555,725,358,140,0,0,0,0,0,0,7,5078,6,2148,30239,47932,6,20,0,0,0,0,0,0,0,0,BENIGN
123,4604,7,7,3727,6772,532,10,532,2.640474713646934,967,0,967,20.82891635831418,2280488,3040,328,538.2242872358489,4604,6,3683,526,0,3683,0,2762,394,0,2762,0,0,0,0,0,140,140,1520,1520,0,1000,749,77.44529449240946,947.9690775679086,0,1,0,0,0,0,0,0,1.0,749,532,967,140,0,0,0,0,0,0,7,3727,7,6772,59425,33790,6,20,0,0,0,0,0,0,0,0,BENIGN
22,1587,5,6,2285,4947,457,10,457,28.587168004680063,824,0,824,42.60099340590092,4557123,6930,144,238.2842491402508,1587,10,1269,253,0,1269,0,952,158,0,952,0,0,0,0,0,100,120,3150,3780,0,1000,657,13.459925703365139,647.9697322067391,0,0,0,0,0,0,0,0,1.2,657,457,824,100,0,0,0,0,0,0,5,2285,6,4947,51894,31452,4,20,0,0,0,0,0,0,0,0,BENIGN
80,1379,1,3,343,744,343,10,343,40.063720189124915,248,0,248,22.094317369610323,788007,2899,344,737.6200804140061,1379,2,1103,1103,0,1103,0,827,275,0,827,0,0,0,0,0,20,60,724,2174,0,1000,271,6.490415332073029,943.41666603847,0,1,0,0,1,0,0,0,3.0,271,343,248,20,0,0,0,0,0,0,1,343,3,744,33358,58291,0,20,0,0,0,0,0,0,0,0,BENIGN
123,1500,6,10,1281,1671,213,10,213,27.77700185325539,167,0,167,25.53820655113456,1967168,10661,93,565.8855157538273,1500,10,1200,200,0,1200,0,900,90,0,900,0,0,0,0,0,120,200,3998,6663,0,1000,184,45.40545945354744,734.6793510053068,0,1,0,0,0,0,0,0,1.67,184,213,167,120,0,0,0,0,0,0,6,1281,10,1671,62473,64430,5,20,0,0,0,0,0,0,0,0,BENIGN
50977,169,2,0,0,0,0,0,0,41.81961355041658,0,0,0,16.205599097964374,0,11770,84,129.3984924925803,169,3,135,67,0,135,0,101,0,0,101,0,0,0,0,0,40,0,11770,0,0,1000,0,46.2508675791403,497.70523611466575,0,1,0,0,0,0,0,0,0.0,0,0,0,40,0,0,0,0,0,0,2,0,0,0,30853,53220,1,20,0,0,0,0,0,0,0,0,PortScan
12748,24,1,0,0,0,0,0,0,29.075631947825524,0,0,0,9.794477059274625,0,41364,24,386.1260695690856,24,2,19,19,0,19,0,14,0,0,14,0,0,0,0,0,20,0,41364,0,0,1000,0,84.32381312048068,377.9104722188176,0,1,0,0,0,0,0,0,0.0,0,0,0,20,0,0,0,0,0,0,1,0,0,0,51374,54924,0,20,0,0,0,0,0,0,0,0,PortScan
123,2031,6,9,1616,10486,269,10,269,39.03831048299987,1165,0,1165,44.34914273176428,5957321,7383,135,63.55046353766802,2031,2,1625,270,0,1625,0,1218,135,0,1218,0,0,0,0,0,120,180,2953,4429,0,1000,806,37.662571980001005,5.083805234574523,0,0,0,0,1,0,0,0,1.5,806,269,1165,120,0,0,0,0,0,0,6,1616,9,10486,58119,52886,5,20,0,0,0,0,0,0,0,0,BENIGN
80,1562,8,2,849,168,106,10,106,29.941888483331265,84,0,84,38.766400671754894,651309,6399,156,221.61931608946196,1562,5,1250,156,0,1250,0,937,468,0,937,0,0,0,0,0,160,40,5119,1279,0,1000,101,91.59885655847897,620.4885579214762,0,0,0,0,1,0,0,0,0.25,101,106,84,160,0,0,0,0,0,0,8,849,2,168,32139,62934,7,20,0,0,0,0,0,0,0,0,BENIGN
443,3719584,285,5,153913,207,540,0,540,4.0021848614636815,41,0,41,7.241713250815568,41434,77,12826,869.7030697586866,3719584,2,2975667,10440,0,2975667,0,2231750,446350,0,2231750,0,0,0,0,0,5700,100,76,1,0,1500,531,17.115304649272534,860.2603014325566,0,1,0,0,0,0,0,0,0.02,531,540,41,5700,0,0,0,0,0,0,285,153913,5,207,62974,44387,284,20,0,0,0,0,0,0,0,0,DDoS
80,3873,5,3,3281,489,656,10,656,4.75447912851556,163,0,163,10.049493450862945,973278,2065,484,566.7935726073447,3873,6,3099,619,0,3099,0,2324,774,0,2324,0,0,0,0,0,100,60,1290,774,0,1000,471,17.66475512675756,411.88014489858324,0,1,0,0,0,0,0,0,0.6,471,656,163,100,0,0,0,0,0,0,5,3281,3,489,59881,60347,4,20,0,0,0,0,0,0,0,0,BENIGN
80,1543,8,4,680,1217,85,10,85,19.91868593469497,304,0,304,5.8709399364875186,1229146,7774,128,802.6371915605964,1543,1,1234,154,0,1234,0,926,231,0,926,0,0,0,0,0,160,80,5182,2591,0,1000,158,5.2803235757814315,920.0668196348605,0,0,0,0,0,0,0,0,0.5,158,85,304,160,0,0,0,0,0,0,8,680,4,1217,55016,37600,7,20,0,0,0,0,0,0,0,0,BENIGN
80,452,4,11,278,6024,69,10,69,30.69990755450402,547,0,547,0.8002831871057048,13922297,33128,30,239.54156802203164,452,1,362,90,0,362,0,271,24,0,271,0,0,0,0,0,80,220,8834,24294,0,1000,420,56.837992360175186,557.6236693199666,0,0,0,0,1,0,0,0,2.75,420,69,547,80,0,0,0,0,0,0,4,278,11,6024,38563,62944,3,20,0,0,0,0,0,0,0,0,BENIGN
22,3314,7,9,4387,1961,626,10,626,3.346310737660918,217,0,217,40.74075450628069,1915421,4827,207,615.3339837143126,3314,3,2651,378,0,2651,0,1988,220,0,1988,0,0,0,0,0,140,180,2111,2715,0,1000,396,39.06323043531088,380.2847797937161,0,0,0,0,1,0,0,0,1.29,396,626,217,140,0,0,0,0,0,0,7,4387,9,1961,45107,60024,6,20,0,0,0,0,0,0,0,0,BENIGN
443,3371,5,10,4894,8729,978,10,978,30.5354022437875,872,0,872,10.255323308007148,4040764,4448,224,779.4479697572837,3371,2,2697,539,0,2697,0,2023,202,0,2023,0,0,0,0,0,100,200,1482,2965,0,1000,908,11.933275376503328,998.6322553601739,0,0,0,0,1,0,0,0,2.0,908,978,872,100,0,0,0,0,0,0,5,4894,10,8729,56542,48503,4,20,0,0,0,0,0,0,0,0,BENIGN
80,3338,5,6,4631,7090,926,10,926,39.06859435168521,1181,0,1181,10.765981148803917,3511674,3295,303,775.8524775111678,3338,5,2670,534,0,2670,0,2002,333,0,2002,0,0,0,0,0,100,120,1497,1797,0,1000,1065,7.723823791845897,62.795455596892815,0,1,0,0,1,0,0,0,1.2,1065,926,1181,100,0,0,0,0,0,0,5,4631,6,7090,45410,41891,4,20,0,0,0,0,0,0,0,0,BENIGN
443,730,2,3,1684,3072,842,10,842,6.824039164819412,1024,0,1024,34.12020822646632,6508960,6842,146,793.0324214946045,730,1,584,292,0,584,0,438,146,0,438,0,0,0,0,0,40,60,2737,4105,0,1000,951,39.93070552719341,112.70103042548118,0,0,0,0,1,0,0,0,1.5,951,842,1024,40,0,0,0,0,0,0,2,1684,3,3072,56194,58019,1,20,0,0,0,0,0,0,0,0,BENIGN
80,1547,3,10,2549,4047,849,10,849,29.196017612878443,404,0,404,49.05594977838511,4262494,8399,119,291.430844116604,1547,7,1238,412,0,1238,0,928,92,0,928,0,0,0,0,0,60,200,1938,6461,0,1000,507,67.1833664307266,870.9797403244847,0,0,0,0,0,0,0,0,3.33,507,849,404,60,0,0,0,0,0,0,3,2549,10,4047,33838,51321,2,20,0,0,0,0,0,0,0,0,BENIGN
3306,2324883,172,5,198366,1,1153,0,1153,36.42136770103289,0,0,0,10.278464966687235,85323,76,13134,651.6372563116431,2324883,9,1859906,10813,0,1859906,0,1394930,278986,0,1394930,0,0,0,0,0,3440,100,73,2,0,1500,1120,54.89537918515539,568.9415177746035,0,1,0,0,0,0,0,0,0.03,1120,1153,0,3440,0,0,0,0,0,0,172,198366,5,1,31187,50820,171,20,0,0,0,0,0,0,0,0,DDoS
123,547,9,12,2832,11148,314,10,314,4.114187697611227,929,0,929,21.485709959090375,25529363,38346,26,585.29789045019,547,1,438,48,0,438,0,328,27,0,328,0,0,0,0,0,180,240,16434,21912,0,1000,665,27.468165988332704,340.0438176636538,0,0,0,0,0,0,0,0,1.33,665,314,929,180,0,0,0,0,0,0,9,2832,12,11148,63371,53622,8,20,0,0,0,0,0,0,0,0,BENIGN
80,2849320,234,1,295076,35,1261,0,1261,37.65603309996255,35,0,35,26.33006646419731,103572,82,12124,78.12099123289495,2849320,5,2279456,9741,0,2279456,0,1709592,1709592,0,1709592,0,0,0,0,0,4680,20,82,0,0,1500,1255,3.624243528861404,207.61539770470029,0,1,0,0,0,0,0,0,0.0,1255,1261,35,4680,0,0,0,0,0,0,234,295076,1,35,58923,50041,233,20,0,0,0,0,0,0,0,0,DDoS
123,4729,5,2,3097,2137,619,10,619,6.328224956560002,1068,0,1068,0.8688084282829411,1107012,1480,675,342.36032017170214,4729,1,3783,756,0,3783,0,2837,1418,0,2837,0,0,0,0,0,100,40,1057,422,0,1000,747,33.55523255862376,710.540618590741,0,1,0,0,0,0,0,0,0.4,747,619,1068,100,0,0,0,0,0,0,5,3097,2,2137,60471,56325,4,20,0,0,0,0,0,0,0,0,BENIGN
22,3681,3,1,351,220,117,10,117,49.31608593681561,220,0,220,44.748916933463704,155468,1086,920,43.98022962152093,3681,10,2945,981,0,2945,0,2208,2208,0,2208,0,0,0,0,0,60,20,814,271,0,1000,143,29.314700524388005,212.7752050041566,0,0,0,0,1,0,0,0,0.33,143,117,220,60,0,0,0,0,0,0,3,351,1,220,46927,58943,2,20,0,0,0,0,0,0,0,0,BENIGN
22,1825,6,1,3535,1152,589,10,589,43.3882665277038,1152,0,1152,15.215595923524122,2567290,3833,260,347.2235878381449,1825,1,1460,243,0,1460,0,1095,1095,0,1095,0,0,0,0,0,120,20,3285,547,0,1000,669,89.2641365056298,144.9736189460187,0,1,0,0,1,0,0,0,0.17,669,589,1152,120,0,0,0,0,0,0,6,3535,1,1152,54313,39768,5,20,0,0,0,0,0,0,0,0,BENIGN
22,140352,82,14,5562,688,67,0,67,19.4778193880571,49,0,49,49.97170281455604,44531,683,1462,935.3125631746161,140352,2,112282,1369,0,112282,0,84211,6015,0,84211,0,0,0,0,0,1640,280,584,99,0,1000,65,85.78194687796704,853.8472116130409,0,0,0,0,1,0,0,0,0.17,65,67,49,1640,0,0,0,0,0,0,82,5562,14,688,54286,56036,81,20,0,0,0,0,0,0,0,0,SSH-Patator
26271,100,2,0,0,0,0,0,0,5.603206772550723,0,0,0,33.960357365173785,0,19924,50,662.544096967885,100,6,80,40,0,80,0,60,0,0,60,0,0,0,0,0,40,0,19924,0,0,1000,0,93.66237498751168,786.4318683568983,0,1,0,0,0,0,0,0,0.0,0,0,0,40,0,0,0,0,0,0,2,0,0,0,34772,35247,1,20,0,0,0,0,0,0,0,0,PortScan
80,816,8,1,7833,780,979,10,979,30.58452486332729,780,0,780,16.696525444794393,10545702,11018,90,754.9565527679688,816,9,653,81,0,653,0,490,490,0,490,0,0,0,0,0,160,20,9793,1224,0,1000,957,11.751276450693226,655.2680737690358,0,0,0,0,1,0,0,0,0.12,957,979,780,160,0,0,0,0,0,0,8,7833,1,780,37875,46579,7,20,0,0,0,0,0,0,0,0,BENIGN
16438,83,1,1,0,0,0,0,0,34.144757479938576,0,0,0,48.469918018831095,0,23890,41,651.1340064735732,83,3,66,66,0,66,0,50,50,0,50,0,0,0,0,0,20,20,11945,11945,0,1000,0,3.965990591336177,939.2975013047098,0,1,0,0,0,0,0,0,1.0,0,0,0,20,0,0,0,0,0,0,1,0,1,0,41849,40429,0,20,0,0,0,0,0,0,0,0,PortScan
80,2454,10,2,9523,413,952,10,952,44.033365446436186,206,0,206,11.865357080288714,4047918,4888,204,301.05739474709526,2454,10,1963,196,0,1963,0,1472,736,0,1472,0,0,0,0,0,200,40,4073,814,0,1000,828,77.7934917104679,832.20153553955,0,0,0,0,0,0,0,0,0.2,828,952,206,200,0,0,0,0,0,0,10,9523,2,413,60843,31830,9,20,0,0,0,0,0,0,0,0,BENIGN
22,4577,8,4,5940,3757,742,10,742,4.258406073864723,939,0,939,41.34019124133633,2118597,2621,381,658.0851476542102,4577,8,3661,457,0,3661,0,2746,686,0,2746,0,0,0,0,0,160,80,1747,873,0,1000,808,58.17197201753713,367.91591386070075,0,1,0,0,1,0,0,0,0.5,808,742,939,160,0,0,0,0,0,0,8,5940,4,3757,38256,48994,7,20,0,0,0,0,0,0,0,0,BENIGN
443,4481,4,11,3824,2890,956,10,956,15.363295500648277,262,0,262,6.699753208695308,1498506,3347,298,800.3389925607748,4481,3,3585,896,0,3585,0,2688,244,0,2688,0,0,0,0,0,80,220,892,2454,0,1000,447,87.33166899191309,23.2191595321386,0,1,0,0,0,0,0,0,2.75,447,956,262,80,0,0,0,0,0,0,4,3824,11,2890,47760,59465,3,20,0,0,0,0,0,0,0,0,BENIGN
53,4299,2,1,789,235,394,10,394,21.46791633886104,235,0,235,35.170658344650974,238548,697,1433,454.53290199905126,4299,10,3439,1719,0,3439,0,2579,2579,0,2579,0,0,0,0,0,40,20,465,232,0,1000,341,21.181892261578994,103.05187156267537,0,1,0,0,1,0,0,0,0.5,341,394,235,40,0,0,0,0,0,0,2,789,1,235,59543,42481,1,20,0,0,0,0,0,0,0,0,BENIGN
443,1147,4,6,3981,4370,995,10,995,3.562315466091298,728,0,728,36.93134726431939,7278629,8714,114,968.0370248103927,1147,9,918,229,0,918,0,688,114,0,688,0,0,0,0,0,80,120,3485,5228,0,1000,835,9.86070312166014,796.5340263015407,0,1,0,0,1,0,0,0,1.5,835,995,728,80,0,0,0,0,0,0,4,3981,6,4370,59258,52647,3,20,0,0,0,0,0,0,0,0,BENIGN
22,4625,8,9,702,8163,87,10,87,40.306677385254126,907,0,907,5.032001789968376,1916588,3674,272,230.81688568802196,4625,5,3700,462,0,3700,0,2775,308,0,2775,0,0,0,0,0,160,180,1729,1945,0,1000,521,17.346548988258657,533.4917759668087,0,1,0,0,1,0,0,0,1.12,521,87,907,160,0,0,0,0,0,0,8,702,9,8163,59037,45754,7,20,0,0,0,0,0,0,0,0,BENIGN
80,1342,3,9,1675,9890,558,10,558,28.660171965705477,1098,0,1098,41.52958518001502,8616682,8940,111,858.9885325578805,1342,1,1073,357,0,1073,0,805,89,0,805,0,0,0,0,0,60,180,2235,6705,0,1000,963,9.12515762128323,645.326480361842,0,0,0,0,0,0,0,0,3.0,963,558,1098,60,0,0,0,0,0,0,3,1675,9,9890,53246,31481,2,20,0,0,0,0,0,0,0,0,BENIGN
22,4291,5,2,2308,919,461,10,461,34.84085816655772,459,0,459,16.58371811452276,752078,1631,613,233.44318900352678,4291,9,3433,686,0,3433,0,2574,1287,0,2574,0,0,0,0,0,100,40,1165,466,0,1000,461,3.4784117260374448,902.1241288601732,0,0,0,0,1,0,0,0,0.4,461,461,459,100,0,0,0,0,0,0,5,2308,2,919,58206,57644,4,20,0,0,0,0,0,0,0,0,BENIGN
52087,143,2,1,0,0,0,0,0,42.80231507734633,0,0,0,36.41501985641104,0,20969,47,819.6969723372896,143,10,114,57,0,114,0,85,85,0,85,0,0,0,0,0,40,20,13979,6989,0,1000,0,43.90363753017624,751.7972284484586,0,1,0,0,0,0,0,0,0.5,0,0,0,40,0,0,0,0,0,0,2,0,1,0,46492,64840,1,20,0,0,0,0,0,0,0,0,PortScan
443,1666632,321,1,85160,27,265,0,265,22.53553523726196,27,0,27,42.20620208275745,51113,193,5175,774.5602292314585,1666632,2,1333306,4153,0,1333306,0,999979,999979,0,999979,0,0,0,0,0,6420,20,192,0,0,1500,264,50.27425769155228,27.19473650286797,0,1,0,0,0,0,0,0,0.0,264,265,27,6420,0,0,0,0,0,0,321,85160,1,27,52516,50053,320,20,0,0,0,0,0,0,0,0,DDoS
53,1467,1,12,183,10212,183,10,183,31.807314703939753,851,0,851,13.420535213188655,7081784,8856,112,574.2725404020315,1467,2,1174,1174,0,1174,0,880,73,0,880,0,0,0,0,0,20,240,681,8174,0,1000,799,16.505268709523968,738.5899342288238,0,1,0,0,1,0,0,0,12.0,799,183,851,20,0,0,0,0,0,0,1,183,12,10212,49529,30327,0,20,0,0,0,0,0,0,0,0,BENIGN
443,20,9,3,1908,2132,212,10,212,12.096481469631188,710,0,710,1.839207971387763,199807766,593285,1,874.2496466378307,20,10,16,1,0,16,0,12,4,0,12,0,0,0,0,0,180,60,444964,148321,0,1000,336,43.707024768806555,965.5826451328796,0,0,0,0,0,0,0,0,0.33,336,212,710,180,0,0,0,0,0,0,9,1908,3,2132,59947,48577,8,20,0,0,0,0,0,0,0,0,BENIGN
443,2089,4,7,508,911,127,10,127,36.508481977886554,130,0,130,21.19638226131051,679586,5263,189,655.8878653568014,2089,9,1671,417,0,1671,0,1253,179,0,1253,0,0,0,0,0,80,140,1914,3349,0,1000,129,32.50323902995724,14.142040922067167,0,1,0,0,0,0,0,0,1.75,129,127,130,80,0,0,0,0,0,0,4,508,7,911,54810,29990,3,20,0,0,0,0,0,0,0,0,BENIGN
80,2241,4,8,864,3322,216,10,216,48.29568145713057,415,0,415,32.34131576912957,1868078,5353,186,520.4416273409661,2241,8,1793,448,0,1793,0,1344,168,0,1344,0,0,0,0,0,80,160,1784,3569,0,1000,348,84.39151517417798,271.1542916925753,0,1,0,0,0,0,0,0,2.0,348,216,415,80,0,0,0,0,0,0,4,864,8,3322,48615,59408,3,20,0,0,0,0,0,0,0,0,BENIGN
22,611,1,11,62,2062,62,10,62,36.9397704946246,187,0,187,22.857934646129603,3477367,19635,50,177.1866360686306,611,3,488,488,0,488,0,366,33,0,366,0,0,0,0,0,20,220,1636,17998,0,1000,177,16.935293331850364,816.7721227178215,0,0,0,0,0,0,0,0,11.0,177,62,187,20,0,0,0,0,0,0,1,62,11,2062,31912,58405,0,20,0,0,0,0,0,0,0,0,BENIGN
443,4040332,184,1,46626,31,253,0,253,7.198683637427511,31,0,31,1.8054736992364206,11547,45,21839,407.6898074993709,4040332,2,3232265,17566,0,3232265,0,2424199,2424199,0,2424199,0,0,0,0,0,3680,20,45,0,0,1500,252,58.48525002156588,689.083849804064,0,1,0,0,0,0,0,0,0.01,252,253,31,3680,0,0,0,0,0,0,184,46626,1,31,29539,30633,183,20,0,0,0,0,0,0,0,0,DDoS
53,146,2,9,891,4404,445,10,445,16.388782483640856,489,0,489,5.117662102923559,36047591,74880,13,384.5968194965501,146,3,117,58,0,117,0,88,9,0,88,0,0,0,0,0,40,180,13614,61265,0,1000,481,33.6745493110464,514.4723907409929,0,1,0,0,0,0,0,0,4.5,481,445,489,40,0,0,0,0,0,0,2,891,9,4404,46386,32640,1,20,0,0,0,0,0,0,0,0,BENIGN
22,1385,2,3,1070,1353,535,10,535,9.688142624074224,451,0,451,34.21544525001764,1750008,3609,277,995.1615952389712,1385,9,1108,554,0,1108,0,831,277,0,831,0,0,0,0,0,40,60,1443,2165,0,1000,484,69.82288321561315,391.82084409902853,0,0,0,0,0,0,0,0,1.5,484,535,451,40,0,0,0,0,0,0,2,1070,3,1353,43511,39396,1,20,0,0,0,0,0,0,0,0,BENIGN
443,2913,7,11,5974,5087,853,10,853,46.38582746610989,462,0,462,37.37946086498308,3797244,6178,161,683.3350357317868,2913,8,2330,332,0,2330,0,1747,158,0,1747,0,0,0,0,0,140,220,2402,3775,0,1000,614,87.97821655833728,759.3374866779457,0,1,0,0,0,0,0,0,1.57,614,853,462,140,0,0,0,0,0,0,7,5974,11,5087,51341,29754,6,20,0,0,0,0,0,0,0,0,BENIGN
8080,4519860,470,2,388354,43,826,0,826,25.305937994325056,21,0,21,5.9937712864565285,85931,104,9575,604.7154114094915,4519860,1,3615888,7693,0,3615888,0,2711916,1355958,0,2711916,0,0,0,0,0,9400,40,103,0,0,1500,822,1.7239988342716561,780.8817232856754,0,1,0,0,0,0,0,0,0.0,822,826,21,9400,0,0,0,0,0,0,470,388354,2,43,63630,60588,469,20,0,0,0,0,0,0,0,0,DDoS
123,2658,6,4,2148,811,358,10,358,15.608477296252982,202,0,202,23.40348198803356,1113513,3761,265,687.213322726294,2658,7,2126,354,0,2126,0,1594,398,0,1594,0,0,0,0,0,120,80,2257,1504,0,1000,295,40.363182003607356,358.01841466274664,0,0,0,0,0,0,0,0,0.67,295,358,202,120,0,0,0,0,0,0,6,2148,4,811,53372,49329,5,20,0,0,0,0,0,0,0,0,BENIGN
443,2168,3,10,2173,3266,724,10,724,3.161575466136568,326,0,326,20.406930408720463,2508254,5994,166,162.0728538595213,2168,5,1734,578,0,1734,0,1301,130,0,1301,0,0,0,0,0,60,200,1383,4611,0,1000,418,72.68050276329497,923.6920406283574,0,1,0,0,1,0,0,0,3.33,418,724,326,60,0,0,0,0,0,0,3,2173,10,3266,51079,65291,2,20,0,0,0,0,0,0,0,0,BENIGN
53,1914,5,6,1271,7035,254,10,254,19.191854885449526,1172,0,1172,9.695497504628792,4339432,5745,174,704.3665364485458,1914,1,1531,306,0,1531,0,1148,191,0,1148,0,0,0,0,0,100,120,2611,3134,0,1000,755,0.22001797376166587,406.28172374193304,0,1,0,0,0,0,0,0,1.2,755,254,1172,100,0,0,0,0,0,0,5,1271,6,7035,31483,59308,4,20,0,0,0,0,0,0,0,0,BENIGN
8080,2541126,98,4,36158,90,368,0,368,14.91799373129345,22,0,22,21.498901761203232,14264,40,24913,527.054669908275,2541126,4,2032901,20743,0,2032901,0,1524676,381169,0,1524676,0,0,0,0,0,1960,80,38,1,0,1500,355,48.92734627553597,26.79284626087719,0,1,0,0,0,0,0,0,0.04,355,368,22,1960,0,0,0,0,0,0,98,36158,4,90,61838,32119,97,20,0,0,0,0,0,0,0,0,DDoS
443,2967091,494,4,265078,66,536,0,536,7.003165088417002,16,0,16,21.982565724344884,89362,167,5958,195.19712936209476,2967091,7,2373673,4805,0,2373673,0,1780254,445063,0,1780254,0,0,0,0,0,9880,80,166,1,0,1500,532,90.72514018728785,613.0140961108044,0,1,0,0,0,0,0,0,0.01,532,536,16,9880,0,0,0,0,0,0,494,265078,4,66,65085,46710,493,20,0,0,0,0,0,0,0,0,DDoS
80,4927285,136,0,16912,0,124,0,124,33.529793042722574,0,0,0,39.51649991146961,3432,27,36230,8.969367051458455,4927285,1,3941828,28984,0,3941828,0,2956371,0,0,2956371,0,0,0,0,0,2720,0,27,0,0,1500,124,5.304619473344074,476.6461410616476,0,1,0,0,0,0,0,0,0.0,124,124,0,2720,0,0,0,0,0,0,136,16912,0,0,40462,47160,135,20,0,0,0,0,0,0,0,0,DDoS
123,264,2,10,1306,1389,653,10,653,22.43179960855988,138,0,138,5.130696307184513,10211427,45448,22,210.9983433392588,264,2,211,105,0,211,0,158,15,0,158,0,0,0,0,0,40,200,7574,37873,0,1000,224,78.8529217742834,330.8533364819969,0,0,0,0,0,0,0,0,5.0,224,653,138,40,0,0,0,0,0,0,2,1306,10,1389,38067,39469,1,20,0,0,0,0,0,0,0,0,BENIGN
443,2789,7,8,4889,7517,698,10,698,4.667379767487962,939,0,939,20.1821603976533,4448206,5377,185,963.6838607163672,2789,5,2231,318,0,2231,0,1673,209,0,1673,0,0,0,0,0,140,160,2509,2868,0,1000,827,82.853900716884,152.29281874727064,0,1,0,0,1,0,0,0,1.14,827,698,939,140,0,0,0,0,0,0,7,4889,8,7517,43623,48679,6,20,0,0,0,0,0,0,0,0,BENIGN
22,3236,9,7,1406,2604,156,10,156,19.816848826300355,372,0,372,24.97046164582908,1239043,4942,202,780.8363350092199,3236,1,2589,287,0,2589,0,1942,277,0,1942,0,0,0,0,0,180,140,2780,2162,0,1000,250,84.06116594626177,950.28783620816,0,1,0,0,0,0,0,0,0.78,250,156,372,180,0,0,0,0,0,0,9,1406,7,2604,63970,41569,8,20,0,0,0,0,0,0,0,0,BENIGN
8080,2051805,475,1,394332,2,830,0,830,8.062120197126166,2,0,2,21.76316266913342,192189,231,4310,596.4336549650798,2051805,10,1641444,3455,0,1641444,0,1231083,1231083,0,1231083,0,0,0,0,0,9500,20,231,0,0,1500,828,6.427721487900895,231.25906130889817,0,1,0,0,0,0,0,0,0.0,828,830,2,9500,0,0,0,0,0,0,475,394332,1,2,63646,53419,474,20,0,0,0,0,0,0,0,0,DDoS
53,2628,5,7,3840,6225,768,10,768,45.63228065203947,889,0,889,42.77154138674737,3829981,4565,219,1.402538400135822,2628,2,2102,420,0,2102,0,1576,225,0,1576,0,0,0,0,0,100,140,1902,2663,0,1000,838,99.03490966453363,259.03247379747586,0,1,0,0,0,0,0,0,1.4,838,768,889,100,0,0,0,0,0,0,5,3840,7,6225,37196,37445,4,20,0,0,0,0,0,0,0,0,BENIGN
53,4467,5,10,2551,4858,510,10,510,16.900411314563357,485,0,485,45.61423217157283,1658828,3357,297,72.46105250646806,4467,7,3573,714,0,3573,0,2680,268,0,2680,0,0,0,0,0,100,200,1119,2238,0,1000,494,74.31914280892585,397.21403020554425,0,0,0,0,0,0,0,0,2.0,494,510,485,100,0,0,0,0,0,0,5,2551,10,4858,64990,39540,4,20,0,0,0,0,0,0,0,0,BENIGN
53,603,5,8,3324,5666,664,10,664,28.886773609698498,708,0,708,24.49591445493262,14893838,21534,46,799.0087905511168,603,5,482,96,0,482,0,362,45,0,362,0,0,0,0,0,100,160,8282,13252,0,1000,691,22.693440599711213,449.15026086338673,0,1,0,0,0,0,0,0,1.6,691,664,708,100,0,0,0,0,0,0,5,3324,8,5666,48820,65483,4,20,0,0,0,0,0,0,0,0,BENIGN
80,1199,5,2,3925,1268,785,10,785,1.3893416721839025,634,0,634,8.900749914547296,4330400,5835,171,502.6745341021528,1199,4,959,191,0,959,0,719,359,0,719,0,0,0,0,0,100,40,4168,1667,0,1000,742,66.65022643786679,631.9856296349176,0,1,0,0,0,0,0,0,0.4,742,785,634,100,0,0,0,0,0,0,5,3925,2,1268,64899,56481,4,20,0,0,0,0,0,0,0,0,BENIGN
123,3372,8,12,6324,13852,790,10,790,36.08260013161838,1154,0,1154,16.45940010998082,5982160,5929,168,162.22430634091424,3372,4,2698,337,0,2698,0,2023,168,0,2023,0,0,0,0,0,160,240,2371,3557,0,1000,1008,16.19662886161899,612.2964112122704,0,1,0,0,0,0,0,0,1.5,1008,790,1154,160,0,0,0,0,0,0,8,6324,12,13852,52222,33797,7,20,0,0,0,0,0,0,0,0,BENIGN
443,2930,6,2,2532,321,422,10,422,4.079379761410939,160,0,160,9.94148101601593,973867,2729,366,194.63693809274352,2930,6,2344,390,0,2344,0,1758,879,0,1758,0,0,0,0,0,120,40,2047,682,0,1000,356,77.01601317373772,286.32285873633344,0,1,0,0,1,0,0,0,0.33,356,422,160,120,0,0,0,0,0,0,6,2532,2,321,47691,35577,5,20,0,0,0,0,0,0,0,0,BENIGN
8080,746597,186,5,26358,138,141,0,141,11.23043301890408,27,0,27,43.534182190360625,35490,255,3908,435.3381704196518,746597,6,597277,3211,0,597277,0,447958,89591,0,447958,0,0,0,0,0,3720,100,249,6,0,1500,138,21.92746149976972,152.64804520971464,0,1,0,0,0,0,0,0,0.03,138,141,27,3720,0,0,0,0,0,0,186,26358,5,138,62513,52072,185,20,0,0,0,0,0,0,0,0,DDoS
22,2889,1,4,89,2565,89,10,89,34.216263325327,641,0,641,25.10674159699009,918779,1730,577,139.70720823697147,2889,4,2311,2311,0,2311,0,1733,433,0,1733,0,0,0,0,0,20,80,346,1384,0,1000,530,13.183278286150891,979.5499860165979,0,1,0,0,0,0,0,0,4.0,530,89,641,20,0,0,0,0,0,0,1,89,4,2565,60294,33217,0,20,0,0,0,0,0,0,0,0,BENIGN
80,2116215,56,0,15721,0,280,0,280,49.33259227428286,0,0,0,32.6900924376492,7428,26,37789,210.9167007381879,2116215,4,1692972,30231,0,1692972,0,1269729,0,0,1269729,0,0,0,0,0,1120,0,26,0,0,1500,280,91.3279733975539,486.30347236162106,0,1,0,0,0,0,0,0,0.0,280,280,0,1120,0,0,0,0,0,0,56,15721,0,0,30228,42696,55,20,0,0,0,0,0,0,0,0,DDoS
443,2753,6,9,582,8868,97,10,97,24.141537963675177,985,0,985,26.91168202671999,3432702,5448,183,847.449160279238,2753,4,2202,367,0,2202,0,1651,183,0,1651,0,0,0,0,0,120,180,2179,3268,0,1000,630,9.567734095607694,205.35112456327965,0,0,0,0,0,0,0,0,1.5,630,97,985,120,0,0,0,0,0,0,6,582,9,8868,45230,59304,5,20,0,0,0,0,0,0,0,0,BENIGN
22,1552,10,1,7656,929,765,10,765,2.0716784993445203,929,0,929,40.0258240041458,5530514,7085,141,259.0957649883255,1552,1,1241,124,0,1241,0,931,931,0,931,0,0,0,0,0,200,20,6441,644,0,1000,780,18.36834761347922,845.483591979252,0,0,0,0,1,0,0,0,0.1,780,765,929,200,0,0,0,0,0,0,10,7656,1,929,51292,58763,9,20,0,0,0,0,0,0,0,0,BENIGN
123,1215,2,1,463,424,231,10,231,17.267125551913676,424,0,424,6.124498615495588,730294,2467,405,403.323531329338,1215,7,972,486,0,972,0,729,729,0,729,0,0,0,0,0,40,20,1645,822,0,1000,295,57.61668052039942,241.31034676770935,0,0,0,0,0,0,0,0,0.5,295,231,424,40,0,0,0,0,0,0,2,463,1,424,54052,63691,1,20,0,0,0,0,0,0,0,0,BENIGN
80,229,9,7,6637,3677,737,10,737,32.36454602005025,525,0,525,0.41714119083668955,44909482,69661,14,54.77676193664416,229,4,183,20,0,183,0,137,19,0,137,0,0,0,0,0,180,140,39184,30477,0,1000,644,80.20070149952214,17.539989703191484,0,1,0,0,0,0,0,0,0.78,644,737,525,180,0,0,0,0,0,0,9,6637,7,3677,33624,61299,8,20,0,0,0,0,0,0,0,0,BENIGN
80,431478,492,3,658183,96,1337,0,1337,8.05275150685939,32,0,32,20.52402343598691,1525636,1147,871,504.56698186192716,431478,3,345183,701,0,345183,0,258887,86295,0,258887,0,0,0,0,0,9840,60,1140,6,0,1500,1329,60.65008050484554,414.7243691899264,0,1,0,0,0,0,0,0,0.01,1329,1337,32,9840,0,0,0,0,0,0,492,658183,3,96,45718,49559,491,20,0,0,0,0,0,0,0,0,DDoS
443,1999,1,12,702,4527,702,10,702,15.1394253199026,377,0,377,31.481819815461698,2615757,6502,153,723.8098005975273,1999,3,1599,1599,0,1599,0,1199,99,0,1199,0,0,0,0,0,20,240,500,6001,0,1000,402,10.780568849944505,431.606366891265,0,1,0,0,1,0,0,0,12.0,402,702,377,20,0,0,0,0,0,0,1,702,12,4527,49425,35739,0,20,0,0,0,0,0,0,0,0,BENIGN
53,704,6,8,4637,4129,772,10,772,43.24104385499329,516,0,516,7.342181680191318,12446834,19875,50,262.8838973488069,704,8,563,93,0,563,0,422,52,0,422,0,0,0,0,0,120,160,8517,11357,0,1000,626,44.12993083535842,946.1189320236086,0,1,0,0,1,0,0,0,1.33,626,772,516,120,0,0,0,0,0,0,6,4637,8,4129,43074,55597,5,20,0,0,0,0,0,0,0,0,BENIGN
22,464,3,7,2529,3022,843,10,843,20.48319316446155,431,0,431,23.1014899893341,11964195,21551,46,25.453407541781715,464,2,371,123,0,371,0,278,39,0,278,0,0,0,0,0,60,140,6465,15085,0,1000,555,0.3240915641644082,243.7150789721021,0,1,0,0,0,0,0,0,2.33,555,843,431,60,0,0,0,0,0,0,3,2529,7,3022,42381,41019,2,20,0,0,0,0,0,0,0,0,BENIGN
22,4050,7,12,3327,6295,475,10,475,38.51145303518801,524,0,524,27.326299192059572,2376107,4691,213,532.9222998984336,4050,4,3240,462,0,3240,0,2430,202,0,2430,0,0,0,0,0,140,240,1728,2962,0,1000,506,5.10339927976421,606.5120282706331,0,1,0,0,1,0,0,0,1.71,506,475,524,140,0,0,0,0,0,0,7,3327,12,6295,60486,45182,6,20,0,0,0,0,0,0,0,0,BENIGN
123,2800,9,4,5978,3874,664,10,664,7.775274675298993,968,0,968,7.9120719494734315,3519057,4642,215,980.9679177770258,2800,4,2240,248,0,2240,0,1680,420,0,1680,0,0,0,0,0,180,80,3214,1428,0,1000,757,95.52670621598786,235.22474677220438,0,0,0,0,1,0,0,0,0.44,757,664,968,180,0,0,0,0,0,0,9,5978,4,3874,61957,30061,8,20,0,0,0,0,0,0,0,0,BENIGN
443,823,5,12,765,13584,153,10,153,21.871530784660493,1132,0,1132,20.486612617712158,17419955,20637,48,775.4027995263443,823,9,658,131,0,658,0,494,41,0,494,0,0,0,0,0,100,240,6069,14567,0,1000,844,34.79971000797099,880.9542662190028,0,0,0,0,0,0,0,0,2.4,844,153,1132,100,0,0,0,0,0,0,5,765,12,13584,59005,55537,4,20,0,0,0,0,0,0,0,0,BENIGN
123,908,2,3,169,1397,84,10,84,47.37550459813955,465,0,465,28.76669179114864,1723585,5501,181,138.19055769566424,908,7,727,363,0,727,0,545,181,0,545,0,0,0,0,0,40,60,2200,3300,0,1000,313,98.79809781872649,987.9368992078873,0,1,0,0,0,0,0,0,1.5,313,84,465,40,0,0,0,0,0,0,2,169,3,1397,40805,63419,1,20,0,0,0,0,0,0,0,0,BENIGN
123,4639,2,1,1800,878,900,10,900,45.598691850194896,878,0,878,20.99892647733,577418,646,1546,532.1690723930784,4639,1,3711,1855,0,3711,0,2783,2783,0,2783,0,0,0,0,0,40,20,431,215,0,1000,893,8.341364352523184,655.418668889055,0,1,0,0,1,0,0,0,0.5,893,900,878,40,0,0,0,0,0,0,2,1800,1,878,45556,35178,1,20,0,0,0,0,0,0,0,0,BENIGN
80,1715,7,4,1093,3139,156,10,156,21.29236928881025,784,0,784,28.777734314902293,2468411,6413,155,32.64260581743051,1715,2,1372,196,0,1372,0,1029,257,0,1029,0,0,0,0,0,140,80,4081,2332,0,1000,384,64.03096175927428,823.8198482655276,0,1,0,0,1,0,0,0,0.57,384,156,784,140,0,0,0,0,0,0,7,1093,4,3139,58773,51188,6,20,0,0,0,0,0,0,0,0,BENIGN
22,580101,54,106,2427,8827,44,0,44,24.201176566486147,83,0,83,16.05349314557728,19402,275,3625,368.9290272995609,580101,4,464081,8594,0,464081,0,348061,3283,0,348061,0,0,0,0,0,1080,2120,93,182,0,1000,70,14.622924890722977,243.15587513487057,0,0,0,0,1,0,0,0,1.96,70,44,83,1080,0,0,0,0,0,0,54,2427,106,8827,64009,51265,53,20,0,0,0,0,0,0,0,0,SSH-Patator
53,1688,2,8,441,6911,220,10,220,10.948015857187581,863,0,863,41.07525886492691,4353551,5920,168,825.598558510573,1688,6,1351,675,0,1351,0,1013,126,0,1013,0,0,0,0,0,40,160,1184,4736,0,1000,735,82.47704703432608,661.3319180878124,0,0,0,0,0,0,0,0,4.0,735,220,863,40,0,0,0,0,0,0,2,441,8,6911,48213,61274,1,20,0,0,0,0,0,0,0,0,BENIGN
80,1392,2,1,989,52,494,10,494,48.25898798089828,52,0,52,33.0864597332827,748103,2155,464,676.0246396502777,1392,8,1113,556,0,1113,0,835,835,0,835,0,0,0,0,0,40,20,1436,718,0,1000,347,71.90256799277594,903.7267001044966,0,1,0,0,1,0,0,0,0.5,347,494,52,40,0,0,0,0,0,0,2,989,1,52,52437,30374,1,20,0,0,0,0,0,0,0,0,BENIGN
123,1278,6,1,1075,328,179,10,179,22.6281103619337,328,0,328,33.898401791565256,1098671,5475,182,576.9143362712492,1278,7,1022,170,0,1022,0,766,766,0,766,0,0,0,0,0,120,20,4693,782,0,1000,200,55.10245276854398,386.01365587860556,0,0,0,0,0,0,0,0,0.17,200,179,328,120,0,0,0,0,0,0,6,1075,1,328,41202,52256,5,20,0,0,0,0,0,0,0,0,BENIGN
53,1335,5,1,1436,1147,287,10,287,2.6035245967215124,1147,0,1147,3.531203772005309,1934617,4491,222,989.8388601433805,1335,6,1068,213,0,1068,0,801,801,0,801,0,0,0,0,0,100,20,3743,748,0,1000,430,90.94583742684357,985.8739748565642,0,1,0,0,0,0,0,0,0.2,430,287,1147,100,0,0,0,0,0,0,5,1436,1,1147,49570,50047,4,20,0,0,0,0,0,0,0,0,BENIGN
33009,195,2,1,0,0,0,0,0,44.17485869031281,0,0,0,30.580811179298546,0,15377,65,634.8145566725827,195,10,156,78,0,156,0,117,117,0,117,0,0,0,0,0,40,20,10251,5125,0,1000,0,61.113379069566385,512.6022463346966,0,1,0,0,0,0,0,0,0.5,0,0,0,40,0,0,0,0,0,0,2,0,1,0,52230,48937,1,20,0,0,0,0,0,0,0,0,PortScan
53,2693,9,9,3821,9591,424,10,424,10.038051746028332,1065,0,1065,11.847881039061587,4980836,6683,149,707.3901625625251,2693,9,2154,239,0,2154,0,1615,179,0,1615,0,0,0,0,0,180,180,3341,3341,0,1000,745,33.2888541985136,611.7803510462387,0,1,0,0,1,0,0,0,1.0,745,424,1065,180,0,0,0,0,0,0,9,3821,9,9591,62984,53414,8,20,0,0,0,0,0,0,0,0,BENIGN
123,970,1,9,417,2085,417,10,417,19.42225706363993,231,0,231,20.88618036459602,2578217,10302,97,292.1092577722428,970,4,776,776,0,776,0,582,64,0,582,0,0,0,0,0,20,180,1030,9272,0,1000,250,42.95269110689903,566.9703467703245,0,1,0,0,1,0,0,0,9.0,250,417,231,20,0,0,0,0,0,0,1,417,9,2085,57540,58743,0,20,0,0,0,0,0,0,0,0,BENIGN
42621,39,2,0,0,0,0,0,0,18.81931947159235,0,0,0,19.92583948932989,0,51216,19,57.363337632085454,39,6,31,15,0,31,0,23,0,0,23,0,0,0,0,0,40,0,51216,0,0,1000,0,24.840905145892155,934.3177277259813,0,1,0,0,0,0,0,0,0.0,0,0,0,40,0,0,0,0,0,0,2,0,0,0,33766,41799,1,20,0,0,0,0,0,0,0,0,PortScan
3306,2803165,207,1,31395,39,151,0,151,30.127232895852984,39,0,39,4.026802903138171,11214,74,13476,229.80526140307688,2803165,4,2242532,10833,0,2242532,0,1681899,1681899,0,1681899,0,0,0,0,0,4140,20,73,0,0,1500,151,55.596841461386035,376.0421805800577,0,1,0,0,0,0,0,0,0.0,151,151,39,4140,0,0,0,0,0,0,207,31395,1,39,29406,63294,206,20,0,0,0,0,0,0,0,0,DDoS
53,589,3,5,1027,4617,342,10,342,2.2173521687067765,923,0,923,37.53394262736428,9581028,13578,73,642.7254868030715,589,7,471,157,0,471,0,353,70,0,353,0,0,0,0,0,60,100,5092,8486,0,1000,705,93.28495563896712,283.5167615238543,0,0,0,0,1,0,0,0,1.67,705,342,923,60,0,0,0,0,0,0,3,1027,5,4617,52701,63251,2,20,0,0,0,0,0,0,0,0,BENIGN
80,702046,388,1,519151,30,1338,0,1338,13.880087772058314,30,0,30,9.827130487593589,739525,554,1804,7.68522307567765,702046,9,561637,1447,0,561637,0,421227,421227,0,421227,0,0,0,0,0,7760,20,552,1,0,1500,1334,89.4115208458701,441.9500932467304,0,1,0,0,0,0,0,0,0.0,1334,1338,30,7760,0,0,0,0,0,0,388,519151,1,30,49123,49710,387,20,0,0,0,0,0,0,0,0,DDoS
80,3578,6,6,3044,3801,507,10,507,44.290859372635865,633,0,633,39.7207189052201,1912710,3352,298,933.5676664913123,3578,6,2863,477,0,2863,0,2147,357,0,2147,0,0,0,0,0,120,120,1676,1676,0,1000,570,3.3592713083483328,630.3304986735511,0,0,0,0,0,0,0,0,1.0,570,507,633,120,0,0,0,0,0,0,6,3044,6,3801,50481,40505,5,20,0,0,0,0,0,0,0,0,BENIGN
53,471,8,2,4338,1511,542,10,542,11.885439354629257,755,0,755,40.15520084999786,12396715,21193,47,175.34776275749175,471,7,377,47,0,377,0,283,141,0,283,0,0,0,0,0,160,40,16954,4238,0,1000,584,38.31696178422116,639.4804232212351,0,0,0,0,0,0,0,0,0.25,584,542,755,160,0,0,0,0,0,0,8,4338,2,1511,34537,44932,7,20,0,0,0,0,0,0,0,0,BENIGN
53,4085,8,11,3925,3383,490,10,490,44.253686729635966,307,0,307,43.99932435540425,1788997,4650,215,677.8211050151833,4085,9,3268,408,0,3268,0,2451,222,0,2451,0,0,0,0,0,160,220,1957,2692,0,1000,384,43.766196525560375,334.02298612730755,0,1,0,0,0,0,0,0,1.38,384,490,307,160,0,0,0,0,0,0,8,3925,11,3383,63630,51354,7,20,0,0,0,0,0,0,0,0,BENIGN
123,2218,7,6,4727,868,675,10,675,42.345650905320724,144,0,144,30.549831638395688,2522374,5858,170,978.1300047157656,2218,9,1775,253,0,1775,0,1331,221,0,1331,0,0,0,0,0,140,120,3154,2704,0,1000,430,88.3309018494584,820.7965012610874,0,1,0,0,1,0,0,0,0.86,430,675,144,140,0,0,0,0,0,0,7,4727,6,868,36214,48110,6,20,0,0,0,0,0,0,0,0,BENIGN
80,3726,8,1,3795,583,474,10,474,21.53381953003386,583,0,583,13.072186916357253,1174906,2414,414,972.127044807662,3726,1,2981,372,0,2981,0,2236,2236,0,2236,0,0,0,0,0,160,20,2146,268,0,1000,486,81.06997908641989,204.1066085551041,0,1,0,0,0,0,0,0,0.12,486,474,583,160,0,0,0,0,0,0,8,3795,1,583,35838,50019,7,20,0,0,0,0,0,0,0,0,BENIGN
53,780,8,2,3677,1233,459,10,459,30.60613373561158,616,0,616,22.573606236197396,6293958,12815,78,503.8622091816458,780,2,624,78,0,624,0,468,234,0,468,0,0,0,0,0,160,40,10252,2563,0,1000,491,67.38524092196549,647.0081523493458,0,0,0,0,1,0,0,0,0.25,491,459,616,160,0,0,0,0,0,0,8,3677,2,1233,61587,56329,7,20,0,0,0,0,0,0,0,0,BENIGN
443,1454,4,5,319,779,79,10,79,26.79402419475196,155,0,155,45.13827782785153,755320,6187,161,829.5387694707126,1454,1,1163,290,0,1163,0,872,174,0,872,0,0,0,0,0,80,100,2749,3437,0,1000,122,0.8916363553130524,125.92977781656978,0,0,0,0,1,0,0,0,1.25,122,79,155,80,0,0,0,0,0,0,4,319,5,779,42523,60268,3,20,0,0,0,0,0,0,0,0,BENIGN
443,2900265,264,5,51367,219,194,0,194,36.60273283631472,43,0,43,9.962706613698192,17786,92,10781,315.74362859750636,2900265,8,2320212,8788,0,2320212,0,1740159,348031,0,1740159,0,0,0,0,0,5280,100,91,1,0,1500,191,94.83861257420646,940.9481803010159,0,1,0,0,0,0,0,0,0.02,191,194,43,5280,0,0,0,0,0,0,264,51367,5,219,47632,54143,263,20,0,0,0,0,0,0,0,0,DDoS
80,663699,89,0,21193,0,238,0,238,23.52533818229652,0,0,0,27.858640631405336,31931,134,7457,678.0435372332022,663699,3,530959,5965,0,530959,0,398219,0,0,398219,0,0,0,0,0,1780,0,134,0,0,1500,238,40.944302612026526,379.61935050258245,0,1,0,0,0,0,0,0,0.0,238,238,0,1780,0,0,0,0,0,0,89,21193,0,0,64089,33339,88,20,0,0,0,0,0,0,0,0,DDoS
80,3628,3,12,2973,3356,991,10,991,41.68259959690286,279,0,279,0.8805657132424982,1744685,4133,241,562.0021353473879,3628,9,2902,967,0,2902,0,2177,181,0,2177,0,0,0,0,0,60,240,826,3307,0,1000,422,94.11510212545484,97.7455502099045,0,0,0,0,0,0,0,0,4.0,422,991,279,60,0,0,0,0,0,0,3,2973,12,3356,39755,56385,2,20,0,0,0,0,0,0,0,0,BENIGN
123,2351,4,11,272,1941,68,10,68,18.907971843124848,176,0,176,38.45403627214118,941641,6378,156,630.5268715416828,2351,9,1881,470,0,1881,0,1410,128,0,1410,0,0,0,0,0,80,220,1700,4677,0,1000,147,68.77037181062244,538.4787918729703,0,0,0,0,0,0,0,0,2.75,147,68,176,80,0,0,0,0,0,0,4,272,11,1941,40654,36096,3,20,0,0,0,0,0,0,0,0,BENIGN
53,4514,5,12,2871,4368,574,10,574,36.60787178798377,364,0,364,3.8858825482746884,1603660,3765,265,485.15506999573387,4514,9,3611,722,0,3611,0,2708,225,0,2708,0,0,0,0,0,100,240,1107,2657,0,1000,425,61.1669051531604,474.8166863580312,0,0,0,0,1,0,0,0,2.4,425,574,364,100,0,0,0,0,0,0,5,2871,12,4368,41569,51537,4,20,0,0,0,0,0,0,0,0,BENIGN
443,393,5,4,448,1814,89,10,89,45.08794362146375,453,0,453,6.413594499169994,5747103,22853,43,285.8229103302411,393,5,315,63,0,315,0,236,59,0,236,0,0,0,0,0,100,80,12696,10157,0,1000,251,12.128951004107291,551.2786844783097,0,0,0,0,1,0,0,0,0.8,251,89,453,100,0,0,0,0,0,0,5,448,4,1814,42413,54095,4,20,0,0,0,0,0,0,0,0,BENIGN
443,2848,5,6,499,1031,99,10,99,8.072849706793317,171,0,171,28.023755619597125,537570,3862,258,269.81940838037445,2848,3,2278,455,0,2278,0,1708,284,0,1708,0,0,0,0,0,100,120,1755,2106,0,1000,139,89.55436919126039,805.6034226296485,0,1,0,0,1,0,0,0,1.2,139,99,171,100,0,0,0,0,0,0,5,499,6,1031,50359,31036,4,20,0,0,0,0,0,0,0,0,BENIGN
443,623,10,11,851,4119,85,10,85,11.583926989581734,374,0,374,41.08893395141662,7971674,33674,29,433.600593788427,623,2,498,49,0,498,0,374,34,0,374,0,0,0,0,0,200,220,16035,17639,0,1000,236,66.82000702690675,136.37378235252018,0,0,0,0,0,0,0,0,1.1,236,85,374,200,0,0,0,0,0,0,10,851,11,4119,40563,39060,9,20,0,0,0,0,0,0,0,0,BENIGN
22,1797,1,6,949,6550,949,10,949,26.115593185537456,1091,0,1091,17.042913548768603,4172764,3894,256,608.0640195886955,1797,10,1437,1437,0,1437,0,1078,179,0,1078,0,0,0,0,0,20,120,556,3338,0,1000,1071,18.36147854501902,756.6816537623095,0,1,0,0,0,0,0,0,6.0,1071,949,1091,20,0,0,0,0,0,0,1,949,6,6550,54911,63903,0,20,0,0,0,0,0,0,0,0,BENIGN
443,477735,361,0,144965,0,401,0,401,10.582824745474673,0,0,0,37.04839805743818,303443,755,1323,402.2555432618864,477735,8,382188,1058,0,382188,0,286641,0,0,286641,0,0,0,0,0,7220,0,755,0,0,1500,401,13.331376867019573,305.6747372740629,0,1,0,0,0,0,0,0,0.0,401,401,0,7220,0,0,0,0,0,0,361,144965,0,0,42390,29238,360,20,0,0,0,0,0,0,0,0,DDoS
3306,2037690,56,2,51084,99,912,0,912,21.128201569933815,49,0,49,16.36945894402625,25118,28,35132,694.0409597592121,2037690,4,1630152,29109,0,1630152,0,1222614,611307,0,1222614,0,0,0,0,0,1120,40,27,0,0,1500,882,89.68407721908581,816.1843786119623,0,1,0,0,0,0,0,0,0.04,882,912,49,1120,0,0,0,0,0,0,56,51084,2,99,30061,39866,55,20,0,0,0,0,0,0,0,0,DDoS
11703,162,1,1,0,0,0,0,0,1.2129978618377724,0,0,0,11.429239601694801,0,12318,81,178.63991850618365,162,1,129,129,0,129,0,97,97,0,97,0,0,0,0,0,20,20,6159,6159,0,1000,0,27.468475326093934,734.3719837042319,0,1,0,0,0,0,0,0,1.0,0,0,0,20,0,0,0,0,0,0,1,0,1,0,40940,49522,0,20,0,0,0,0,0,0,0,0,PortScan
443,3113,1,4,963,1837,963,10,963,22.185998349516932,459,0,459,34.69896702178987,899460,1605,622,461.3993634527298,3113,6,2491,2491,0,2491,0,1868,467,0,1868,0,0,0,0,0,20,80,321,1284,0,1000,560,86.92073425082721,176.15198774200934,0,0,0,0,0,0,0,0,4.0,560,963,459,20,0,0,0,0,0,0,1,963,4,1837,43074,51264,0,20,0,0,0,0,0,0,0,0,BENIGN
53,1805,9,12,2328,2063,258,10,258,27.942641046009552,171,0,171,33.26369605735908,2432086,11630,85,691.5149709498066,1805,4,1444,160,0,1444,0,1083,90,0,1083,0,0,0,0,0,180,240,4984,6646,0,1000,209,63.023103558767644,307.82748405104434,0,1,0,0,1,0,0,0,1.33,209,258,171,180,0,0,0,0,0,0,9,2328,12,2063,57753,54177,8,20,0,0,0,0,0,0,0,0,BENIGN
80,1566,9,5,8318,671,924,10,924,44.25285445196417,134,0,134,11.272302367769399,5739790,8938,111,175.17646197658178,1566,9,1252,139,0,1252,0,939,187,0,939,0,0,0,0,0,180,100,5746,3192,0,1000,642,67.6073062289898,890.5373166517752,0,1,0,0,0,0,0,0,0.56,642,924,134,180,0,0,0,0,0,0,9,8318,5,671,46911,37468,8,20,0,0,0,0,0,0,0,0,BENIGN
80,4358,5,2,1773,964,354,10,354,20.886060544380786,482,0,482,33.49762451050468,628188,1606,622,424.34296276137565,4358,10,3486,697,0,3486,0,2614,1307,0,2614,0,0,0,0,0,100,40,1147,458,0,1000,391,79.08904862298105,143.97844895753954,0,0,0,0,1,0,0,0,0.4,391,354,482,100,0,0,0,0,0,0,5,1773,2,964,50722,47600,4,20,0,0,0,0,0,0,0,0,BENIGN
80,4347,3,2,945,1281,315,10,315,7.650524920531049,640,0,640,44.39031981875702,512121,1150,869,341.6683020498181,4347,9,3478,1159,0,3478,0,2608,1304,0,2608,0,0,0,0,0,60,40,690,460,0,1000,445,60.28746329382757,607.8523828997771,0,1,0,0,0,0,0,0,0.67,445,315,640,60,0,0,0,0,0,0,3,945,2,1281,46099,52991,2,20,0,0,0,0,0,0,0,0,BENIGN
53,3844,6,9,5799,8476,966,10,966,19.627353742825292,941,0,941,38.78264821084901,3712876,3901,256,271.68812269368146,3844,9,3075,512,0,3075,0,2306,256,0,2306,0,0,0,0,0,120,180,1560,2340,0,1000,951,86.82196449625748,176.65600605958775,0,0,0,0,1,0,0,0,1.5,951,966,941,120,0,0,0,0,0,0,6,5799,9,8476,41968,61918,5,20,0,0,0,0,0,0,0,0,BENIGN
80,4128,3,6,642,5647,214,10,214,34.060284612581476,941,0,941,31.805336680029388,1523234,2179,458,73.22543456370522,4128,3,3303,1101,0,3303,0,2477,412,0,2477,0,0,0,0,0,60,120,726,1453,0,1000,698,26.599139759711367,867.9121340793401,0,0,0,0,0,0,0,0,2.0,698,214,941,60,0,0,0,0,0,0,3,642,6,5647,34138,52833,2,20,0,0,0,0,0,0,0,0,BENIGN
443,1582,3,6,1569,6863,523,10,523,28.31961767334571,1143,0,1143,7.422733294739537,5330390,5688,175,807.8196091367334,1582,7,1265,421,0,1265,0,949,158,0,949,0,0,0,0,0,60,120,1896,3792,0,1000,937,6.981733314965122,155.74282695663823,0,1,0,0,0,0,0,0,2.0,937,523,1143,60,0,0,0,0,0,0,3,1569,6,6863,57038,57843,2,20,0,0,0,0,0,0,0,0,BENIGN
123,2896,5,3,3314,2067,662,10,662,2.5320305518835684,689,0,689,2.097095878308519,1858294,2762,362,742.1118246298997,2896,1,2316,463,0,2316,0,1737,579,0,1737,0,0,0,0,0,100,60,1726,1035,0,1000,672,22.89326661619291,165.90409634018476,0,1,0,0,0,0,0,0,0.6,672,662,689,100,0,0,0,0,0,0,5,3314,3,2067,61385,38036,4,20,0,0,0,0,0,0,0,0,BENIGN
443,3803,3,6,2645,3970,881,10,881,9.707522646286648,661,0,661,19.68004766519694,1739612,2366,422,591.164097644154,3803,5,3042,1014,0,3042,0,2281,380,0,2281,0,0,0,0,0,60,120,788,1577,0,1000,735,11.361906282699529,946.0282955018819,0,1,0,0,1,0,0,0,2.0,735,881,661,60,0,0,0,0,0,0,3,2645,6,3970,35732,36400,2,20,0,0,0,0,0,0,0,0,BENIGN
443,2246,4,10,2450,2222,612,10,612,27.72209469994579,222,0,222,46.87831879823774,2079617,6230,160,33.40183792721485,2246,7,1797,449,0,1797,0,1348,134,0,1348,0,0,0,0,0,80,200,1780,4450,0,1000,333,46.831763553677916,915.6676366630414,0,1,0,0,1,0,0,0,2.5,333,612,222,80,0,0,0,0,0,0,4,2450,10,2222,32899,33614,3,20,0,0,0,0,0,0,0,0,BENIGN
53,1398,3,1,2350,572,783,10,783,29.605802512508145,572,0,572,10.962243540498656,2089975,2859,349,833.3550245604564,1398,4,1119,373,0,1119,0,839,839,0,839,0,0,0,0,0,60,20,2144,714,0,1000,730,20.623199976034666,592.9760765005619,0,0,0,0,1,0,0,0,0.33,730,783,572,60,0,0,0,0,0,0,3,2350,1,572,62901,42584,2,20,0,0,0,0,0,0,0,0,BENIGN
443,883,1,5,637,814,637,10,637,17.01918180772936,162,0,162,2.336979881304302,1643518,6791,147,623.2036997269123,883,10,706,706,0,706,0,530,106,0,530,0,0,0,0,0,20,100,1131,5659,0,1000,242,15.840144760331343,699.6671611462009,0,1,0,0,1,0,0,0,5.0,242,637,162,20,0,0,0,0,0,0,1,637,5,814,34239,64865,0,20,0,0,0,0,0,0,0,0,BENIGN
123,1602,8,11,2539,1789,317,10,317,32.611532137660824,162,0,162,39.267203330090716,2701725,11857,84,195.29688929840228,1602,2,1281,160,0,1281,0,961,87,0,961,0,0,0,0,0,160,220,4992,6865,0,1000,227,61.071617352357435,662.3914375654297,0,0,0,0,0,0,0,0,1.38,227,317,162,160,0,0,0,0,0,0,8,2539,11,1789,57372,32856,7,20,0,0,0,0,0,0,0,0,BENIGN
22,4193,1,11,96,1895,96,10,96,16.867796311570626,172,0,172,22.392579623396557,474865,2861,349,700.4879213088475,4193,9,3354,3354,0,3354,0,2516,228,0,2516,0,0,0,0,0,20,220,238,2623,0,1000,165,34.46666876395994,450.6849581767833,0,1,0,0,0,0,0,0,11.0,165,96,172,20,0,0,0,0,0,0,1,96,11,1895,57995,45546,0,20,0,0,0,0,0,0,0,0,BENIGN
53,1556,8,3,1683,637,210,10,210,18.278632657073306,212,0,212,0.37371430452887155,1491105,7067,141,828.5300729987106,1556,2,1245,155,0,1245,0,933,311,0,933,0,0,0,0,0,160,60,5139,1927,0,1000,210,38.20158104074124,41.03869148040518,0,0,0,0,0,0,0,0,0.38,210,210,212,160,0,0,0,0,0,0,8,1683,3,637,48075,58916,7,20,0,0,0,0,0,0,0,0,BENIGN
443,1825,2,2,386,1371,193,10,193,29.569279610355764,685,0,685,22.01318218358515,962897,2191,456,22.87284612905416,1825,7,1460,730,0,1460,0,1095,547,0,1095,0,0,0,0,0,40,40,1095,1095,0,1000,439,27.92444569993725,462.0971710911526,0,1,0,0,1,0,0,0,1.0,439,193,685,40,0,0,0,0,0,0,2,386,2,1371,44129,30537,1,20,0,0,0,0,0,0,0,0,BENIGN
22,51,8,9,1511,2498,188,10,188,37.39907425859907,277,0,277,11.414928371445344,78610587,333273,3,725.9950415921346,51,2,40,5,0,40,0,30,3,0,30,0,0,0,0,0,160,180,156834,176439,0,1000,235,2.108405759267229,804.2463830960124,0,0,0,0,1,0,0,0,1.12,235,188,277,160,0,0,0,0,0,0,8,1511,9,2498,37290,43813,7,20,0,0,0,0,0,0,0,0,BENIGN
443,1228,3,2,1804,210,601,10,601,40.96169722933799,105,0,105,38.841042450835445,1640799,4071,245,624.9567172800777,1228,4,982,327,0,982,0,736,368,0,736,0,0,0,0,0,60,40,2442,1628,0,1000,403,23.2778358359351,479.1251957989955,0,1,0,0,0,0,0,0,0.67,403,601,105,60,0,0,0,0,0,0,3,1804,2,210,40566,42011,2,20,0,0,0,0,0,0,0,0,BENIGN
58890,155,1,0,0,0,0,0,0,48.954330224898236,0,0,0,32.79114018974849,0,6427,155,231.73425504600266,155,2,124,124,0,124,0,93,0,0,93,0,0,0,0,0,20,0,6427,0,0,1000,0,20.34999999452526,296.02008549616056,0,1,0,0,0,0,0,0,0.0,0,0,0,20,0,0,0,0,0,0,1,0,0,0,64885,31540,0,20,0,0,0,0,0,0,0,0,PortScan
8080,595626,483,5,345005,50,714,0,714,38.609973629587294,10,0,10,5.641812182858091,579316,819,1220,775.1252044547675,595626,2,476500,986,0,476500,0,357375,71475,0,357375,0,0,0,0,0,9660,100,810,8,0,1500,707,41.26285689036649,796.1082259318873,0,1,0,0,0,0,0,0,0.01,707,714,10,9660,0,0,0,0,0,0,483,345005,5,50,34670,49424,482,20,0,0,0,0,0,0,0,0,DDoS
80,3578,2,4,1869,1460,934,10,934,23.7710861798657,365,0,365,16.58236870620449,930624,1676,596,266.94993969098647,3578,10,2863,1431,0,2863,0,2147,536,0,2147,0,0,0,0,0,40,80,558,1117,0,1000,555,90.52541810628507,435.4036333682949,0,0,0,0,0,0,0,0,2.0,555,934,365,40,0,0,0,0,0,0,2,1869,4,1460,52726,52310,1,20,0,0,0,0,0,0,0,0,BENIGN
443,4450,7,5,4285,4161,612,10,612,14.906528150106684,832,0,832,16.75294700373886,1898214,2696,370,180.97663585127722,4450,7,3560,508,0,3560,0,2670,534,0,2670,0,0,0,0,0,140,100,1572,1123,0,1000,703,77.26441473971202,231.63888215723182,0,1,0,0,1,0,0,0,0.71,703,612,832,140,0,0,0,0,0,0,7,4285,5,4161,51433,37881,6,20,0,0,0,0,0,0,0,0,BENIGN
80,4174,9,3,8353,1546,928,10,928,40.76595687691769,515,0,515,10.690524131058426,2371711,2874,347,556.9652359110346,4174,7,3339,371,0,3339,0,2504,834,0,2504,0,0,0,0,0,180,60,2156,718,0,1000,824,7.5610408821552895,281.1197570886305,0,0,0,0,1,0,0,0,0.33,824,928,515,180,0,0,0,0,0,0,9,8353,3,1546,50276,37354,8,20,0,0,0,0,0,0,0,0,BENIGN
22,1458,1,4,414,499,414,10,414,38.33810841839995,124,0,124,9.581212627795521,626514,3427,291,186.0174050706642,1458,4,1167,1167,0,1167,0,875,218,0,875,0,0,0,0,0,20,80,685,2741,0,1000,182,15.500532810998713,847.8691230204332,0,0,0,0,0,0,0,0,4.0,182,414,124,20,0,0,0,0,0,0,1,414,4,499,56999,40241,0,20,0,0,0,0,0,0,0,0,BENIGN
123,1658,1,9,421,2272,421,10,421,7.667771533921158,252,0,252,9.093311128956943,1624117,6028,165,114.94776378337257,1658,3,1327,1327,0,1327,0,995,110,0,995,0,0,0,0,0,20,180,602,5425,0,1000,269,7.009255015279159,996.2001112872002,0,1,0,0,0,0,0,0,9.0,269,421,252,20,0,0,0,0,0,0,1,421,9,2272,35184,64830,0,20,0,0,0,0,0,0,0,0,BENIGN
123,1370,9,7,3087,2806,343,10,343,9.764104415585283,400,0,400,19.22132353199086,4302233,11678,85,809.9824407649952,1370,2,1096,121,0,1096,0,822,117,0,822,0,0,0,0,0,180,140,6569,5109,0,1000,368,70.74231086362789,375.58416170777133,0,0,0,0,0,0,0,0,0.78,368,343,400,180,0,0,0,0,0,0,9,3087,7,2806,31878,50073,8,20,0,0,0,0,0,0,0,0,BENIGN
123,2451,7,2,3857,2375,551,10,551,33.929467573526686,1187,0,1187,40.495336996504165,2541996,3670,272,588.4780506351996,2451,3,1961,280,0,1961,0,1471,735,0,1471,0,0,0,0,0,140,40,2854,815,0,1000,692,35.479040566324535,926.625399939188,0,1,0,0,1,0,0,0,0.29,692,551,1187,140,0,0,0,0,0,0,7,3857,2,2375,43162,46332,6,20,0,0,0,0,0,0,0,0,BENIGN
53,510,5,8,1542,5686,308,10,308,9.224813219458278,710,0,710,22.0814085265512,14156098,25454,39,987.0685305005093,510,9,408,81,0,408,0,306,38,0,306,0,0,0,0,0,100,160,9790,15664,0,1000,556,27.452313324370337,644.1666919002125,0,1,0,0,1,0,0,0,1.6,556,308,710,100,0,0,0,0,0,0,5,1542,8,5686,48878,47653,4,20,0,0,0,0,0,0,0,0,BENIGN
80,2029,7,2,1860,1116,265,10,265,36.04599283669903,558,0,558,19.82687550112145,1466538,4433,225,319.6308146802208,2029,7,1623,231,0,1623,0,1217,608,0,1217,0,0,0,0,0,140,40,3448,985,0,1000,330,81.98725399919546,968.516754360585,0,0,0,0,1,0,0,0,0.29,330,265,558,140,0,0,0,0,0,0,7,1860,2,1116,30437,48968,6,20,0,0,0,0,0,0,0,0,BENIGN
123,3406,9,3,7378,410,819,10,819,27.56712941339722,136,0,136,4.66076377036781,2286542,3522,283,325.8805663097267,3406,10,2725,302,0,2725,0,2044,681,0,2044,0,0,0,0,0,180,60,2641,880,0,1000,649,37.6403289791439,785.9820343878231,0,0,0,0,1,0,0,0,0.33,649,819,136,180,0,0,0,0,0,0,9,7378,3,410,44678,62608,8,20,0,0,0,0,0,0,0,0,BENIGN
22,4405,6,5,5903,2685,983,10,983,9.707590551695795,537,0,537,44.826856361722086,1949232,2496,400,635.4747655618554,4405,9,3524,587,0,3524,0,2643,528,0,2643,0,0,0,0,0,120,100,1361,1134,0,1000,780,47.99135552882898,641.3743254339631,0,1,0,0,1,0,0,0,0.83,780,983,537,120,0,0,0,0,0,0,6,5903,5,2685,51290,31437,5,20,0,0,0,0,0,0,0,0,BENIGN
22,2417,8,2,6977,1092,872,10,872,47.49350557041917,546,0,546,23.817868044948842,3337604,4135,241,364.46000819947767,2417,7,1934,241,0,1934,0,1450,725,0,1450,0,0,0,0,0,160,40,3308,827,0,1000,807,13.742588386871102,376.1694747615387,0,0,0,0,0,0,0,0,0.25,807,872,546,160,0,0,0,0,0,0,8,6977,2,1092,30987,50329,7,20,0,0,0,0,0,0,0,0,BENIGN
443,3866,8,12,7227,1530,903,10,903,27.556049758595584,127,0,127,40.998959645144794,2264957,5171,193,326.88713110077714,3866,10,3093,386,0,3093,0,2320,193,0,2320,0,0,0,0,0,160,240,2068,3103,0,1000,437,54.051059450305026,329.86225601197384,0,1,0,0,0,0,0,0,1.5,437,903,127,160,0,0,0,0,0,0,8,7227,12,1530,57792,35014,7,20,0,0,0,0,0,0,0,0,BENIGN
12097,65,1,0,0,0,0,0,0,30.68857114201663,0,0,0,2.553856762100942,0,15303,65,661.4583531581702,65,9,52,52,0,52,0,39,0,0,39,0,0,0,0,0,20,0,15303,0,0,1000,0,27.490607486231834,476.7282267427283,0,1,0,0,0,0,0,0,0.0,0,0,0,20,0,0,0,0,0,0,1,0,0,0,52393,40100,0,20,0,0,0,0,0,0,0,0,PortScan
80,2837,8,2,5359,2129,669,10,669,4.46686924762742,1064,0,1064,32.85869337439063,2639255,3523,283,918.5243272876925,2837,9,2270,283,0,2270,0,1702,851,0,1702,0,0,0,0,0,160,40,2819,704,0,1000,748,62.28799508699503,687.6083613289777,0,0,0,0,0,0,0,0,0.25,748,669,1064,160,0,0,0,0,0,0,8,5359,2,2129,59822,59301,7,20,0,0,0,0,0,0,0,0,BENIGN
80,402893,58,4,10816,78,186,0,186,25.07191567508648,19,0,19,13.429432588180834,27043,153,6498,700.553973655834,402893,5,322314,5557,0,322314,0,241735,60433,0,241735,0,0,0,0,0,1160,80,143,9,0,1500,175,53.29121830133261,438.01551367558733,0,1,0,0,0,0,0,0,0.07,175,186,19,1160,0,0,0,0,0,0,58,10816,4,78,48654,43361,57,20,0,0,0,0,0,0,0,0,DDoS
80,3848709,74,5,61540,199,831,0,831,24.365530295398745,39,0,39,41.15255016960177,16041,20,48717,627.9482929376352,3848709,9,3078967,41607,0,3078967,0,2309225,461845,0,2309225,0,0,0,0,0,1480,100,19,1,0,1500,781,20.83048299817739,667.0205674068586,0,1,0,0,0,0,0,0,0.07,781,831,39,1480,0,0,0,0,0,0,74,61540,5,199,56972,34429,73,20,0,0,0,0,0,0,0,0,DDoS
22,2107,10,11,1360,12845,136,10,136,13.620017663309875,1167,0,1167,6.820726068155175,6738942,9962,100,223.64239523344597,2107,7,1686,168,0,1686,0,1264,114,0,1264,0,0,0,0,0,200,220,4743,5218,0,1000,676,26.021533529186424,925.8901446073038,0,0,0,0,1,0,0,0,1.1,676,136,1167,200,0,0,0,0,0,0,10,1360,11,12845,47425,46599,9,20,0,0,0,0,0,0,0,0,BENIGN
443,1809,9,2,6007,798,667,10,667,8.23214965387083,399,0,399,23.558030834501558,3761612,6079,164,626.8217091316087,1809,4,1447,160,0,1447,0,1085,542,0,1085,0,0,0,0,0,180,40,4973,1105,0,1000,618,86.63034702516215,295.61581370264,0,1,0,0,1,0,0,0,0.22,618,667,399,180,0,0,0,0,0,0,9,6007,2,798,64839,52852,8,20,0,0,0,0,0,0,0,0,BENIGN
53,2818,8,6,427,5623,53,10,53,24.09800543680543,937,0,937,39.8419532480081,2147119,4967,201,946.401918469313,2818,3,2254,281,0,2254,0,1691,281,0,1691,0,0,0,0,0,160,120,2838,2128,0,1000,432,19.80986200399304,420.98217144125204,0,1,0,0,0,0,0,0,0.75,432,53,937,160,0,0,0,0,0,0,8,427,6,5623,50596,29245,7,20,0,0,0,0,0,0,0,0,BENIGN
80,3496,9,7,720,6648,80,10,80,5.5495155339421895,949,0,949,19.144777858453516,2107860,4576,218,880.017454436331,3496,7,2796,310,0,2796,0,2097,299,0,2097,0,0,0,0,0,180,140,2574,2002,0,1000,460,63.46140434636288,782.3580408351501,0,0,0,0,1,0,0,0,0.78,460,80,949,180,0,0,0,0,0,0,9,720,7,6648,44542,44347,8,20,0,0,0,0,0,0,0,0,BENIGN
80,1438,1,12,779,6079,779,10,779,20.347799220688543,506,0,506,31.987700541372632,4767784,9037,110,718.3223670794008,1438,5,1150,1150,0,1150,0,863,71,0,863,0,0,0,0,0,20,240,695,8341,0,1000,527,7.900733540175664,487.3918684464661,0,0,0,0,0,0,0,0,12.0,527,779,506,20,0,0,0,0,0,0,1,779,12,6079,60380,58421,0,20,0,0,0,0,0,0,0,0,BENIGN
53,4374,3,9,2455,10757,818,10,818,1.74993569041772,1195,0,1195,6.250848805153275,3020196,2742,364,682.3906852805685,4374,6,3499,1166,0,3499,0,2624,291,0,2624,0,0,0,0,0,60,180,685,2057,0,1000,1101,5.431220260063285,49.53601398835139,0,0,0,0,1,0,0,0,3.0,1101,818,1195,60,0,0,0,0,0,0,3,2455,9,10757,32565,58596,2,20,0,0,0,0,0,0,0,0,BENIGN
22,1777,2,11,178,7850,89,10,89,20.021178792292332,713,0,713,33.662558569636424,4517023,7314,136,707.4878710070064,1777,1,1421,710,0,1421,0,1066,96,0,1066,0,0,0,0,0,40,220,1125,6188,0,1000,617,87.80266080340616,168.27799169482927,0,0,0,0,0,0,0,0,5.5,617,89,713,40,0,0,0,0,0,0,2,178,11,7850,30990,38727,1,20,0,0,0,0,0,0,0,0,BENIGN
443,450,1,11,73,3214,73,10,73,29.78223948993944,292,0,292,14.366327845761617,7301599,26650,37,975.5859729764095,450,7,360,360,0,360,0,270,24,0,270,0,0,0,0,0,20,220,2220,24429,0,1000,273,41.59090310740739,419.57520379746813,0,1,0,0,0,0,0,0,11.0,273,73,292,20,0,0,0,0,0,0,1,73,11,3214,35992,47100,0,20,0,0,0,0,0,0,0,0,BENIGN
80,50478,111,0,57805,0,520,0,520,32.00039670508729,0,0,0,47.44745302544462,1145147,2198,454,603.8876558321438,50478,8,40383,363,0,40383,0,30287,0,0,30287,0,0,0,0,0,2220,0,2198,0,0,1500,520,95.90819581693934,892.2051883690716,0,1,0,0,0,0,0,0,0.0,520,520,0,2220,0,0,0,0,0,0,111,57805,0,0,37778,56075,110,20,0,0,0,0,0,0,0,0,DDoS
80,3702,10,10,1432,11884,143,10,143,33.68147191871262,1188,0,1188,10.002717255141352,3596618,5401,185,745.9481412679363,3702,8,2962,296,0,2962,0,2221,222,0,2221,0,0,0,0,0,200,200,2700,2700,0,1000,665,67.4122000135058,815.6394892018441,0,0,0,0,0,0,0,0,1.0,665,143,1188,200,0,0,0,0,0,0,10,1432,10,11884,34828,41015,9,20,0,0,0,0,0,0,0,0,BENIGN
123,4153,2,8,856,3569,428,10,428,25.28750405157809,446,0,446,5.8825594982855725,1065488,2407,415,3.7546710876383838,4153,1,3322,1661,0,3322,0,2492,311,0,2492,0,0,0,0,0,40,160,481,1926,0,1000,442,30.98616490029772,949.2498933708433,0,1,0,0,0,0,0,0,4.0,442,428,446,40,0,0,0,0,0,0,2,856,8,3569,45576,47724,1,20,0,0,0,0,0,0,0,0,BENIGN
22,2654,7,9,5596,3095,799,10,799,35.10929375348296,343,0,343,28.43363838956487,3273896,6026,165,421.7078970546871,2654,8,2123,303,0,2123,0,1592,176,0,1592,0,0,0,0,0,140,180,2636,3389,0,1000,543,72.23829723812305,825.387240984598,0,0,0,0,0,0,0,0,1.29,543,799,343,140,0,0,0,0,0,0,7,5596,9,3095,60787,47730,6,20,0,0,0,0,0,0,0,0,BENIGN
80,2368,5,7,1750,932,350,10,350,19.069118159303144,133,0,133,42.91545112355571,1132497,5066,197,679.6964196352911,2368,2,1894,378,0,1894,0,1421,203,0,1421,0,0,0,0,0,100,140,2111,2955,0,1000,223,32.64576544179826,833.0188308308119,0,0,0,0,0,0,0,0,1.4,223,350,133,100,0,0,0,0,0,0,5,1750,7,932,46747,31982,4,20,0,0,0,0,0,0,0,0,BENIGN
80,2053,9,6,3903,6094,433,10,433,24.02113518315118,1015,0,1015,18.344249325779995,4869870,7306,136,88.77965708404301,2053,8,1642,182,0,1642,0,1231,205,0,1231,0,0,0,0,0,180,120,4383,2922,0,1000,666,29.316893189250848,236.5146128680513,0,1,0,0,0,0,0,0,0.67,666,433,1015,180,0,0,0,0,0,0,9,3903,6,6094,63175,35820,8,20,0,0,0,0,0,0,0,0,BENIGN
80,4246,4,9,1979,7349,494,10,494,7.29594711275266,816,0,816,27.828170338893045,2196697,3061,326,287.226801468104,4246,5,3397,849,0,3397,0,2548,283,0,2548,0,0,0,0,0,80,180,941,2119,0,1000,717,81.75623441491958,903.5399314366229,0,0,0,0,0,0,0,0,2.25,717,494,816,80,0,0,0,0,0,0,4,1979,9,7349,44046,60797,3,20,0,0,0,0,0,0,0,0,BENIGN
443,97,3,2,514,898,171,10,171,45.46415873430343,449,0,449,23.839401959495397,14524299,51377,19,997.0883936355552,97,5,77,25,0,77,0,58,29,0,58,0,0,0,0,0,60,40,30826,20550,0,1000,282,94.30638100415678,608.2869994009775,0,1,0,0,0,0,0,0,0.67,282,171,449,60,0,0,0,0,0,0,3,514,2,898,33146,64052,2,20,0,0,0,0,0,0,0,0,BENIGN
123,4397,2,11,1270,8576,635,10,635,1.6202588771280668,779,0,779,46.350310975916585,2239298,2956,338,751.6261206235232,4397,4,3517,1758,0,3517,0,2638,239,0,2638,0,0,0,0,0,40,220,454,2501,0,1000,757,94.12118068385169,757.3662805364982,0,0,0,0,0,0,0,0,5.5,757,635,779,40,0,0,0,0,0,0,2,1270,11,8576,50654,31532,1,20,0,0,0,0,0,0,0,0,BENIGN
53,4339,8,4,496,956,62,10,62,1.6176432834789256,239,0,239,32.922281807169554,334988,2765,361,1.5661927721848379,4339,3,3471,433,0,3471,0,2603,650,0,2603,0,0,0,0,0,160,80,1843,921,0,1000,121,1.88196343400715,902.6578737588759,0,0,0,0,1,0,0,0,0.5,121,62,239,160,0,0,0,0,0,0,8,496,4,956,41462,45036,7,20,0,0,0,0,0,0,0,0,BENIGN
80,3240,10,12,1258,11371,125,10,125,1.5312510359179798,947,0,947,0.03499337511863598,3897801,6789,147,652.6542897427021,3240,5,2592,259,0,2592,0,1944,162,0,1944,0,0,0,0,0,200,240,3085,3703,0,1000,574,80.95282101279491,926.6204097880114,0,1,0,0,1,0,0,0,1.2,574,125,947,200,0,0,0,0,0,0,10,1258,12,11371,65318,41404,9,20,0,0,0,0,0,0,0,0,BENIGN
53,1238,9,11,6881,4014,764,10,764,35.61566062707476,364,0,364,8.76967602905126,8797903,16148,61,502.31923328858295,1238,4,990,110,0,990,0,743,67,0,743,0,0,0,0,0,180,220,7266,8881,0,1000,544,54.57254114645605,970.8473457083023,0,1,0,0,0,0,0,0,1.22,544,764,364,180,0,0,0,0,0,0,9,6881,11,4014,54973,30557,8,20,0,0,0,0,0,0,0,0,BENIGN
443,492,1,2,570,291,570,10,570,2.229424924021001,145,0,145,11.500777542868622,1748356,6087,164,821.8576073489207,492,2,394,394,0,394,0,295,147,0,295,0,0,0,0,0,20,40,2029,4058,0,1000,287,57.00861517833231,636.7996800385043,0,0,0,0,0,0,0,0,2.0,287,570,145,20,0,0,0,0,0,0,1,570,2,291,45969,62648,0,20,0,0,0,0,0,0,0,0,BENIGN
22,878,3,3,2025,2176,675,10,675,25.80858678301453,725,0,725,6.02637962591333,4785519,6833,146,470.5016839229076,878,9,702,234,0,702,0,526,175,0,526,0,0,0,0,0,60,60,3416,3416,0,1000,700,62.9710842520219,121.61087519347902,0,0,0,0,0,0,0,0,1.0,700,675,725,60,0,0,0,0,0,0,3,2025,3,2176,40939,41718,2,20,0,0,0,0,0,0,0,0,BENIGN
22,352,9,6,3586,5243,398,10,398,36.3912639289237,873,0,873,17.61842554283196,25014671,42495,23,255.19298159002278,352,1,282,31,0,282,0,211,35,0,211,0,0,0,0,0,180,120,25497,16998,0,1000,588,67.1559760919875,531.9399257858443,0,1,0,0,0,0,0,0,0.67,588,398,873,180,0,0,0,0,0,0,9,3586,6,5243,64886,50043,8,20,0,0,0,0,0,0,0,0,BENIGN
80,1014809,362,5,368897,202,1019,0,1019,11.861574562566796,40,0,40,13.384601105791184,363713,361,2765,607.1063218710655,1014809,2,811847,2242,0,811847,0,608885,121777,0,608885,0,0,0,0,0,7240,100,356,4,0,1500,1005,40.13672962192367,680.33992028798,0,1,0,0,0,0,0,0,0.01,1005,1019,40,7240,0,0,0,0,0,0,362,368897,5,202,53696,52534,361,20,0,0,0,0,0,0,0,0,DDoS
53,4888,6,2,5302,554,883,10,883,33.12249079157414,277,0,277,4.09326250186941,1198169,1636,611,214.83155213412007,4888,7,3910,651,0,3910,0,2932,1466,0,2932,0,0,0,0,0,120,40,1227,409,0,1000,732,86.02851554373075,766.5310354063384,0,0,0,0,0,0,0,0,0.33,732,883,277,120,0,0,0,0,0,0,6,5302,2,554,35557,39306,5,20,0,0,0,0,0,0,0,0,BENIGN
80,4944,4,5,2216,454,554,10,554,24.80640657440355,90,0,90,32.82640778410677,540257,1820,549,572.6065640148364,4944,6,3955,988,0,3955,0,2966,593,0,2966,0,0,0,0,0,80,100,809,1011,0,1000,296,34.23109452964862,526.0087560640872,0,1,0,0,1,0,0,0,1.25,296,554,90,80,0,0,0,0,0,0,4,2216,5,454,36438,58446,3,20,0,0,0,0,0,0,0,0,BENIGN
443,3171,5,8,4468,5929,893,10,893,32.866963928073204,741,0,741,42.24489621151096,3278869,4099,243,709.5444293910814,3171,8,2537,507,0,2537,0,1902,237,0,1902,0,0,0,0,0,100,160,1576,2522,0,1000,799,99.75432757723816,54.60902634148446,0,1,0,0,1,0,0,0,1.6,799,893,741,100,0,0,0,0,0,0,5,4468,8,5929,43658,38475,4,20,0,0,0,0,0,0,0,0,BENIGN
123,823,2,10,1940,11424,970,10,970,45.25514817071985,1142,0,1142,14.230259993253469,16235824,14577,68,692.0840052575865,823,8,658,329,0,658,0,493,49,0,493,0,0,0,0,0,40,200,2429,12147,0,1000,1113,50.19621961675389,7.216936345832425,0,0,0,0,1,0,0,0,5.0,1113,970,1142,40,0,0,0,0,0,0,2,1940,10,11424,38266,58182,1,20,0,0,0,0,0,0,0,0,BENIGN
40184,173,2,1,0,0,0,0,0,21.321651183971767,0,0,0,20.84231185181095,0,17272,57,615.2718518687735,173,7,138,69,0,138,0,104,104,0,104,0,0,0,0,0,40,20,11514,5757,0,1000,0,27.14793197409905,291.04385107869444,0,1,0,0,0,0,0,0,0.5,0,0,0,40,0,0,0,0,0,0,2,0,1,0,55996,45741,1,20,0,0,0,0,0,0,0,0,PortScan
53,1655,10,1,9270,969,927,10,927,5.717080105349587,969,0,969,36.194760480361765,6183269,6642,150,995.0224838076707,1655,1,1324,132,0,1324,0,993,993,0,993,0,0,0,0,0,200,20,6038,603,0,1000,930,45.87089037770564,197.4923435280177,0,1,0,0,1,0,0,0,0.1,930,927,969,200,0,0,0,0,0,0,10,9270,1,969,45103,40700,9,20,0,0,0,0,0,0,0,0,BENIGN
443,2882,6,12,5884,8927,980,10,980,36.78798635981103,743,0,743,11.855165891200258,5138536,6244,160,33.00289182240412,2882,5,2306,384,0,2306,0,1729,144,0,1729,0,0,0,0,0,120,240,2081,4162,0,1000,822,39.38332841598632,871.7296241096524,0,1,0,0,1,0,0,0,2.0,822,980,743,120,0,0,0,0,0,0,6,5884,12,8927,48728,58818,5,20,0,0,0,0,0,0,0,0,BENIGN
80,1208,3,4,1319,2373,439,10,439,35.25793923472394,593,0,593,39.822431653663806,3057094,5793,172,270.901039881156,1208,1,966,322,0,966,0,724,181,0,724,0,0,0,0,0,60,80,2483,3310,0,1000,527,68.34197704245645,718.0336978428762,0,1,0,0,0,0,0,0,1.33,527,439,593,60,0,0,0,0,0,0,3,1319,4,2373,47296,59800,2,20,0,0,0,0,0,0,0,0,BENIGN
80,1244,10,11,4787,2766,478,10,478,7.059888584556296,251,0,251,45.5638900653033,6067096,16867,59,265.87374439432267,1244,7,995,99,0,995,0,746,67,0,746,0,0,0,0,0,200,220,8032,8835,0,1000,359,3.0139586797346074,638.2505960890427,0,0,0,0,0,0,0,0,1.1,359,478,251,200,0,0,0,0,0,0,10,4787,11,2766,56954,62602,9,20,0,0,0,0,0,0,0,0,BENIGN
22,2568,1,8,828,4244,828,10,828,35.863855048231635,530,0,530,29.723358840594283,1975341,3504,285,397.40203127359695,2568,7,2054,2054,0,2054,0,1540,192,0,1540,0,0,0,0,0,20,160,389,3114,0,1000,563,84.80116082015638,215.79501632001296,0,0,0,0,1,0,0,0,8.0,563,828,530,20,0,0,0,0,0,0,1,828,8,4244,52948,62452,0,20,0,0,0,0,0,0,0,0,BENIGN
443,1646,8,5,938,4199,117,10,117,12.574637612817712,839,0,839,20.43805325078677,3120626,7895,126,482.36535192696795,1646,9,1317,164,0,1317,0,987,197,0,987,0,0,0,0,0,160,100,4858,3036,0,1000,395,71.44978084619511,146.9885804619183,0,1,0,0,0,0,0,0,0.62,395,117,839,160,0,0,0,0,0,0,8,938,5,4199,49115,50295,7,20,0,0,0,0,0,0,0,0,BENIGN
443,2434250,142,2,113364,83,798,0,798,12.786095718963663,41,0,41,11.732902320770894,46604,59,16904,500.00165864510484,2434250,1,1947400,13714,0,1947400,0,1460550,730275,0,1460550,0,0,0,0,0,2840,40,58,0,0,1500,787,37.267386542083834,710.519711471585,0,1,0,0,0,0,0,0,0.01,787,798,41,2840,0,0,0,0,0,0,142,113364,2,83,60608,31462,141,20,0,0,0,0,0,0,0,0,DDoS
443,4619,10,7,2016,6765,201,10,201,28.301134508820997,966,0,966,40.075092972807646,1900856,3679,271,761.3831540514788,4619,4,3695,369,0,3695,0,2771,395,0,2771,0,0,0,0,0,200,140,2164,1515,0,1000,516,47.98587984492052,131.52077339667966,0,1,0,0,0,0,0,0,0.7,516,201,966,200,0,0,0,0,0,0,10,2016,7,6765,35400,54343,9,20,0,0,0,0,0,0,0,0,BENIGN
58463,107,1,0,0,0,0,0,0,13.91342214817729,0,0,0,23.298200014780818,0,9300,107,270.480772401414,107,5,86,86,0,86,0,64,0,0,64,0,0,0,0,0,20,0,9300,0,0,1000,0,5.5702607118194525,908.5849797757223,0,1,0,0,0,0,0,0,0.0,0,0,0,20,0,0,0,0,0,0,1,0,0,0,40546,62674,0,20,0,0,0,0,0,0,0,0,PortScan
8080,4964778,90,1,78455,47,871,0,871,33.664483414223426,47,0,47,17.19694371974675,15812,18,54558,200.72116144978435,4964778,10,3971822,44131,0,3971822,0,2978866,2978866,0,2978866,0,0,0,0,0,1800,20,18,0,0,1500,862,27.924616859556828,138.05520638546943,0,1,0,0,0,0,0,0,0.01,862,871,47,1800,0,0,0,0,0,0,90,78455,1,47,39765,54288,89,20,0,0,0,0,0,0,0,0,DDoS
3306,298971,358,2,452188,90,1263,0,1263,5.686900875637163,45,0,45,30.847910003731684,1512787,1204,830,269.6585721679093,298971,1,239176,668,0,239176,0,179382,89691,0,179382,0,0,0,0,0,7160,40,1197,6,0,1500,1256,55.66008265127936,765.1962632324844,0,1,0,0,0,0,0,0,0.01,1256,1263,45,7160,0,0,0,0,0,0,358,452188,2,90,57124,54937,357,20,0,0,0,0,0,0,0,0,DDoS
22,3801,7,6,1042,6003,148,10,148,11.237041522669744,1000,0,1000,3.746661328738549,1853601,3420,292,29.248887056102845,3801,7,3040,434,0,3040,0,2280,380,0,2280,0,0,0,0,0,140,120,1841,1578,0,1000,541,7.517543542438454,336.80648496663,0,1,0,0,1,0,0,0,0.86,541,148,1000,140,0,0,0,0,0,0,7,1042,6,6003,65087,56793,6,20,0,0,0,0,0,0,0,0,BENIGN
53,4431,6,8,295,1498,49,10,49,10.044389550799432,187,0,187,23.934900982940675,404872,3159,316,450.1265142464709,4431,2,3545,590,0,3545,0,2658,332,0,2658,0,0,0,0,0,120,160,1353,1805,0,1000,128,93.32205984190901,872.186078218097,0,1,0,0,0,0,0,0,1.33,128,49,187,120,0,0,0,0,0,0,6,295,8,1498,39047,32075,5,20,0,0,0,0,0,0,0,0,BENIGN
123,2193,6,11,781,2548,130,10,130,33.0179994602014,231,0,231,29.755411335817143,1517996,7750,129,730.0427718518492,2193,9,1754,292,0,1754,0,1316,119,0,1316,0,0,0,0,0,120,220,2735,5014,0,1000,195,11.605349616249184,50.49763176880096,0,0,0,0,1,0,0,0,1.83,195,130,231,120,0,0,0,0,0,0,6,781,11,2548,62732,37396,5,20,0,0,0,0,0,0,0,0,BENIGN
80,2602,4,3,3398,3588,849,10,849,36.90551592999311,1196,0,1196,2.903716438997772,2684545,2689,371,15.892309698302132,2602,6,2082,520,0,2082,0,1561,520,0,1561,0,0,0,0,0,80,60,1536,1152,0,1000,998,84.68380079234679,902.7426201041812,0,0,0,0,0,0,0,0,0.75,998,849,1196,80,0,0,0,0,0,0,4,3398,3,3588,34436,49910,3,20,0,0,0,0,0,0,0,0,BENIGN
53,1654,3,9,1567,8338,522,10,522,42.273360563166776,926,0,926,25.72167339486263,5986576,7252,137,156.53760849708,1654,5,1323,441,0,1323,0,992,110,0,992,0,0,0,0,0,60,180,1813,5439,0,1000,825,96.34345025670538,220.2044312523529,0,0,0,0,0,0,0,0,3.0,825,522,926,60,0,0,0,0,0,0,3,1567,9,8338,59688,64024,2,20,0,0,0,0,0,0,0,0,BENIGN
22,2237,3,10,2054,3811,684,10,684,36.42508447517354,381,0,381,48.293158751784496,2621334,5809,172,542.9700009871074,2237,1,1790,596,0,1790,0,1342,134,0,1342,0,0,0,0,0,60,200,1340,4468,0,1000,451,84.6681768049192,477.25771806003934,0,0,0,0,1,0,0,0,3.33,451,684,381,60,0,0,0,0,0,0,3,2054,10,3811,32010,65260,2,20,0,0,0,0,0,0,0,0,BENIGN
3306,2664242,106,1,111672,33,1053,0,1053,16.883530166525855,33,0,33,7.114081323586724,41927,40,24899,283.24525119859464,2664242,6,2131394,20107,0,2131394,0,1598545,1598545,0,1598545,0,0,0,0,0,2120,20,39,0,0,1500,1043,79.81486898513215,498.55344886971585,0,1,0,0,0,0,0,0,0.01,1043,1053,33,2120,0,0,0,0,0,0,106,111672,1,33,60707,46336,105,20,0,0,0,0,0,0,0,0,DDoS
22,250,4,5,1301,3950,325,10,325,47.86786436252522,790,0,790,1.5844880696825603,21009264,35997,27,145.83344539482889,250,4,200,50,0,200,0,150,30,0,150,0,0,0,0,0,80,100,15998,19998,0,1000,583,98.34904835675398,207.949498178996,0,0,0,0,0,0,0,0,1.25,583,325,790,80,0,0,0,0,0,0,4,1301,5,3950,64115,64295,3,20,0,0,0,0,0,0,0,0,BENIGN
123,4313,5,5,4799,2577,959,10,959,43.57870434985042,515,0,515,8.375361065068399,1710341,2318,431,156.51046182993412,4313,4,3450,690,0,3450,0,2587,517,0,2587,0,0,0,0,0,100,100,1159,1159,0,1000,737,27.020552978603895,900.0288114539245,0,0,0,0,0,0,0,0,1.0,737,959,515,100,0,0,0,0,0,0,5,4799,5,2577,44449,46270,4,20,0,0,0,0,0,0,0,0,BENIGN
80,3470,1,8,141,5562,141,10,141,22.450991647542267,695,0,695,41.51707368539412,1643675,2593,385,547.3931338994996,3470,2,2776,2776,0,2776,0,2082,260,0,2082,0,0,0,0,0,20,160,288,2305,0,1000,633,25.063765903618428,724.0321765820105,0,0,0,0,0,0,0,0,8.0,633,141,695,20,0,0,0,0,0,0,1,141,8,5562,52864,39367,0,20,0,0,0,0,0,0,0,0,BENIGN
443,2435831,75,5,17670,172,235,0,235,27.124679487787258,34,0,34,9.451585414672191,7325,32,30447,591.8200412084668,2435831,5,1948665,25982,0,1948665,0,1461498,292299,0,1461498,0,0,0,0,0,1500,100,30,2,0,1500,223,47.40445398990254,885.1771210989972,0,1,0,0,0,0,0,0,0.07,223,235,34,1500,0,0,0,0,0,0,75,17670,5,172,63458,54624,74,20,0,0,0,0,0,0,0,0,DDoS
22,816,1,2,341,2046,341,10,341,14.884294807551523,1023,0,1023,34.534854852127005,2924926,3674,272,690.0755636237006,816,8,653,653,0,653,0,489,244,0,489,0,0,0,0,0,20,40,1224,2449,0,1000,796,69.85485790246298,362.62439055992326,0,1,0,0,0,0,0,0,2.0,796,341,1023,20,0,0,0,0,0,0,1,341,2,2046,36072,65179,0,20,0,0,0,0,0,0,0,0,BENIGN
80,4986,3,7,1951,7469,650,10,650,22.95124187786412,1067,0,1067,17.516573119932076,1889088,2005,498,989.4146858568278,4986,5,3989,1329,0,3989,0,2992,427,0,2992,0,0,0,0,0,60,140,601,1403,0,1000,942,16.22154135027869,907.7146362804921,0,0,0,0,0,0,0,0,2.33,942,650,1067,60,0,0,0,0,0,0,3,1951,7,7469,64829,37377,2,20,0,0,0,0,0,0,0,0,BENIGN
53,1682,7,4,5523,4543,789,10,789,35.74291292431613,1135,0,1135,4.4904773144675945,5983633,6538,152,798.6636559856663,1682,10,1345,192,0,1345,0,1009,252,0,1009,0,0,0,0,0,140,80,4160,2377,0,1000,915,68.71619835797466,906.2121213154817,0,1,0,0,1,0,0,0,0.57,915,789,1135,140,0,0,0,0,0,0,7,5523,4,4543,56676,58910,6,20,0,0,0,0,0,0,0,0,BENIGN
13950,93,1,1,0,0,0,0,0,10.146159724867394,0,0,0,43.27085494032181,0,21478,46,636.8568684729162,93,9,74,74,0,74,0,55,55,0,55,0,0,0,0,0,20,20,10739,10739,0,1000,0,10.06206461748097,286.5977940204735,0,1,0,0,0,0,0,0,1.0,0,0,0,20,0,0,0,0,0,0,1,0,1,0,42264,55980,0,20,0,0,0,0,0,0,0,0,PortScan
22,3782,8,9,4189,9446,523,10,523,28.141742142090482,1049,0,1049,12.89874816354456,3605396,4494,222,576.9624884073786,3782,10,3025,378,0,3025,0,2269,252,0,2269,0,0,0,0,0,160,180,2115,2379,0,1000,802,67.05271916690285,444.9093051985311,0,0,0,0,1,0,0,0,1.12,802,523,1049,160,0,0,0,0,0,0,8,4189,9,9446,45021,40899,7,20,0,0,0,0,0,0,0,0,BENIGN
8080,3173660,106,0,16670,0,157,0,157,36.94118205978806,0,0,0,37.00269087409156,5252,33,29940,356.278156240032,3173660,8,2538928,23952,0,2538928,0,1904196,0,0,1904196,0,0,0,0,0,2120,0,33,0,0,1500,157,18.322686847519964,882.9905188124789,0,1,0,0,0,0,0,0,0.0,157,157,0,2120,0,0,0,0,0,0,106,16670,0,0,62254,30722,105,20,0,0,0,0,0,0,0,0,DDoS
53,4951,3,3,1631,2368,543,10,543,47.4504148596404,789,0,789,33.23576940870303,807959,1211,825,949.6468545969193,4951,4,3961,1320,0,3961,0,2970,990,0,2970,0,0,0,0,0,60,60,605,605,0,1000,666,25.38815174374568,305.0865132992109,0,0,0,0,0,0,0,0,1.0,666,543,789,60,0,0,0,0,0,0,3,1631,3,2368,63593,56773,2,20,0,0,0,0,0,0,0,0,BENIGN
22,351207,10,14,763,758,76,0,76,27.545450477502143,54,0,54,33.82143871744466,4333,68,14633,573.3563294233662,351207,1,280965,28096,0,280965,0,210724,15051,0,210724,0,0,0,0,0,200,280,28,39,0,1000,63,37.97629020806899,100.99583317827032,0,0,0,0,1,0,0,0,1.4,63,76,54,200,0,0,0,0,0,0,10,763,14,758,45063,35589,9,20,0,0,0,0,0,0,0,0,SSH-Patator
123,4303,1,4,507,3908,507,10,507,7.536529983142493,977,0,977,28.378489109791893,1026308,1161,860,757.9777708942712,4303,2,3442,3442,0,3442,0,2581,645,0,2581,0,0,0,0,0,20,80,232,929,0,1000,883,45.225160825227405,362.0928192821633,0,0,0,0,1,0,0,0,4.0,883,507,977,20,0,0,0,0,0,0,1,507,4,3908,37028,36238,0,20,0,0,0,0,0,0,0,0,BENIGN
22,465,1,4,358,427,358,10,358,24.324501890746227,106,0,106,39.75921968454185,1688584,10737,93,318.1978778340403,465,7,372,372,0,372,0,279,69,0,279,0,0,0,0,0,20,80,2147,8590,0,1000,157,27.64794174922649,202.40476354445735,0,0,0,0,1,0,0,0,4.0,157,358,106,20,0,0,0,0,0,0,1,358,4,427,39302,34794,0,20,0,0,0,0,0,0,0,0,BENIGN
443,4880,8,10,4376,8297,547,10,547,5.411656594047076,829,0,829,20.544302953162774,2596729,3688,271,845.6666809375284,4880,2,3904,488,0,3904,0,2928,292,0,2928,0,0,0,0,0,160,200,1639,2048,0,1000,704,83.58860330495995,321.16756969809677,0,1,0,0,0,0,0,0,1.25,704,547,829,160,0,0,0,0,0,0,8,4376,10,8297,49052,43325,7,20,0,0,0,0,0,0,0,0,BENIGN
22,2645,2,6,911,6139,455,10,455,29.701385185162394,1023,0,1023,24.42448142048607,2665523,3024,330,700.182590658658,2645,5,2116,1058,0,2116,0,1587,264,0,1587,0,0,0,0,0,40,120,756,2268,0,1000,881,47.15144404378741,440.9080939239214,0,0,0,0,1,0,0,0,3.0,881,455,1023,40,0,0,0,0,0,0,2,911,6,6139,45606,62888,1,20,0,0,0,0,0,0,0,0,BENIGN
37039,10,2,0,0,0,0,0,0,19.785175763423357,0,0,0,28.012072669540107,0,185627,5,184.9733627608916,10,3,8,4,0,8,0,6,0,0,6,0,0,0,0,0,40,0,185627,0,0,1000,0,95.15321601650793,176.17829857394284,0,1,0,0,0,0,0,0,0.0,0,0,0,40,0,0,0,0,0,0,2,0,0,0,53448,58873,1,20,0,0,0,0,0,0,0,0,PortScan
53,4644,3,11,2415,3188,805,10,805,42.577417724284594,289,0,289,43.48655011180731,1206601,3014,331,419.991871332961,4644,8,3715,1238,0,3715,0,2786,253,0,2786,0,0,0,0,0,60,220,645,2368,0,1000,400,69.41038126474527,93.5580693543111,0,1,0,0,0,0,0,0,3.67,400,805,289,60,0,0,0,0,0,0,3,2415,11,3188,44200,30182,2,20,0,0,0,0,0,0,0,0,BENIGN
22,3007,10,6,5440,5905,544,10,544,7.0682249638787,984,0,984,6.543479070163438,3772394,5319,187,887.6894551646708,3007,1,2406,240,0,2406,0,1804,300,0,1804,0,0,0,0,0,200,120,3324,1994,0,1000,709,3.5525444736761114,45.08881749585769,0,1,0,0,1,0,0,0,0.6,709,544,984,200,0,0,0,0,0,0,10,5440,6,5905,29441,42519,9,20,0,0,0,0,0,0,0,0,BENIGN
53,3675,6,1,2997,66,499,10,499,7.852201447602836,66,0,66,30.703814821909408,833875,1904,525,601.8390262816318,3675,8,2940,490,0,2940,0,2205,2205,0,2205,0,0,0,0,0,120,20,1632,272,0,1000,437,95.62137446149245,323.7790117701054,0,1,0,0,0,0,0,0,0.17,437,499,66,120,0,0,0,0,0,0,6,2997,1,66,62832,60436,5,20,0,0,0,0,0,0,0,0,BENIGN
53,1152,1,12,78,13572,78,10,78,43.30313161809596,1131,0,1131,45.586513139175686,11840393,11275,88,859.482268524046,1152,9,922,922,0,922,0,691,57,0,691,0,0,0,0,0,20,240,867,10408,0,1000,1050,23.090715710874797,642.7021334633157,0,0,0,0,0,0,0,0,12.0,1050,78,1131,20,0,0,0,0,0,0,1,78,12,13572,41579,38680,0,20,0,0,0,0,0,0,0,0,BENIGN
123,2990,5,12,4731,12169,946,10,946,42.20565088230479,1014,0,1014,6.94823497800966,5651101,5684,175,86.39843580043794,2990,1,2392,478,0,2392,0,1794,149,0,1794,0,0,0,0,0,100,240,1671,4012,0,1000,994,53.773509341012115,733.5211959164662,0,0,0,0,1,0,0,0,2.4,994,946,1014,100,0,0,0,0,0,0,5,4731,12,12169,47475,39592,4,20,0,0,0,0,0,0,0,0,BENIGN
80,1828,2,10,1693,2983,846,10,846,8.691625799739738,298,0,298,6.141979697439931,2557758,6562,152,607.8162386974644,1828,7,1462,731,0,1462,0,1097,109,0,1097,0,0,0,0,0,40,200,1093,5468,0,1000,389,43.16746839696036,615.5268823899623,0,0,0,0,0,0,0,0,5.0,389,846,298,40,0,0,0,0,0,0,2,1693,10,2983,43710,36149,1,20,0,0,0,0,0,0,0,0,BENIGN
22,518557,24,123,1834,9462,76,0,76,39.81356925942547,76,0,76,22.25498201016411,21785,283,3527,601.2397271709398,518557,5,414846,17285,0,414846,0,311134,2529,0,311134,0,0,0,0,0,480,2460,46,237,0,1000,76,5.037295665192543,325.2862718420675,0,0,0,0,1,0,0,0,5.12,76,76,76,480,0,0,0,0,0,0,24,1834,123,9462,57840,52005,23,20,0,0,0,0,0,0,0,0,SSH-Patator
443,4284,1,6,721,4192,721,10,721,46.58767242486334,698,0,698,27.9969524325871,1146619,1633,612,489.39073216460383,4284,9,3427,3427,0,3427,0,2570,428,0,2570,0,0,0,0,0,20,120,233,1400,0,1000,701,22.96681576319487,648.2086897288236,0,0,0,0,1,0,0,0,6.0,701,721,698,20,0,0,0,0,0,0,1,721,6,4192,47285,56766,0,20,0,0,0,0,0,0,0,0,BENIGN
22,4732,5,11,1008,9038,201,10,201,39.931293237335815,821,0,821,10.514371109188609,2122907,3380,295,608.6143404693574,4732,2,3786,757,0,3786,0,2839,258,0,2839,0,0,0,0,0,100,220,1056,2324,0,1000,627,13.708003401818324,859.2719583221158,0,1,0,0,0,0,0,0,2.2,627,201,821,100,0,0,0,0,0,0,5,1008,11,9038,50198,65369,4,20,0,0,0,0,0,0,0,0,BENIGN
22,768,4,7,2506,4196,626,10,626,0.07355851690188375,599,0,599,18.627381883647825,8722887,14313,69,456.95155766094285,768,6,614,153,0,614,0,461,65,0,461,0,0,0,0,0,80,140,5205,9108,0,1000,609,42.436876518758446,925.5690024880806,0,0,0,0,0,0,0,0,1.75,609,626,599,80,0,0,0,0,0,0,4,2506,7,4196,32821,45729,3,20,0,0,0,0,0,0,0,0,BENIGN
53,4831,6,1,5963,1122,993,10,993,31.30041750653595,1122,0,1122,1.7804018382591602,1466703,1448,690,881.7188576091486,4831,2,3864,644,0,3864,0,2898,2898,0,2898,0,0,0,0,0,120,20,1241,206,0,1000,1012,54.56399604454334,384.31818828950406,0,1,0,0,1,0,0,0,0.17,1012,993,1122,120,0,0,0,0,0,0,6,5963,1,1122,60813,32462,5,20,0,0,0,0,0,0,0,0,BENIGN
80,1359,7,6,3765,6730,537,10,537,48.818264319169934,1121,0,1121,1.0879110357650712,7717314,9558,104,441.8784549919306,1359,3,1087,155,0,1087,0,815,135,0,815,0,0,0,0,0,140,120,5147,4411,0,1000,807,89.857965619181,12.591726057707199,0,0,0,0,1,0,0,0,0.86,807,537,1121,140,0,0,0,0,0,0,7,3765,6,6730,33357,64089,6,20,0,0,0,0,0,0,0,0,BENIGN
53,4232,7,6,4862,3495,694,10,694,5.95027744801509,582,0,582,24.047141848065497,1974560,3071,325,192.27418548025543,4232,5,3386,483,0,3386,0,2539,423,0,2539,0,0,0,0,0,140,120,1653,1417,0,1000,642,11.356124361058384,623.3309022933691,0,1,0,0,0,0,0,0,0.86,642,694,582,140,0,0,0,0,0,0,7,4862,6,3495,29346,32695,6,20,0,0,0,0,0,0,0,0,BENIGN
443,590,6,3,867,955,144,10,144,12.006005897698246,318,0,318,14.961460363404639,3084707,15229,65,927.4622879671037,590,8,472,78,0,472,0,354,118,0,354,0,0,0,0,0,120,60,10153,5076,0,1000,202,14.867810947721406,148.52340614556314,0,1,0,0,1,0,0,0,0.5,202,144,318,120,0,0,0,0,0,0,6,867,3,955,33820,29289,5,20,0,0,0,0,0,0,0,0,BENIGN
8080,4828146,457,3,144099,18,315,0,315,48.26284543157032,6,0,6,12.831162096922915,29849,95,10495,721.8605203973245,4828146,6,3862516,8451,0,3862516,0,2896887,965629,0,2896887,0,0,0,0,0,9140,60,94,0,0,1500,313,91.7610058814645,344.1819921645728,0,1,0,0,0,0,0,0,0.01,313,315,6,9140,0,0,0,0,0,0,457,144099,3,18,56644,34574,456,20,0,0,0,0,0,0,0,0,DDoS
53,4493,3,3,1058,282,352,10,352,2.819287170502416,94,0,94,44.75911088410222,298436,1335,748,512.2787412113166,4493,8,3594,1198,0,3594,0,2695,898,0,2695,0,0,0,0,0,60,60,667,667,0,1000,223,7.053385846393912,701.2381868459304,0,0,0,0,0,0,0,0,1.0,223,352,94,60,0,0,0,0,0,0,3,1058,3,282,57016,35328,2,20,0,0,0,0,0,0,0,0,BENIGN
443,1672,2,9,1305,5249,652,10,652,18.978581804960314,583,0,583,41.80933251376288,3919564,6577,152,422.01094978867803,1672,7,1337,668,0,1337,0,1003,111,0,1003,0,0,0,0,0,40,180,1195,5381,0,1000,595,63.88771413799529,678.7923889283295,0,1,0,0,0,0,0,0,4.5,595,652,583,40,0,0,0,0,0,0,2,1305,9,5249,38556,59638,1,20,0,0,0,0,0,0,0,0,BENIGN
53,2796,1,3,833,1943,833,10,833,35.82537388403187,647,0,647,32.7559172830839,993362,1430,699,420.6301402616811,2796,9,2237,2237,0,2237,0,1677,559,0,1677,0,0,0,0,0,20,60,357,1072,0,1000,694,8.33617520964296,723.2460356822475,0,1,0,0,0,0,0,0,3.0,694,833,647,20,0,0,0,0,0,0,1,833,3,1943,47359,32371,0,20,0,0,0,0,0,0,0,0,BENIGN
80,1743873,406,5,314212,66,773,0,773,43.248870223474384,13,0,13,3.1053940235835134,180218,235,4243,451.23131991619226,1743873,7,1395099,3436,0,1395099,0,1046324,209264,0,1046324,0,0,0,0,0,8120,100,232,2,0,1500,764,47.643481582228716,299.5134524594514,0,1,0,0,0,0,0,0,0.01,764,773,13,8120,0,0,0,0,0,0,406,314212,5,66,34798,54324,405,20,0,0,0,0,0,0,0,0,DDoS
443,2187397,112,0,64197,0,573,0,573,18.06057320642256,0,0,0,43.176944325191094,29348,51,19530,323.68583795004713,2187397,5,1749917,15624,0,1749917,0,1312438,0,0,1312438,0,0,0,0,0,2240,0,51,0,0,1500,573,1.4419363262799578,369.9215420923889,0,1,0,0,0,0,0,0,0.0,573,573,0,2240,0,0,0,0,0,0,112,64197,0,0,65329,36949,111,20,0,0,0,0,0,0,0,0,DDoS
80,2852,9,4,3787,1571,420,10,420,1.3585236245078236,392,0,392,29.883524108685073,1878748,4557,219,515.0263126067663,2852,8,2281,253,0,2281,0,1711,427,0,1711,0,0,0,0,0,180,80,3155,1402,0,1000,412,18.353372459971773,40.35985222730187,0,1,0,0,0,0,0,0,0.44,412,420,392,180,0,0,0,0,0,0,9,3787,4,1571,30233,43043,8,20,0,0,0,0,0,0,0,0,BENIGN
80,632,1,5,828,1967,828,10,828,38.994190704512185,393,0,393,8.289984737665407,4422867,9490,105,557.1862493988375,632,1,505,505,0,505,0,379,75,0,379,0,0,0,0,0,20,100,1581,7908,0,1000,466,58.15364668435815,167.52183846213242,0,1,0,0,0,0,0,0,5.0,466,828,393,20,0,0,0,0,0,0,1,828,5,1967,55444,57835,0,20,0,0,0,0,0,0,0,0,BENIGN
80,1680,9,6,7047,2661,783,10,783,39.60180345923072,443,0,443,39.599401915424295,5778354,8927,112,913.7799204964037,1680,5,1344,149,0,1344,0,1008,168,0,1008,0,0,0,0,0,180,120,5356,3570,0,1000,647,98.95472935936832,692.6562975369039,0,1,0,0,1,0,0,0,0.67,647,783,443,180,0,0,0,0,0,0,9,7047,6,2661,31392,50105,8,20,0,0,0,0,0,0,0,0,BENIGN
53,3989,6,9,2790,4799,465,10,465,20.859274706154856,533,0,533,27.784140562069087,1902509,3760,265,963.7596468879279,3989,5,3191,531,0,3191,0,2393,265,0,2393,0,0,0,0,0,120,180,1504,2256,0,1000,505,79.16995530980648,455.0414129890308,0,1,0,0,1,0,0,0,1.5,505,465,533,120,0,0,0,0,0,0,6,2790,9,4799,53655,62429,5,20,0,0,0,0,0,0,0,0,BENIGN
80,4998,4,11,278,13100,69,10,69,16.798532127347144,1190,0,1190,17.602750717011457,2676341,3000,333,791.9974634390168,4998,8,3999,999,0,3999,0,2999,272,0,2999,0,0,0,0,0,80,220,800,2200,0,1000,891,24.14999650145393,914.4344951696725,0,1,0,0,1,0,0,0,2.75,891,69,1190,80,0,0,0,0,0,0,4,278,11,13100,47722,42180,3,20,0,0,0,0,0,0,0,0,BENIGN
80,1692351,401,4,505051,61,1259,0,1259,27.40610587495511,15,0,15,3.4389188327114906,298467,239,4178,316.0245824767937,1692351,5,1353881,3376,0,1353881,0,1015410,253852,0,1015410,0,0,0,0,0,8020,80,236,2,0,1500,1247,43.26524223961413,44.387444353786606,0,1,0,0,0,0,0,0,0.01,1247,1259,15,8020,0,0,0,0,0,0,401,505051,4,61,58693,32462,400,20,0,0,0,0,0,0,0,0,DDoS
80,3282,3,7,1404,3124,468,10,468,18.35970637585701,446,0,446,21.659889044670482,1379446,3046,328,526.3676011518194,3282,8,2626,875,0,2626,0,1969,281,0,1969,0,0,0,0,0,60,140,913,2132,0,1000,452,38.834293657242725,720.2029645172806,0,1,0,0,0,0,0,0,2.33,452,468,446,60,0,0,0,0,0,0,3,1404,7,3124,60731,33332,2,20,0,0,0,0,0,0,0,0,BENIGN
80,1133,10,2,4322,1230,432,10,432,20.01618374750136,615,0,615,15.759306601850465,4901013,10591,94,983.4898048594647,1133,2,906,90,0,906,0,679,339,0,679,0,0,0,0,0,200,40,8825,1765,0,1000,462,63.14263943129473,464.8067492666721,0,1,0,0,1,0,0,0,0.2,462,432,615,200,0,0,0,0,0,0,10,4322,2,1230,54365,62234,9,20,0,0,0,0,0,0,0,0,BENIGN
22,400,3,2,972,2021,324,10,324,39.765924944915646,1010,0,1010,1.035259976671421,7478450,12490,80,741.5476684026384,400,10,320,106,0,320,0,240,120,0,240,0,0,0,0,0,60,40,7494,4996,0,1000,598,35.88653658299133,151.71625633713515,0,0,0,0,0,0,0,0,0.67,598,324,1010,60,0,0,0,0,0,0,3,972,2,2021,36043,49163,2,20,0,0,0,0,0,0,0,0,BENIGN
80,3548687,475,3,628112,90,1322,0,1322,1.5200288952718188,30,0,30,39.156939866083874,177023,134,7424,455.7017361093291,3548687,2,2838950,5976,0,2838950,0,2129212,709737,0,2129212,0,0,0,0,0,9500,60,133,0,0,1500,1314,43.080279501263576,496.36234416539946,0,1,0,0,0,0,0,0,0.01,1314,1322,30,9500,0,0,0,0,0,0,475,628112,3,90,39332,46359,474,20,0,0,0,0,0,0,0,0,DDoS
443,1202651,471,3,611045,71,1297,0,1297,30.814519699015303,23,0,23,14.346173393380173,508140,394,2537,459.14662669781524,1202651,6,962120,2042,0,962120,0,721590,240530,0,721590,0,0,0,0,0,9420,60,391,2,0,1500,1289,6.577918728802635,560.2123151831444,0,1,0,0,0,0,0,0,0.01,1289,1297,23,9420,0,0,0,0,0,0,471,611045,3,71,64906,60300,470,20,0,0,0,0,0,0,0,0,DDoS
443,2747,2,4,673,4796,336,10,336,45.70523975259943,1199,0,1199,48.1819908296405,1990479,2183,457,983.9325365319539,2747,6,2198,1099,0,2198,0,1648,412,0,1648,0,0,0,0,0,40,80,727,1455,0,1000,911,13.979046422124764,920.7751077778204,0,0,0,0,1,0,0,0,2.0,911,336,1199,40,0,0,0,0,0,0,2,673,4,4796,38054,62231,1,20,0,0,0,0,0,0,0,0,BENIGN
53,3025,5,2,2558,1093,511,10,511,27.069395577288084,546,0,546,15.201168744830007,1206952,2313,432,951.6714078670691,3025,8,2420,484,0,2420,0,1815,907,0,1815,0,0,0,0,0,100,40,1652,661,0,1000,521,8.339417720566,560.1978653301393,0,1,0,0,1,0,0,0,0.4,521,511,546,100,0,0,0,0,0,0,5,2558,2,1093,56418,52099,4,20,0,0,0,0,0,0,0,0,BENIGN
443,2243210,239,3,66756,14,279,0,279,26.74200194470545,4,0,4,45.02363941340177,29765,107,9269,560.626220002754,2243210,6,1794568,7508,0,1794568,0,1345926,448642,0,1345926,0,0,0,0,0,4780,60,106,1,0,1500,275,1.8985618727926368,708.0478778092162,0,1,0,0,0,0,0,0,0.01,275,279,4,4780,0,0,0,0,0,0,239,66756,3,14,50293,63341,238,20,0,0,0,0,0,0,0,0,DDoS
22,569192,147,137,11479,4871,78,0,78,26.82896090763017,35,0,35,9.692825033726733,28726,498,2004,105.3378411533763,569192,4,455354,3097,0,455354,0,341515,2492,0,341515,0,0,0,0,0,2940,2740,258,240,0,1000,57,74.62839791843071,397.72044630868186,0,0,0,0,1,0,0,0,0.93,57,78,35,2940,0,0,0,0,0,0,147,11479,137,4871,57255,49373,146,20,0,0,0,0,0,0,0,0,SSH-Patator
80,847,8,12,7364,13346,920,10,920,33.07368447521305,1112,0,1112,8.138511329665171,24429582,23590,42,67.47295255387897,847,10,678,84,0,678,0,508,42,0,508,0,0,0,0,0,160,240,9436,14154,0,1000,1035,76.71996044997775,247.9793498103262,0,0,0,0,1,0,0,0,1.5,1035,920,1112,160,0,0,0,0,0,0,8,7364,12,13346,32373,64521,7,20,0,0,0,0,0,0,0,0,BENIGN
443,1512,6,4,4172,4109,695,10,695,16.13015079155535,1027,0,1027,45.15335118790125,5474342,6610,151,451.5112960077943,1512,5,1210,201,0,1210,0,907,226,0,907,0,0,0,0,0,120,80,3966,2644,0,1000,828,9.021064658594181,708.1856244375481,0,1,0,0,0,0,0,0,0.67,828,695,1027,120,0,0,0,0,0,0,6,4172,4,4109,29672,42896,5,20,0,0,0,0,0,0,0,0,BENIGN
80,2371,7,1,5055,657,722,10,722,9.341372865148912,657,0,657,38.70537427609071,2408942,3373,296,554.3662593824757,2371,1,1897,271,0,1897,0,1422,1422,0,1422,0,0,0,0,0,140,20,2951,421,0,1000,714,39.160217215086476,627.653413283532,0,1,0,0,0,0,0,0,0.14,714,722,657,140,0,0,0,0,0,0,7,5055,1,657,33722,53764,6,20,0,0,0,0,0,0,0,0,BENIGN
123,1892,5,12,863,13396,172,10,172,11.15377715566016,1116,0,1116,15.744534348285926,7533298,8980,111,676.7828218740988,1892,5,1514,302,0,1514,0,1135,94,0,1135,0,0,0,0,0,100,240,2641,6339,0,1000,838,16.65440772583556,605.9313085953768,0,0,0,0,1,0,0,0,2.4,838,172,1116,100,0,0,0,0,0,0,5,863,12,13396,29828,45343,4,20,0,0,0,0,0,0,0,0,BENIGN
123,3467,3,7,2164,3186,721,10,721,7.747799188265114,455,0,455,17.733237579056617,1543241,2883,346,562.4428731844156,3467,3,2774,924,0,2774,0,2080,297,0,2080,0,0,0,0,0,60,140,865,2018,0,1000,535,26.288168524144695,0.6200375893443688,0,0,0,0,1,0,0,0,2.33,535,721,455,60,0,0,0,0,0,0,3,2164,7,3186,49622,51870,2,20,0,0,0,0,0,0,0,0,BENIGN
443,1237,9,8,7894,2364,877,10,877,15.93256516218532,295,0,295,37.57897173939554,8287085,13733,72,430.878014329513,1237,6,990,110,0,990,0,742,92,0,742,0,0,0,0,0,180,160,7270,6462,0,1000,603,43.02743461778693,176.5081359167181,0,1,0,0,1,0,0,0,0.89,603,877,295,180,0,0,0,0,0,0,9,7894,8,2364,35595,55768,8,20,0,0,0,0,0,0,0,0,BENIGN
443,2891067,213,0,155102,0,728,0,728,45.8339709390263,0,0,0,43.034074304678214,53648,73,13573,335.83704598362397,2891067,4,2312854,10858,0,2312854,0,1734640,0,0,1734640,0,0,0,0,0,4260,0,73,0,0,1500,728,92.33096313295479,747.7596039056681,0,1,0,0,0,0,0,0,0.0,728,728,0,4260,0,0,0,0,0,0,213,155102,0,0,30962,36489,212,20,0,0,0,0,0,0,0,0,DDoS
53,2423,2,9,1870,5340,935,10,935,2.582985410169636,593,0,593,35.150406333281026,2975327,4538,220,627.5237701782751,2423,10,1938,969,0,1938,0,1454,161,0,1454,0,0,0,0,0,40,180,825,3713,0,1000,655,97.91494480632113,859.0804957078791,0,0,0,0,0,0,0,0,4.5,655,935,593,40,0,0,0,0,0,0,2,1870,9,5340,57438,46511,1,20,0,0,0,0,0,0,0,0,BENIGN
8080,2279919,390,3,137365,14,352,0,352,12.823374570968603,4,0,4,48.223135747784305,60256,172,5801,27.39589929605191,2279919,7,1823935,4676,0,1823935,0,1367951,455983,0,1367951,0,0,0,0,0,7800,60,171,1,0,1500,349,34.63655655376006,975.5643677745691,0,1,0,0,0,0,0,0,0.01,349,352,4,7800,0,0,0,0,0,0,390,137365,3,14,47086,48061,389,20,0,0,0,0,0,0,0,0,DDoS
37185,59,1,1,0,0,0,0,0,27.832956797333836,0,0,0,41.744414194779885,0,33733,29,892.6984464890826,59,8,47,47,0,47,0,35,35,0,35,0,0,0,0,0,20,20,16866,16866,0,1000,0,72.84074038860084,809.166245494018,0,1,0,0,0,0,0,0,1.0,0,0,0,20,0,0,0,0,0,0,1,0,1,0,49767,64469,0,20,0,0,0,0,0,0,0,0,PortScan
80,158,4,3,3443,1513,860,10,860,20.266950767386362,504,0,504,16.732989821663814,31219953,44088,22,31.496899810827152,158,2,127,31,0,127,0,95,31,0,95,0,0,0,0,0,80,60,25193,18894,0,1000,708,65.22884732611416,62.836515723430296,0,0,0,0,1,0,0,0,0.75,708,860,504,80,0,0,0,0,0,0,4,3443,3,1513,53460,54515,3,20,0,0,0,0,0,0,0,0,BENIGN
3306,2910835,92,1,116950,0,1271,0,1271,25.930834474782827,0,0,0,17.066042214013926,40177,31,31299,140.45789657028428,2910835,2,2328668,25311,0,2328668,0,1746501,1746501,0,1746501,0,0,0,0,0,1840,20,31,0,0,1500,1257,61.44366805124666,562.173281746215,0,1,0,0,0,0,0,0,0.01,1257,1271,0,1840,0,0,0,0,0,0,92,116950,1,0,37470,40908,91,20,0,0,0,0,0,0,0,0,DDoS
80,4798,2,12,1510,6887,755,10,755,32.4700891663531,573,0,573,14.715128548793949,1750184,2917,342,800.6885101661064,4798,3,3839,1919,0,3839,0,2879,239,0,2879,0,0,0,0,0,40,240,416,2500,0,1000,599,42.21883002459147,421.7124850759384,0,1,0,0,1,0,0,0,6.0,599,755,573,40,0,0,0,0,0,0,2,1510,12,6887,44287,63835,1,20,0,0,0,0,0,0,0,0,BENIGN
22,65,6,5,2646,4534,441,10,441,42.21792177742684,906,0,906,5.64833383979792,109840272,168236,5,939.7635682663588,65,9,52,8,0,52,0,39,7,0,39,0,0,0,0,0,120,100,91765,76471,0,1000,652,98.073772181847,341.2692147884571,0,1,0,0,0,0,0,0,0.83,652,441,906,120,0,0,0,0,0,0,6,2646,5,4534,46875,50279,5,20,0,0,0,0,0,0,0,0,BENIGN
53,2526,7,4,4061,510,580,10,580,34.20782760144246,127,0,127,18.220137945026316,1810048,4354,229,803.1104470554092,2526,4,2020,288,0,2020,0,1515,378,0,1515,0,0,0,0,0,140,80,2771,1583,0,1000,415,30.214096415188486,563.1764521216326,0,1,0,0,0,0,0,0,0.57,415,580,127,140,0,0,0,0,0,0,7,4061,4,510,60260,36837,6,20,0,0,0,0,0,0,0,0,BENIGN
443,1240,4,2,2768,2181,692,10,692,19.275294013357847,1090,0,1090,6.617450106148298,3990534,4837,206,335.41713367925144,1240,5,992,248,0,992,0,744,372,0,744,0,0,0,0,0,80,40,3225,1612,0,1000,824,60.22109727727493,788.2691183046115,0,0,0,0,1,0,0,0,0.5,824,692,1090,80,0,0,0,0,0,0,4,2768,2,2181,35907,63152,3,20,0,0,0,0,0,0,0,0,BENIGN
22,4715,10,4,9843,1184,984,10,984,49.84908556078938,296,0,296,44.88552613807658,2338310,2968,336,897.8249609756965,4715,1,3772,377,0,3772,0,2829,707,0,2829,0,0,0,0,0,200,80,2120,848,0,1000,787,40.413540349015435,682.890202084738,0,0,0,0,1,0,0,0,0.4,787,984,296,200,0,0,0,0,0,0,10,9843,4,1184,63658,45219,9,20,0,0,0,0,0,0,0,0,BENIGN
53,374,10,7,3784,7296,378,10,378,44.995100811258666,1042,0,1042,41.357013850978575,29572780,45368,22,869.4622972761214,374,6,299,29,0,299,0,224,32,0,224,0,0,0,0,0,200,140,26687,18681,0,1000,651,66.76139529350122,537.8068207306007,0,1,0,0,1,0,0,0,0.7,651,378,1042,200,0,0,0,0,0,0,10,3784,7,7296,43360,44743,9,20,0,0,0,0,0,0,0,0,BENIGN
123,4946,10,8,1359,6850,135,10,135,19.474028882205225,856,0,856,38.98840290910657,1659931,3638,274,236.3007029193478,4946,3,3957,395,0,3957,0,2967,370,0,2967,0,0,0,0,0,200,160,2021,1617,0,1000,456,75.13903311695881,0.5542258565602864,0,0,0,0,0,0,0,0,0.8,456,135,856,200,0,0,0,0,0,0,10,1359,8,6850,31666,47137,9,20,0,0,0,0,0,0,0,0,BENIGN
80,3155,8,8,7472,2982,934,10,934,41.428596468326894,372,0,372,36.56095711614816,3313603,5070,197,771.0983456466408,3155,4,2524,315,0,2524,0,1893,236,0,1893,0,0,0,0,0,160,160,2535,2535,0,1000,653,5.153377408505355,23.018346956102942,0,1,0,0,1,0,0,0,1.0,653,934,372,160,0,0,0,0,0,0,8,7472,8,2982,36617,59583,7,20,0,0,0,0,0,0,0,0,BENIGN
123,4445,3,2,2931,650,977,10,977,13.764258416084452,325,0,325,49.11213717823999,805871,1124,889,847.4228902688262,4445,7,3556,1185,0,3556,0,2667,1333,0,2667,0,0,0,0,0,60,40,674,449,0,1000,716,25.328883408101255,126.58636938227052,0,1,0,0,1,0,0,0,0.67,716,977,325,60,0,0,0,0,0,0,3,2931,2,650,46077,30521,2,20,0,0,0,0,0,0,0,0,BENIGN
123,3930,2,8,1426,5998,713,10,713,15.963523849428935,749,0,749,15.767912504964283,1889185,2544,393,523.8960466054514,3930,6,3144,1572,0,3144,0,2358,294,0,2358,0,0,0,0,0,40,160,508,2035,0,1000,742,22.08735426408236,419.5309907942009,0,1,0,0,1,0,0,0,4.0,742,713,749,40,0,0,0,0,0,0,2,1426,8,5998,59532,38249,1,20,0,0,0,0,0,0,0,0,BENIGN
53,1414,3,5,770,5376,256,10,256,0.10239546195370819,1075,0,1075,27.32266259005984,4344626,5654,176,877.2110268421081,1414,2,1131,377,0,1131,0,848,169,0,848,0,0,0,0,0,60,100,2120,3534,0,1000,768,67.93503719808591,292.4358685370475,0,0,0,0,0,0,0,0,1.67,768,256,1075,60,0,0,0,0,0,0,3,770,5,5376,56610,60112,2,20,0,0,0,0,0,0,0,0,BENIGN
80,4855,4,7,3952,2377,988,10,988,16.72602946874789,339,0,339,7.692829487510466,1303621,2265,441,493.02142744278666,4855,4,3884,971,0,3884,0,2913,416,0,2913,0,0,0,0,0,80,140,823,1441,0,1000,575,4.552461971918509,845.4486787817891,0,1,0,0,0,0,0,0,1.75,575,988,339,80,0,0,0,0,0,0,4,3952,7,2377,39626,40042,3,20,0,0,0,0,0,0,0,0,BENIGN
123,1073,2,3,1648,1544,824,10,824,42.47599464356392,514,0,514,3.49690100205049,2974705,4657,214,227.8621151347745,1073,8,858,429,0,858,0,644,214,0,644,0,0,0,0,0,40,60,1863,2794,0,1000,638,62.719398406198245,240.0148357354449,0,1,0,0,0,0,0,0,1.5,638,824,514,40,0,0,0,0,0,0,2,1648,3,1544,51668,63903,1,20,0,0,0,0,0,0,0,0,BENIGN
123,3970,10,7,445,283,44,10,44,11.666405900298905,40,0,40,48.49786856720724,183522,4281,233,197.33004379580942,3970,8,3176,317,0,3176,0,2382,340,0,2382,0,0,0,0,0,200,140,2518,1763,0,1000,42,71.07858387407657,439.9276082848289,0,1,0,0,0,0,0,0,0.7,42,44,40,200,0,0,0,0,0,0,10,445,7,283,34459,61969,9,20,0,0,0,0,0,0,0,0,BENIGN
22,2048,3,5,2907,1998,969,10,969,34.1298553605904,399,0,399,0.8071820385637585,2394758,3904,256,430.62163661007037,2048,1,1639,546,0,1639,0,1229,245,0,1229,0,0,0,0,0,60,100,1464,2440,0,1000,613,44.04043764468214,207.12580812957515,0,0,0,0,0,0,0,0,1.67,613,969,399,60,0,0,0,0,0,0,3,2907,5,1998,39698,58006,2,20,0,0,0,0,0,0,0,0,BENIGN
443,1866,10,11,6891,12418,689,10,689,7.0286880540537,1128,0,1128,24.704764572525363,10346927,11252,88,941.8391793647235,1866,3,1493,149,0,1493,0,1119,101,0,1119,0,0,0,0,0,200,220,5358,5894,0,1000,919,19.883854489377097,952.164853095351,0,0,0,0,0,0,0,0,1.1,919,689,1128,200,0,0,0,0,0,0,10,6891,11,12418,54309,37387,9,20,0,0,0,0,0,0,0,0,BENIGN
53,2724,7,5,626,1281,89,10,89,35.813345226719576,256,0,256,6.177308687807476,700347,4405,227,815.6886800016258,2724,1,2179,311,0,2179,0,1634,326,0,1634,0,0,0,0,0,140,100,2569,1835,0,1000,158,16.11009461237365,691.8437263303892,0,0,0,0,1,0,0,0,0.71,158,89,256,140,0,0,0,0,0,0,7,626,5,1281,60516,36902,6,20,0,0,0,0,0,0,0,0,BENIGN
8080,3848589,77,0,72649,0,943,0,943,6.572209520927746,0,0,0,45.08526546735286,18877,20,49981,433.4360201032451,3848589,4,3078871,39985,0,3078871,0,2309153,0,0,2309153,0,0,0,0,0,1540,0,20,0,0,1500,943,11.966593309745443,752.2625397285593,0,1,0,0,0,0,0,0,0.0,943,943,0,1540,0,0,0,0,0,0,77,72649,0,0,35959,59987,76,20,0,0,0,0,0,0,0,0,DDoS
80,1027903,67,2,46735,48,697,0,697,30.38486841235252,24,0,24,12.859033902251731,45513,67,14897,924.5022186398153,1027903,9,822322,12273,0,822322,0,616741,308370,0,616741,0,0,0,0,0,1340,40,65,1,0,1500,678,37.245579945283524,895.4167378982621,0,1,0,0,0,0,0,0,0.03,678,697,24,1340,0,0,0,0,0,0,67,46735,2,48,53414,64043,66,20,0,0,0,0,0,0,0,0,DDoS
123,4273,2,6,1268,6405,634,10,634,1.086697203717657,1067,0,1067,44.96024590527756,1795858,1872,534,667.7845274640737,4273,2,3418,1709,0,3418,0,2563,427,0,2563,0,0,0,0,0,40,120,468,1404,0,1000,959,26.320575398456704,280.74692016704506,0,1,0,0,1,0,0,0,3.0,959,634,1067,40,0,0,0,0,0,0,2,1268,6,6405,36596,62407,1,20,0,0,0,0,0,0,0,0,BENIGN
22,176411,21,95,895,8147,42,0,42,3.9078874521656704,85,0,85,27.503445902632606,51259,657,1520,753.1478591119243,176411,8,141129,6720,0,141129,0,105847,1114,0,105847,0,0,0,0,0,420,1900,119,538,0,1000,77,95.4391048378014,164.55682749576707,0,0,0,0,1,0,0,0,4.52,77,42,85,420,0,0,0,0,0,0,21,895,95,8147,34755,50756,20,20,0,0,0,0,0,0,0,0,SSH-Patator
443,598,2,1,353,635,176,10,176,1.3528925216821919,635,0,635,6.548271946897177,1650928,5009,199,568.289353691618,598,10,479,239,0,479,0,359,359,0,359,0,0,0,0,0,40,20,3339,1669,0,1000,329,44.199500867882044,175.75534518458625,0,1,0,0,0,0,0,0,0.5,329,176,635,40,0,0,0,0,0,0,2,353,1,635,41390,59069,1,20,0,0,0,0,0,0,0,0,BENIGN
80,912,1,10,769,8898,769,10,769,48.27384648529924,889,0,889,36.117177942097925,10591901,12050,82,543.1792409683953,912,4,730,730,0,730,0,547,54,0,547,0,0,0,0,0,20,200,1095,10955,0,1000,878,20.598067792469177,635.3651977538276,0,1,0,0,0,0,0,0,10.0,878,769,889,20,0,0,0,0,0,0,1,769,10,8898,65449,35047,0,20,0,0,0,0,0,0,0,0,BENIGN
22,3119,8,1,4016,769,502,10,502,28.610533582724273,769,0,769,13.882841740807129,1534665,2885,346,968.9852869339829,3119,5,2495,311,0,2495,0,1871,1871,0,1871,0,0,0,0,0,160,20,2564,320,0,1000,531,56.14131493899668,233.02182982712316,0,1,0,0,1,0,0,0,0.12,531,502,769,160,0,0,0,0,0,0,8,4016,1,769,53247,30807,7,20,0,0,0,0,0,0,0,0,BENIGN
56965,139,1,1,0,0,0,0,0,5.003042924732359,0,0,0,38.73951621839986,0,14329,69,92.0302382969368,139,9,111,111,0,111,0,83,83,0,83,0,0,0,0,0,20,20,7164,7164,0,1000,0,27.305103363810666,837.3507265238175,0,1,0,0,0,0,0,0,1.0,0,0,0,20,0,0,0,0,0,0,1,0,1,0,57285,38402,0,20,0,0,0,0,0,0,0,0,PortScan
8080,3075383,288,4,312770,43,1086,0,1086,39.3381522165707,10,0,10,31.208560479822783,101715,94,10532,741.8899626485232,3075383,10,2460306,8542,0,2460306,0,1845230,461307,0,1845230,0,0,0,0,0,5760,80,93,1,0,1500,1071,53.79051679222686,384.0132700626835,0,1,0,0,0,0,0,0,0.01,1071,1086,10,5760,0,0,0,0,0,0,288,312770,4,43,33432,33147,287,20,0,0,0,0,0,0,0,0,DDoS
53,4042,10,10,4355,2274,435,10,435,44.579555407286946,227,0,227,34.00331075811897,1640266,4948,202,623.9069362672005,4042,9,3233,323,0,3233,0,2425,242,0,2425,0,0,0,0,0,200,200,2474,2474,0,1000,331,91.94667291334123,727.0378131730722,0,0,0,0,0,0,0,0,1.0,331,435,227,200,0,0,0,0,0,0,10,4355,10,2274,46729,36456,9,20,0,0,0,0,0,0,0,0,BENIGN
80,4311349,118,3,60098,112,509,0,509,33.28872176929119,37,0,37,5.7919653929709,13965,28,35630,831.0885010998479,4311349,7,3449079,29229,0,3449079,0,2586809,862269,0,2586809,0,0,0,0,0,2360,60,27,0,0,1500,497,10.040387077317558,695.5142342231359,0,1,0,0,0,0,0,0,0.03,497,509,37,2360,0,0,0,0,0,0,118,60098,3,112,43029,48638,117,20,0,0,0,0,0,0,0,0,DDoS
22,544361,21,104,1268,3042,60,0,60,28.68802313630468,29,0,29,31.696347614049834,7919,229,4354,29.351986297710518,544361,10,435488,20737,0,435488,0,326616,3140,0,326616,0,0,0,0,0,420,2080,38,191,0,1000,34,83.1575858460582,317.0139307827693,0,0,0,0,1,0,0,0,4.95,34,60,29,420,0,0,0,0,0,0,21,1268,104,3042,56678,52166,20,20,0,0,0,0,0,0,0,0,SSH-Patator
8080,2554390,162,3,59507,25,367,0,367,39.40591672624868,8,0,8,18.955883781985,23306,64,15481,403.6030863201253,2554390,2,2043512,12614,0,2043512,0,1532634,510878,0,1532634,0,0,0,0,0,3240,60,63,1,0,1500,360,57.44400899976224,365.34522997120035,0,1,0,0,0,0,0,0,0.02,360,367,8,3240,0,0,0,0,0,0,162,59507,3,25,53708,49627,161,20,0,0,0,0,0,0,0,0,DDoS
80,248,10,1,7609,952,760,10,760,34.151913764105196,952,0,952,27.332589750274327,34402676,44197,22,576.4613843725596,248,10,199,19,0,199,0,149,149,0,149,0,0,0,0,0,200,20,40179,4017,0,1000,778,79.5212334815535,454.3918175153453,0,1,0,0,1,0,0,0,0.1,778,760,952,200,0,0,0,0,0,0,10,7609,1,952,51506,56989,9,20,0,0,0,0,0,0,0,0,BENIGN
123,1081,1,5,876,2127,876,10,876,24.06135947591611,425,0,425,48.90025003678974,2777039,5545,180,813.5923678377402,1081,5,865,865,0,865,0,649,129,0,649,0,0,0,0,0,20,100,924,4621,0,1000,500,95.80497286880167,78.6313586640841,0,0,0,0,1,0,0,0,5.0,500,876,425,20,0,0,0,0,0,0,1,876,5,2127,32388,34305,0,20,0,0,0,0,0,0,0,0,BENIGN
22,4987,2,2,1478,1443,739,10,739,39.7576772558825,721,0,721,9.845865162245316,585991,801,1246,23.56511694234531,4987,10,3990,1995,0,3990,0,2992,1496,0,2992,0,0,0,0,0,40,40,400,400,0,1000,730,99.03701684999771,166.08097692297852,0,1,0,0,1,0,0,0,1.0,730,739,721,40,0,0,0,0,0,0,2,1478,2,1443,36027,40775,1,20,0,0,0,0,0,0,0,0,BENIGN
80,4194,4,9,958,7592,239,10,239,30.083466961069817,843,0,843,13.847321557166193,2038794,3099,322,269.4385742355321,4194,5,3355,838,0,3355,0,2516,279,0,2516,0,0,0,0,0,80,180,953,2145,0,1000,657,21.057636702639925,231.7665745817955,0,0,0,0,0,0,0,0,2.25,657,239,843,80,0,0,0,0,0,0,4,958,9,7592,31991,59876,3,20,0,0,0,0,0,0,0,0,BENIGN
3306,4664266,67,2,43424,97,648,0,648,30.84489963156804,48,0,48,2.6699044914646866,9330,14,67598,893.2481035199569,4664266,9,3731412,55692,0,3731412,0,2798559,1399279,0,2798559,0,0,0,0,0,1340,40,14,0,0,1500,630,96.6138506603407,870.5132214669234,0,1,0,0,0,0,0,0,0.03,630,648,48,1340,0,0,0,0,0,0,67,43424,2,97,51267,60181,66,20,0,0,0,0,0,0,0,0,DDoS
53,601,10,8,4898,333,489,10,489,30.04584255202478,41,0,41,18.637434815250387,8694899,29912,33,364.0193200019619,601,10,481,48,0,481,0,361,45,0,361,0,0,0,0,0,200,160,16618,13294,0,1000,290,86.07827268834718,168.1945620920724,0,1,0,0,0,0,0,0,0.8,290,489,41,200,0,0,0,0,0,0,10,4898,8,333,30372,48488,9,20,0,0,0,0,0,0,0,0,BENIGN
443,1057,2,5,385,1440,192,10,192,31.730635931113042,288,0,288,10.985615007824418,1727012,6617,151,173.0079003831334,1057,7,846,423,0,846,0,634,126,0,634,0,0,0,0,0,40,100,1890,4727,0,1000,260,44.40689165178612,371.53877532420745,0,1,0,0,1,0,0,0,2.5,260,192,288,40,0,0,0,0,0,0,2,385,5,1440,52392,46499,1,20,0,0,0,0,0,0,0,0,BENIGN
443,2557,9,7,6619,6702,735,10,735,1.8302798263351738,957,0,957,20.574230244879534,5209514,6256,159,574.3404432896123,2557,8,2045,227,0,2045,0,1534,219,0,1534,0,0,0,0,0,180,140,3519,2737,0,1000,832,31.26710637087966,84.66953721004222,0,0,0,0,0,0,0,0,0.78,832,735,957,180,0,0,0,0,0,0,9,6619,7,6702,34933,52462,8,20,0,0,0,0,0,0,0,0,BENIGN
80,737,9,9,1935,5177,215,10,215,24.493868177641243,575,0,575,34.64290045124227,9644926,24408,40,427.8295951448883,737,6,589,65,0,589,0,442,49,0,442,0,0,0,0,0,180,180,12204,12204,0,1000,395,10.850764910578125,879.0486663824247,0,1,0,0,0,0,0,0,1.0,395,215,575,180,0,0,0,0,0,0,9,1935,9,5177,58084,58263,8,20,0,0,0,0,0,0,0,0,BENIGN
8080,175782,353,3,267417,93,757,0,757,3.5761586837191217,31,0,31,18.226415383972665,1521836,2025,493,131.96885208235375,175782,1,140625,398,0,140625,0,105469,35156,0,105469,0,0,0,0,0,7060,60,2008,17,0,1500,751,1.8589561621074835,151.4001796614397,0,1,0,0,0,0,0,0,0.01,751,757,31,7060,0,0,0,0,0,0,353,267417,3,93,57159,36870,352,20,0,0,0,0,0,0,0,0,DDoS
443,1635,4,6,478,1464,119,10,119,14.661177270850295,244,0,244,34.548596657041195,1187655,6113,163,928.1659091654116,1635,2,1308,327,0,1308,0,981,163,0,981,0,0,0,0,0,80,120,2445,3668,0,1000,194,50.19602342261005,616.5932025108331,0,0,0,0,0,0,0,0,1.5,194,119,244,80,0,0,0,0,0,0,4,478,6,1464,38524,54691,3,20,0,0,0,0,0,0,0,0,BENIGN
8080,1536525,465,1,81853,5,176,0,176,49.85353712443352,5,0,5,35.026769151064045,53275,303,3297,329.9929230822976,1536525,3,1229220,2643,0,1229220,0,921915,921915,0,921915,0,0,0,0,0,9300,20,302,0,0,1500,175,84.21896402495973,649.5187353042252,0,1,0,0,0,0,0,0,0.0,175,176,5,9300,0,0,0,0,0,0,465,81853,1,5,42320,51548,464,20,0,0,0,0,0,0,0,0,DDoS
53,4264,1,9,227,6510,227,10,227,25.428497004355062,723,0,723,29.661588394731837,1580164,2345,426,890.5371568843525,4264,9,3411,3411,0,3411,0,2558,284,0,2558,0,0,0,0,0,20,180,234,2110,0,1000,673,10.658638263952225,174.14424611459623,0,0,0,0,1,0,0,0,9.0,673,227,723,20,0,0,0,0,0,0,1,227,9,6510,61423,36851,0,20,0,0,0,0,0,0,0,0,BENIGN
53,1955,4,12,1549,9727,387,10,387,22.70928968219596,810,0,810,30.412713847352663,5768059,8183,122,611.4014420391363,1955,3,1564,391,0,1564,0,1173,97,0,1173,0,0,0,0,0,80,240,2045,6137,0,1000,704,21.50953800598878,750.5369007172831,0,1,0,0,0,0,0,0,3.0,704,387,810,80,0,0,0,0,0,0,4,1549,12,9727,41466,59063,3,20,0,0,0,0,0,0,0,0,BENIGN
3306,424044,184,5,225807,146,1227,0,1227,47.15469942020752,29,0,29,0.6354991369405483,532853,445,2243,872.3126676798021,424044,2,339235,1843,0,339235,0,254426,50885,0,254426,0,0,0,0,0,3680,100,433,11,0,1500,1195,85.94586643815019,612.3890986710069,0,1,0,0,0,0,0,0,0.03,1195,1227,29,3680,0,0,0,0,0,0,184,225807,5,146,64470,56924,183,20,0,0,0,0,0,0,0,0,DDoS
53,4641,3,10,1474,7868,491,10,491,3.2805962354234,786,0,786,49.132469321826726,2012693,2800,357,533.7709343097334,4641,1,3713,1237,0,3713,0,2785,278,0,2785,0,0,0,0,0,60,200,646,2154,0,1000,718,62.59201736962616,973.8905903917351,0,0,0,0,0,0,0,0,3.33,718,491,786,60,0,0,0,0,0,0,3,1474,10,7868,30897,48221,2,20,0,0,0,0,0,0,0,0,BENIGN
45973,35,1,1,0,0,0,0,0,46.926725985710114,0,0,0,14.607596223023572,0,56790,17,424.52384758271756,35,9,28,28,0,28,0,21,21,0,21,0,0,0,0,0,20,20,28395,28395,0,1000,0,80.15017987284973,447.70566097724605,0,1,0,0,0,0,0,0,1.0,0,0,0,20,0,0,0,0,0,0,1,0,1,0,52172,52278,0,20,0,0,0,0,0,0,0,0,PortScan
80,425633,446,4,113659,37,254,0,254,25.458756550459587,9,0,9,17.091091621775256,267122,1057,945,235.86820399533315,425633,5,340506,763,0,340506,0,255380,63845,0,255380,0,0,0,0,0,8920,80,1047,9,0,1500,252,28.75720161457166,343.1637558886901,0,1,0,0,0,0,0,0,0.01,252,254,9,8920,0,0,0,0,0,0,446,113659,4,37,38779,29583,445,20,0,0,0,0,0,0,0,0,DDoS
53,3793,9,10,2441,6286,271,10,271,9.693005045287794,628,0,628,47.72836837957292,2301119,5009,199,146.47375943125328,3793,8,3034,337,0,3034,0,2275,227,0,2275,0,0,0,0,0,180,200,2372,2636,0,1000,459,23.151493774020338,838.2143518802138,0,0,0,0,0,0,0,0,1.11,459,271,628,180,0,0,0,0,0,0,9,2441,10,6286,65314,56350,8,20,0,0,0,0,0,0,0,0,BENIGN
22,3078,6,5,3556,4719,592,10,592,42.36323511096612,943,0,943,29.85376968893935,2688605,3573,279,604.1213538410574,3078,4,2462,410,0,2462,0,1846,369,0,1846,0,0,0,0,0,120,100,1949,1624,0,1000,752,83.61856995863305,998.2384516934936,0,1,0,0,1,0,0,0,0.83,752,592,943,120,0,0,0,0,0,0,6,3556,5,4719,32867,45523,5,20,0,0,0,0,0,0,0,0,BENIGN
443,797,9,12,3512,6555,390,10,390,8.39358075493225,546,0,546,41.27434741908911,12631985,26346,37,953.4854822100745,797,10,637,70,0,637,0,478,39,0,478,0,0,0,0,0,180,240,11291,15055,0,1000,479,72.84620751726551,665.1503000961162,0,1,0,0,1,0,0,0,1.33,479,390,546,180,0,0,0,0,0,0,9,3512,12,6555,48083,53854,8,20,0,0,0,0,0,0,0,0,BENIGN
123,412,8,3,6973,1081,871,10,871,42.9356141608881,360,0,360,22.900031778857738,19530475,26673,37,443.92867390687616,412,5,329,41,0,329,0,247,82,0,247,0,0,0,0,0,160,60,19398,7274,0,1000,732,16.55271269202888,215.73147917196945,0,1,0,0,1,0,0,0,0.38,732,871,360,160,0,0,0,0,0,0,8,6973,3,1081,62548,37440,7,20,0,0,0,0,0,0,0,0,BENIGN
53,1399,7,1,4784,680,683,10,683,44.50995875781803,680,0,680,31.236557649104803,3906251,5717,174,390.0951522596583,1399,6,1119,159,0,1119,0,839,839,0,839,0,0,0,0,0,140,20,5003,714,0,1000,683,2.483443208650804,174.77547044484143,0,1,0,0,1,0,0,0,0.14,683,683,680,140,0,0,0,0,0,0,7,4784,1,680,41249,51608,6,20,0,0,0,0,0,0,0,0,BENIGN
53,2354,10,7,4263,1168,426,10,426,3.594271728193771,166,0,166,24.961018839923828,2307341,7220,138,888.2974576177888,2354,5,1883,188,0,1883,0,1412,201,0,1412,0,0,0,0,0,200,140,4247,2972,0,1000,319,65.83163851735839,393.73676258909387,0,0,0,0,0,0,0,0,0.7,319,426,166,200,0,0,0,0,0,0,10,4263,7,1168,45306,37995,9,20,0,0,0,0,0,0,0,0,BENIGN
14834,158,2,1,0,0,0,0,0,2.9017221930726143,0,0,0,43.57883901184575,0,18936,52,519.1787248570782,158,6,126,63,0,126,0,95,95,0,95,0,0,0,0,0,40,20,12624,6312,0,1000,0,6.614775987501131,692.4387479565852,0,1,0,0,0,0,0,0,0.5,0,0,0,40,0,0,0,0,0,0,2,0,1,0,60668,52595,1,20,0,0,0,0,0,0,0,0,PortScan
123,3502,6,4,4714,1278,785,10,785,12.707829687341027,319,0,319,13.331124797605288,1710848,2854,350,243.03034191281148,3502,8,2802,467,0,2802,0,2101,525,0,2101,0,0,0,0,0,120,80,1712,1141,0,1000,599,78.80326195646305,510.38721491728046,0,0,0,0,0,0,0,0,0.67,599,785,319,120,0,0,0,0,0,0,6,4714,4,1278,57485,63131,5,20,0,0,0,0,0,0,0,0,BENIGN
22,3150,4,4,3527,3901,881,10,881,19.452431353871447,975,0,975,39.7934826127972,2357577,2538,393,460.4594490160316,3150,9,2520,630,0,2520,0,1890,472,0,1890,0,0,0,0,0,80,80,1269,1269,0,1000,928,61.96541603180894,212.03375677152746,0,1,0,0,1,0,0,0,1.0,928,881,975,80,0,0,0,0,0,0,4,3527,4,3901,63867,56928,3,20,0,0,0,0,0,0,0,0,BENIGN
443,164,10,5,7799,4887,779,10,779,31.969702333007877,977,0,977,13.999239946199443,77035389,91075,10,560.6455646208402,164,1,131,13,0,131,0,98,19,0,98,0,0,0,0,0,200,100,60717,30358,0,1000,845,24.560663464528808,112.73942871601517,0,0,0,0,1,0,0,0,0.5,845,779,977,200,0,0,0,0,0,0,10,7799,5,4887,49420,31834,9,20,0,0,0,0,0,0,0,0,BENIGN
22,1048,4,4,3951,2347,987,10,987,47.79936797238478,586,0,586,47.703077532151475,6006232,7627,131,652.7103064995347,1048,8,839,209,0,839,0,629,157,0,629,0,0,0,0,0,80,80,3813,3813,0,1000,787,56.10690681979889,911.1369043053679,0,0,0,0,1,0,0,0,1.0,787,987,586,80,0,0,0,0,0,0,4,3951,4,2347,33713,38611,3,20,0,0,0,0,0,0,0,0,BENIGN
22,2756,7,5,835,2933,119,10,119,43.8131804443498,586,0,586,15.523993670232116,1367257,4353,229,992.292712492057,2756,5,2205,315,0,2205,0,1653,330,0,1653,0,0,0,0,0,140,100,2539,1813,0,1000,314,14.935709300383571,642.6567259366346,0,0,0,0,0,0,0,0,0.71,314,119,586,140,0,0,0,0,0,0,7,835,5,2933,40337,29965,6,20,0,0,0,0,0,0,0,0,BENIGN
123,3686,5,8,804,2694,160,10,160,47.88563303486262,336,0,336,42.804281904078756,949090,3526,283,797.9979139763509,3686,9,2948,589,0,2948,0,2211,276,0,2211,0,0,0,0,0,100,160,1356,2170,0,1000,269,30.108718682706982,472.8183070014016,0,0,0,0,1,0,0,0,1.6,269,160,336,100,0,0,0,0,0,0,5,804,8,2694,42779,47901,4,20,0,0,0,0,0,0,0,0,BENIGN
22,4509,2,9,1793,4178,896,10,896,6.49105268392709,464,0,464,18.938121938655563,1324319,2439,409,882.476671158124,4509,1,3607,1803,0,3607,0,2705,300,0,2705,0,0,0,0,0,40,180,443,1995,0,1000,542,84.47153249116299,608.6248730864962,0,1,0,0,0,0,0,0,4.5,542,896,464,40,0,0,0,0,0,0,2,1793,9,4178,39292,56657,1,20,0,0,0,0,0,0,0,0,BENIGN
54948,72,2,1,0,0,0,0,0,23.57171068547122,0,0,0,17.663754030257277,0,41133,24,233.42558254088985,72,5,58,29,0,58,0,43,43,0,43,0,0,0,0,0,40,20,27422,13711,0,1000,0,95.53098849337248,848.8867642887913,0,1,0,0,0,0,0,0,0.5,0,0,0,40,0,0,0,0,0,0,2,0,1,0,44032,30003,1,20,0,0,0,0,0,0,0,0,PortScan
22,182826,148,9,7256,238,49,0,49,15.776409473249714,26,0,26,24.915316436551077,40997,858,1164,642.186695501745,182826,5,146260,988,0,146260,0,109695,12188,0,109695,0,0,0,0,0,2960,180,809,49,0,1000,47,59.05351673641096,553.6433101659162,0,0,0,0,1,0,0,0,0.06,47,49,26,2960,0,0,0,0,0,0,148,7256,9,238,58188,40383,147,20,0,0,0,0,0,0,0,0,SSH-Patator
80,4921,2,4,615,2367,307,10,307,40.62414673182422,591,0,591,42.01437474977454,606115,1219,820,30.25426445599322,4921,8,3936,1968,0,3936,0,2952,738,0,2952,0,0,0,0,0,40,80,406,812,0,1000,497,31.967246742335398,521.7936345992869,0,0,0,0,0,0,0,0,2.0,497,307,591,40,0,0,0,0,0,0,2,615,4,2367,29268,63937,1,20,0,0,0,0,0,0,0,0,BENIGN
123,4969,5,2,954,1407,190,10,190,42.30161778454058,703,0,703,33.35604212590816,475247,1408,709,929.2452924097513,4969,3,3975,795,0,3975,0,2981,1490,0,2981,0,0,0,0,0,100,40,1006,402,0,1000,337,52.82419884654846,929.6986527052204,0,0,0,0,0,0,0,0,0.4,337,190,703,100,0,0,0,0,0,0,5,954,2,1407,35303,45665,4,20,0,0,0,0,0,0,0,0,BENIGN
80,284,6,11,1136,7032,189,10,189,28.351323518784007,639,0,639,47.89731881078818,28713639,59753,16,439.9050436063624,284,6,227,37,0,227,0,170,15,0,170,0,0,0,0,0,120,220,21089,38663,0,1000,480,72.52147895408115,784.3831649683909,0,1,0,0,0,0,0,0,1.83,480,189,639,120,0,0,0,0,0,0,6,1136,11,7032,30017,33529,5,20,0,0,0,0,0,0,0,0,BENIGN
123,4361,7,9,2369,7378,338,10,338,25.442353990222482,819,0,819,46.49377232628542,2235185,3668,272,728.3006352703543,4361,8,3489,498,0,3489,0,2616,290,0,2616,0,0,0,0,0,140,180,1604,2063,0,1000,609,4.218855678613275,400.94423593474073,0,1,0,0,0,0,0,0,1.29,609,338,819,140,0,0,0,0,0,0,7,2369,9,7378,32316,38216,6,20,0,0,0,0,0,0,0,0,BENIGN
443,916806,58,5,49719,107,857,0,857,31.439578279363477,21,0,21,13.744301920555246,54348,68,14552,205.50858598759027,916806,5,733444,12645,0,733444,0,550083,110016,0,550083,0,0,0,0,0,1160,100,63,5,0,1500,790,9.527480890008055,448.3116571350117,0,1,0,0,0,0,0,0,0.09,790,857,21,1160,0,0,0,0,0,0,58,49719,5,107,61352,46948,57,20,0,0,0,0,0,0,0,0,DDoS
123,3347,5,1,3482,762,696,10,696,0.39881534632922877,762,0,762,8.321799522609762,1267867,1792,557,30.237101428809865,3347,9,2678,535,0,2678,0,2008,2008,0,2008,0,0,0,0,0,100,20,1493,298,0,1000,707,91.25479926593525,544.022165532849,0,0,0,0,0,0,0,0,0.2,707,696,762,100,0,0,0,0,0,0,5,3482,1,762,33348,46060,4,20,0,0,0,0,0,0,0,0,BENIGN
443,2810,6,8,3134,6150,522,10,522,48.933401433267434,768,0,768,23.805082023106365,3303107,4980,200,423.96353125486263,2810,10,2248,374,0,2248,0,1686,210,0,1686,0,0,0,0,0,120,160,2134,2846,0,1000,663,3.510556643078111,411.89670215554173,0,0,0,0,1,0,0,0,1.33,663,522,768,120,0,0,0,0,0,0,6,3134,8,6150,64527,64842,5,20,0,0,0,0,0,0,0,0,BENIGN
443,1541,8,10,1296,5030,162,10,162,43.83249217056072,503,0,503,33.447916377283384,4105339,11679,85,124.18825431826241,1541,4,1232,154,0,1232,0,924,92,0,924,0,0,0,0,0,160,200,5191,6488,0,1000,351,95.43450695868677,278.8731885385385,0,1,0,0,1,0,0,0,1.25,351,162,503,160,0,0,0,0,0,0,8,1296,10,5030,39066,50855,7,20,0,0,0,0,0,0,0,0,BENIGN
443,2574430,102,1,141596,31,1388,0,1388,13.787625333626263,31,0,31,45.95583933645776,55013,40,24994,153.72509978177084,2574430,8,2059544,20191,0,2059544,0,1544658,1544658,0,1544658,0,0,0,0,0,2040,20,39,0,0,1500,1375,52.310476544137096,434.4879766618671,0,1,0,0,0,0,0,0,0.01,1375,1388,31,2040,0,0,0,0,0,0,102,141596,1,31,51063,30853,101,20,0,0,0,0,0,0,0,0,DDoS
53,3447,4,2,3421,2347,855,10,855,5.138360054192159,1173,0,1173,18.84861265598625,1673459,1740,574,688.5784665946186,3447,2,2757,689,0,2757,0,2068,1034,0,2068,0,0,0,0,0,80,40,1160,580,0,1000,961,21.874645484140732,367.6366677609061,0,1,0,0,1,0,0,0,0.5,961,855,1173,80,0,0,0,0,0,0,4,3421,2,2347,61850,51788,3,20,0,0,0,0,0,0,0,0,BENIGN
80,4568,4,5,2744,908,686,10,686,47.17997012827826,181,0,181,40.59290040847296,799815,1970,507,878.1702531232975,4568,1,3654,913,0,3654,0,2740,548,0,2740,0,0,0,0,0,80,100,875,1094,0,1000,405,90.66578185127018,839.1626899239865,0,0,0,0,1,0,0,0,1.25,405,686,181,80,0,0,0,0,0,0,4,2744,5,908,47920,54062,3,20,0,0,0,0,0,0,0,0,BENIGN
123,2641,8,7,6777,6936,847,10,847,28.584309304230022,990,0,990,25.88317752873039,5192125,5679,176,240.1945578664345,2641,2,2112,264,0,2112,0,1584,226,0,1584,0,0,0,0,0,160,140,3028,2650,0,1000,914,93.17502711124777,692.0825065157195,0,1,0,0,1,0,0,0,0.88,914,847,990,160,0,0,0,0,0,0,8,6777,7,6936,42462,46820,7,20,0,0,0,0,0,0,0,0,BENIGN
22,1314,4,5,2532,4599,633,10,633,43.90281074040189,919,0,919,23.485496990908327,5426020,6847,146,717.4665358153457,1314,3,1051,262,0,1051,0,788,157,0,788,0,0,0,0,0,80,100,3043,3804,0,1000,792,73.64508429210335,961.6820292277882,0,1,0,0,0,0,0,0,1.25,792,633,919,80,0,0,0,0,0,0,4,2532,5,4599,52392,32289,3,20,0,0,0,0,0,0,0,0,BENIGN
22,4636,3,1,2910,163,970,10,970,14.603296542846756,163,0,163,46.92905920377278,662881,862,1159,295.38410232843137,4636,5,3708,1236,0,3708,0,2781,2781,0,2781,0,0,0,0,0,60,20,647,215,0,1000,768,56.39464811593755,227.01537003510884,0,1,0,0,0,0,0,0,0.33,768,970,163,60,0,0,0,0,0,0,3,2910,1,163,31764,36702,2,20,0,0,0,0,0,0,0,0,BENIGN
443,2197,10,5,1892,5796,189,10,189,22.6105222474079,1159,0,1159,21.104208233318715,3498968,6825,146,137.80717398310372,2197,6,1758,175,0,1758,0,1318,263,0,1318,0,0,0,0,0,200,100,4550,2275,0,1000,512,47.51925635748179,13.600557334458752,0,0,0,0,0,0,0,0,0.5,512,189,1159,200,0,0,0,0,0,0,10,1892,5,5796,53896,30297,9,20,0,0,0,0,0,0,0,0,BENIGN
3606,47,2,1,0,0,0,0,0,17.820674300397865,0,0,0,17.181055811631097,0,63108,15,498.13855296602514,47,6,38,19,0,38,0,28,28,0,28,0,0,0,0,0,40,20,42072,21036,0,1000,0,24.282946492137647,188.80543480164548,0,1,0,0,0,0,0,0,0.5,0,0,0,40,0,0,0,0,0,0,2,0,1,0,48766,45332,1,20,0,0,0,0,0,0,0,0,PortScan
3306,4166683,135,5,121898,135,902,0,902,7.0247948047027995,27,0,27,1.3512195720355002,29288,33,29762,398.8613851915369,4166683,4,3333346,24691,0,3333346,0,2500010,500002,0,2500010,0,0,0,0,0,2700,100,32,1,0,1500,871,26.484473579253244,586.4618132846921,0,1,0,0,0,0,0,0,0.04,871,902,27,2700,0,0,0,0,0,0,135,121898,5,135,49672,60215,134,20,0,0,0,0,0,0,0,0,DDoS
123,1083,2,2,1906,500,953,10,953,3.947481812818471,250,0,250,46.289734335753664,2220508,3690,270,427.5087914931379,1083,10,867,433,0,867,0,650,325,0,650,0,0,0,0,0,40,40,1845,1845,0,1000,601,71.4807563219324,815.9840707704283,0,0,0,0,0,0,0,0,1.0,601,953,250,40,0,0,0,0,0,0,2,1906,2,500,57431,30911,1,20,0,0,0,0,0,0,0,0,BENIGN
3306,4555498,404,1,49287,5,121,0,121,11.783429262126294,5,0,5,16.683529423833455,10820,88,11248,17.790842196432344,4555498,8,3644398,9020,0,3644398,0,2733299,2733299,0,2733299,0,0,0,0,0,8080,20,88,0,0,1500,121,78.67195384889777,940.3078504241787,0,1,0,0,0,0,0,0,0.0,121,121,5,8080,0,0,0,0,0,0,404,49287,1,5,60093,29449,403,20,0,0,0,0,0,0,0,0,DDoS
53,1103,6,11,3950,4524,658,10,658,20.538142662565196,411,0,411,21.698337268329272,7680328,15407,64,586.8265150976717,1103,9,882,147,0,882,0,662,60,0,662,0,0,0,0,0,120,220,5437,9969,0,1000,498,19.82332907884886,497.60175122211194,0,1,0,0,1,0,0,0,1.83,498,658,411,120,0,0,0,0,0,0,6,3950,11,4524,58686,32192,5,20,0,0,0,0,0,0,0,0,BENIGN
80,67781,474,0,175491,0,370,0,370,14.813717397521009,0,0,0,6.91864452370824,2589087,6993,142,255.81382121670194,67781,8,54225,114,0,54225,0,40668,0,0,40668,0,0,0,0,0,9480,0,6993,0,0,1500,370,24.169670420073032,61.24631085605547,0,1,0,0,0,0,0,0,0.0,370,370,0,9480,0,0,0,0,0,0,474,175491,0,0,43483,30086,473,20,0,0,0,0,0,0,0,0,DDoS
443,1028,7,6,4626,2335,660,10,660,21.27949137499514,389,0,389,25.18803300066359,6770462,12641,79,546.4518327273682,1028,7,822,117,0,822,0,617,102,0,617,0,0,0,0,0,140,120,6806,5834,0,1000,535,45.00527218198093,609.9618922741865,0,1,0,0,1,0,0,0,0.86,535,660,389,140,0,0,0,0,0,0,7,4626,6,2335,53548,59404,6,20,0,0,0,0,0,0,0,0,BENIGN
80,3117999,436,1,570721,12,1308,0,1308,10.567071013190626,12,0,12,4.1385483603982145,183044,140,7135,794.0701962691345,3117999,6,2494399,5721,0,2494399,0,1870799,1870799,0,1870799,0,0,0,0,0,8720,20,139,0,0,1500,1306,91.26497273528926,545.5428243567121,0,1,0,0,0,0,0,0,0.0,1306,1308,12,8720,0,0,0,0,0,0,436,570721,1,12,43906,54898,435,20,0,0,0,0,0,0,0,0,DDoS
22,197724,127,74,7535,5590,59,0,59,19.828760554546804,75,0,75,37.87177857995287,66385,1016,983,179.31236841337994,197724,2,158179,1245,0,158179,0,118634,1603,0,118634,0,0,0,0,0,2540,1480,642,374,0,1000,65,5.713015262487198,707.8364334562274,0,0,0,0,1,0,0,0,0.58,65,59,75,2540,0,0,0,0,0,0,127,7535,74,5590,44454,42500,126,20,0,0,0,0,0,0,0,0,SSH-Patator
80,1293,8,3,4483,171,560,10,560,43.61583761608066,57,0,57,29.296340568104302,3599373,8506,117,153.12160436277566,1293,10,1034,129,0,1034,0,775,258,0,775,0,0,0,0,0,160,60,6186,2319,0,1000,423,63.25612835851491,948.706934481069,0,1,0,0,0,0,0,0,0.38,423,560,57,160,0,0,0,0,0,0,8,4483,3,171,48723,31039,7,20,0,0,0,0,0,0,0,0,BENIGN
22,2957,6,9,5736,3743,956,10,956,28.407156052951205,415,0,415,2.145056737295187,3204970,5071,197,777.2711426447105,2957,2,2366,394,0,2366,0,1774,197,0,1774,0,0,0,0,0,120,180,2028,3042,0,1000,631,6.080056171330761,112.37707455226686,0,0,0,0,1,0,0,0,1.5,631,956,415,120,0,0,0,0,0,0,6,5736,9,3743,43978,56749,5,20,0,0,0,0,0,0,0,0,BENIGN
53,212,7,8,2383,2689,340,10,340,46.80571362122266,336,0,336,37.890258209397246,23856307,70541,14,88.33024393565559,212,8,170,24,0,170,0,127,15,0,127,0,0,0,0,0,140,160,32919,37622,0,1000,338,41.7651251498345,528.4371380031358,0,1,0,0,1,0,0,0,1.14,338,340,336,140,0,0,0,0,0,0,7,2383,8,2689,63084,42870,6,20,0,0,0,0,0,0,0,0,BENIGN
22,2283,9,3,7783,2650,864,10,864,28.959771008792952,883,0,883,32.57231891869042,4568861,5254,190,584.1628778835563,2283,3,1826,202,0,1826,0,1370,456,0,1370,0,0,0,0,0,180,60,3940,1313,0,1000,869,77.82343155920105,861.8012488975303,0,1,0,0,1,0,0,0,0.33,869,864,883,180,0,0,0,0,0,0,9,7783,3,2650,45001,43369,8,20,0,0,0,0,0,0,0,0,BENIGN
443,1404,5,1,3940,430,788,10,788,35.654857914754075,430,0,430,9.740549081508988,3111113,4271,234,618.9190860784925,1404,2,1123,224,0,1123,0,842,842,0,842,0,0,0,0,0,100,20,3559,711,0,1000,728,89.86927049041184,135.2589090186911,0,0,0,0,0,0,0,0,0.2,728,788,430,100,0,0,0,0,0,0,5,3940,1,430,49312,36723,4,20,0,0,0,0,0,0,0,0,BENIGN
8080,3107283,261,2,90991,45,348,0,348,48.79829245892764,22,0,22,2.3618222846864043,29297,84,11814,990.295190586215,3107283,1,2485826,9524,0,2485826,0,1864370,932185,0,1864370,0,0,0,0,0,5220,40,83,0,0,1500,346,4.337286202738633,4.631713559408057,0,1,0,0,0,0,0,0,0.01,346,348,22,5220,0,0,0,0,0,0,261,90991,2,45,39856,50363,260,20,0,0,0,0,0,0,0,0,DDoS
443,4899,7,2,5137,1774,733,10,733,23.998309523552518,887,0,887,46.38902196878925,1410802,1836,544,571.9099762072624,4899,7,3919,559,0,3919,0,2939,1469,0,2939,0,0,0,0,0,140,40,1428,408,0,1000,768,24.395380400204324,716.8624227414748,0,1,0,0,0,0,0,0,0.29,768,733,887,140,0,0,0,0,0,0,7,5137,2,1774,56446,58658,6,20,0,0,0,0,0,0,0,0,BENIGN
80,1812,6,4,4488,1479,748,10,748,34.72834467908609,369,0,369,24.245645454319813,3292224,5515,181,174.5764666852283,1812,5,1450,241,0,1450,0,1087,271,0,1087,0,0,0,0,0,120,80,3309,2206,0,1000,596,90.2900214402268,521.8651754632721,0,0,0,0,0,0,0,0,0.67,596,748,369,120,0,0,0,0,0,0,6,4488,4,1479,64069,59922,5,20,0,0,0,0,0,0,0,0,BENIGN
443,4407,6,2,1187,544,197,10,197,20.83758142477372,272,0,272,41.14054332659465,392849,1814,550,914.3086517328486,4407,10,3526,587,0,3526,0,2644,1322,0,2644,0,0,0,0,0,120,40,1361,453,0,1000,216,31.979521164414248,541.6643677555522,0,0,0,0,1,0,0,0,0.33,216,197,272,120,0,0,0,0,0,0,6,1187,2,544,61038,36610,5,20,0,0,0,0,0,0,0,0,BENIGN
80,155622,256,2,58498,78,228,0,228,40.13616665486886,39,0,39,14.517430141754211,376405,1657,603,822.8546571785942,155622,5,124497,486,0,124497,0,93373,46686,0,93373,0,0,0,0,0,5120,40,1645,12,0,1500,227,21.947174340971298,831.9309285259349,0,1,0,0,0,0,0,0,0.01,227,228,39,5120,0,0,0,0,0,0,256,58498,2,78,46220,60119,255,20,0,0,0,0,0,0,0,0,DDoS
80,2140,10,3,4485,1575,448,10,448,9.862393594500086,525,0,525,20.918869785660064,2832236,6074,164,730.0749602213884,2140,8,1712,171,0,1712,0,1284,428,0,1284,0,0,0,0,0,200,60,4672,1401,0,1000,466,40.47872862323823,24.700770471169808,0,1,0,0,1,0,0,0,0.3,466,448,525,200,0,0,0,0,0,0,10,4485,3,1575,57504,33503,9,20,0,0,0,0,0,0,0,0,BENIGN
80,3226,9,2,5982,722,664,10,664,32.38308201928311,361,0,361,27.188977666634074,2077912,3409,293,275.29691683397795,3226,8,2581,286,0,2581,0,1935,967,0,1935,0,0,0,0,0,180,40,2789,619,0,1000,609,19.93707742908376,82.22254015280683,0,0,0,0,1,0,0,0,0.22,609,664,361,180,0,0,0,0,0,0,9,5982,2,722,43306,64683,8,20,0,0,0,0,0,0,0,0,BENIGN
53,2119,9,12,5766,3618,640,10,640,30.468896016970344,301,0,301,7.562754990907933,4428388,9909,100,328.63951379703883,2119,4,1695,188,0,1695,0,1271,105,0,1271,0,0,0,0,0,180,240,4246,5662,0,1000,446,47.887363524720804,187.51675293886981,0,1,0,0,1,0,0,0,1.33,446,640,301,180,0,0,0,0,0,0,9,5766,12,3618,51132,48347,8,20,0,0,0,0,0,0,0,0,BENIGN
22,4231,8,7,6489,1955,811,10,811,23.21424308199737,279,0,279,13.778025845584768,1995511,3544,282,513.2070888899037,4231,8,3385,423,0,3385,0,2539,362,0,2539,0,0,0,0,0,160,140,1890,1654,0,1000,562,28.97338665351141,645.5233070365147,0,1,0,0,0,0,0,0,0.88,562,811,279,160,0,0,0,0,0,0,8,6489,7,1955,40506,55134,7,20,0,0,0,0,0,0,0,0,BENIGN
22,829,3,3,1649,888,549,10,549,29.481383759404906,296,0,296,47.18594938794249,3057546,7229,138,306.3280864958615,829,1,663,221,0,663,0,497,165,0,497,0,0,0,0,0,60,60,3614,3614,0,1000,422,14.078216392347564,470.724907400102,0,0,0,0,0,0,0,0,1.0,422,549,296,60,0,0,0,0,0,0,3,1649,3,888,59046,54180,2,20,0,0,0,0,0,0,0,0,BENIGN
123,1920,4,6,1903,6172,475,10,475,34.036996998771734,1028,0,1028,2.783166377682844,4206351,5208,192,433.50788333971116,1920,6,1536,384,0,1536,0,1152,192,0,1152,0,0,0,0,0,80,120,2083,3124,0,1000,807,27.413402338761795,113.43842848279118,0,0,0,0,0,0,0,0,1.5,807,475,1028,80,0,0,0,0,0,0,4,1903,6,6172,39669,40709,3,20,0,0,0,0,0,0,0,0,BENIGN
3306,1510204,332,0,42623,0,128,0,128,10.224735543890413,0,0,0,33.699726781536235,28223,219,4548,619.4495898415024,1510204,2,1208163,3639,0,1208163,0,906122,0,0,906122,0,0,0,0,0,6640,0,219,0,0,1500,128,74.1732801676049,703.0795669862299,0,1,0,0,0,0,0,0,0.0,128,128,0,6640,0,0,0,0,0,0,332,42623,0,0,55283,52014,331,20,0,0,0,0,0,0,0,0,DDoS
9225,33,2,0,0,0,0,0,0,12.15161388457464,0,0,0,9.408511867321213,0,58996,16,547.1687031907138,33,5,27,13,0,27,0,20,0,0,20,0,0,0,0,0,40,0,58996,0,0,1000,0,80.3282218438269,198.58903664722015,0,1,0,0,0,0,0,0,0.0,0,0,0,40,0,0,0,0,0,0,2,0,0,0,58283,48242,1,20,0,0,0,0,0,0,0,0,PortScan
8080,3345315,315,4,140178,39,445,0,445,17.465939603507728,9,0,9,13.465902910339366,41914,95,10486,262.0266266573564,3345315,1,2676252,8496,0,2676252,0,2007189,501797,0,2007189,0,0,0,0,0,6300,80,94,1,0,1500,439,96.31531404262952,477.1509647587798,0,1,0,0,0,0,0,0,0.01,439,445,9,6300,0,0,0,0,0,0,315,140178,4,39,56414,51146,314,20,0,0,0,0,0,0,0,0,DDoS
3306,1629714,328,0,247584,0,754,0,754,28.20309733780441,0,0,0,20.887201692566475,151918,201,4968,172.18466695870515,1629714,2,1303771,3974,0,1303771,0,977828,0,0,977828,0,0,0,0,0,6560,0,201,0,0,1500,754,97.50790674137079,734.2682667870715,0,1,0,0,0,0,0,0,0.0,754,754,0,6560,0,0,0,0,0,0,328,247584,0,0,58064,64561,327,20,0,0,0,0,0,0,0,0,DDoS
53,4421,6,10,3363,4895,560,10,560,13.85843092040287,489,0,489,24.674052709331313,1867809,3618,276,217.71480925516627,4421,10,3537,589,0,3537,0,2652,265,0,2652,0,0,0,0,0,120,200,1356,2261,0,1000,516,84.2706553150191,276.8403070754053,0,0,0,0,1,0,0,0,1.67,516,560,489,120,0,0,0,0,0,0,6,3363,10,4895,37065,47461,5,20,0,0,0,0,0,0,0,0,BENIGN
8080,1181438,280,3,79059,95,282,0,282,38.35017090964893,31,0,31,12.223063025132157,66998,239,4174,637.0692063459193,1181438,8,945151,3375,0,945151,0,708863,236287,0,708863,0,0,0,0,0,5600,60,236,2,0,1500,279,16.342030743995796,17.832750618164695,0,1,0,0,0,0,0,0,0.01,279,282,31,5600,0,0,0,0,0,0,280,79059,3,95,57592,63520,279,20,0,0,0,0,0,0,0,0,DDoS
22,108,9,11,6891,5376,765,10,765,14.523234982827098,488,0,488,40.31150640812925,113298698,184708,5,401.7941959888547,108,7,86,9,0,86,0,64,5,0,64,0,0,0,0,0,180,220,83118,101589,0,1000,613,20.40361204828415,978.5850272397944,0,0,0,0,1,0,0,0,1.22,613,765,488,180,0,0,0,0,0,0,9,6891,11,5376,54389,45735,8,20,0,0,0,0,0,0,0,0,BENIGN
22,1227,10,12,9484,1307,948,10,948,26.745494855060148,108,0,108,24.17776149267642,8788915,17917,55,345.08405368226545,1227,5,982,98,0,982,0,736,61,0,736,0,0,0,0,0,200,240,8144,9773,0,1000,490,28.308053661057052,164.2812635118801,0,1,0,0,1,0,0,0,1.2,490,948,108,200,0,0,0,0,0,0,10,9484,12,1307,45742,53025,9,20,0,0,0,0,0,0,0,0,BENIGN
26698,129,2,1,0,0,0,0,0,32.31124332582313,0,0,0,21.742037773086036,0,23149,43,229.74229422076377,129,7,103,51,0,103,0,77,77,0,77,0,0,0,0,0,40,20,15432,7716,0,1000,0,91.7376309207493,507.5540106741532,0,1,0,0,0,0,0,0,0.5,0,0,0,40,0,0,0,0,0,0,2,0,1,0,50983,43592,1,20,0,0,0,0,0,0,0,0,PortScan
80,4140,4,6,3827,5646,956,10,956,34.86139941013738,941,0,941,18.931074247400627,2288005,2415,414,48.634850067519885,4140,9,3312,828,0,3312,0,2484,414,0,2484,0,0,0,0,0,80,120,966,1449,0,1000,947,51.495318089997696,420.7682371843996,0,0,0,0,1,0,0,0,1.5,947,956,941,80,0,0,0,0,0,0,4,3827,6,5646,61279,40877,3,20,0,0,0,0,0,0,0,0,BENIGN
22,416501,20,69,1472,3584,73,0,73,22.242678446429977,51,0,51,47.788395033661466,12143,213,4679,776.2294028238601,416501,8,333201,16660,0,333201,0,249900,3621,0,249900,0,0,0,0,0,400,1380,48,165,0,1000,56,28.915524659678372,767.1828161313229,0,0,0,0,1,0,0,0,3.45,56,73,51,400,0,0,0,0,0,0,20,1472,69,3584,49996,41677,19,20,0,0,0,0,0,0,0,0,SSH-Patator
53,4503,7,4,3707,2088,529,10,529,47.4560144092338,522,0,522,21.729124472100285,1287096,2442,409,800.0117329212163,4503,6,3602,514,0,3602,0,2701,675,0,2701,0,0,0,0,0,140,80,1554,888,0,1000,526,25.354577310584236,922.0440520909162,0,0,0,0,0,0,0,0,0.57,526,529,522,140,0,0,0,0,0,0,7,3707,4,2088,46194,63316,6,20,0,0,0,0,0,0,0,0,BENIGN
80,1922,1,2,149,109,149,10,149,23.844199866902134,54,0,54,32.44582832703605,134680,1560,640,364.4559700346558,1922,7,1537,1537,0,1537,0,1153,576,0,1153,0,0,0,0,0,20,40,520,1040,0,1000,86,6.333657626037603,188.17908069896282,0,1,0,0,1,0,0,0,2.0,86,149,54,20,0,0,0,0,0,0,1,149,2,109,52884,42472,0,20,0,0,0,0,0,0,0,0,BENIGN
443,1317,10,6,5661,6769,566,10,566,12.48137732419073,1128,0,1128,40.44395728939039,9435968,12145,82,481.30786741525225,1317,2,1053,105,0,1053,0,790,131,0,790,0,0,0,0,0,200,120,7590,4554,0,1000,776,86.59830674692434,965.8561676215029,0,1,0,0,1,0,0,0,0.6,776,566,1128,200,0,0,0,0,0,0,10,5661,6,6769,29870,47647,9,20,0,0,0,0,0,0,0,0,BENIGN
80,2607,3,9,1727,2364,575,10,575,5.670395673814549,262,0,262,5.987483703318114,1569162,4601,217,113.90694247676014,2607,3,2086,695,0,2086,0,1564,173,0,1564,0,0,0,0,0,60,180,1150,3451,0,1000,341,95.13933863354761,338.4862080731642,0,1,0,0,1,0,0,0,3.0,341,575,262,60,0,0,0,0,0,0,3,1727,9,2364,46372,34528,2,20,0,0,0,0,0,0,0,0,BENIGN
53,3131,1,4,833,1669,833,10,833,36.900632666016776,417,0,417,13.516389733799816,799429,1596,626,56.92029052092706,3131,9,2505,2505,0,2505,0,1879,469,0,1879,0,0,0,0,0,20,80,319,1277,0,1000,500,88.62979139868854,682.2362555759645,0,0,0,0,1,0,0,0,4.0,500,833,417,20,0,0,0,0,0,0,1,833,4,1669,33415,43123,0,20,0,0,0,0,0,0,0,0,BENIGN
22,256,2,12,1245,13617,622,10,622,41.55268017440005,1134,0,1134,36.516007342437824,58002387,54635,18,347.76787493515684,256,8,204,102,0,204,0,153,12,0,153,0,0,0,0,0,40,240,7805,46830,0,1000,1061,20.783836277767985,764.4006182562393,0,0,0,0,0,0,0,0,6.0,1061,622,1134,40,0,0,0,0,0,0,2,1245,12,13617,52388,65492,1,20,0,0,0,0,0,0,0,0,BENIGN
53,2218,9,7,5253,4539,583,10,583,12.029847639584885,648,0,648,26.10109324712706,4414281,7212,138,542.5092649012184,2218,1,1774,197,0,1774,0,1331,190,0,1331,0,0,0,0,0,180,140,4056,3155,0,1000,612,82.9164802626095,711.0392480471274,0,1,0,0,0,0,0,0,0.78,612,583,648,180,0,0,0,0,0,0,9,5253,7,4539,62145,54125,8,20,0,0,0,0,0,0,0,0,BENIGN
80,3083759,434,3,561186,9,1293,0,1293,26.913296555156453,3,0,3,31.786851460187158,181984,141,7056,978.4762064044411,3083759,1,2467007,5684,0,2467007,0,1850255,616751,0,1850255,0,0,0,0,0,8680,60,140,0,0,1500,1284,32.73960222643284,479.097327320962,0,1,0,0,0,0,0,0,0.01,1284,1293,3,8680,0,0,0,0,0,0,434,561186,3,9,60334,47387,433,20,0,0,0,0,0,0,0,0,DDoS
22,2882,7,12,4359,5836,622,10,622,48.9769644626971,486,0,486,35.9736044070663,3537514,6591,151,534.6775267640895,2882,4,2305,329,0,2305,0,1729,144,0,1729,0,0,0,0,0,140,240,2428,4163,0,1000,536,16.94731911465437,459.13671473502484,0,1,0,0,1,0,0,0,1.71,536,622,486,140,0,0,0,0,0,0,7,4359,12,5836,42682,48265,6,20,0,0,0,0,0,0,0,0,BENIGN
443,2827,9,12,6308,9323,700,10,700,39.25641488616275,776,0,776,2.115935152960552,5528776,7427,134,373.70704890700415,2827,9,2261,251,0,2261,0,1696,141,0,1696,0,0,0,0,0,180,240,3183,4244,0,1000,744,45.61648456374107,907.063612263809,0,0,0,0,0,0,0,0,1.33,744,700,776,180,0,0,0,0,0,0,9,6308,12,9323,38745,36495,8,20,0,0,0,0,0,0,0,0,BENIGN
53,4894,10,4,3461,1860,346,10,346,22.130106679086875,465,0,465,1.8251570595531674,1087315,2860,349,539.2863939685881,4894,10,3915,391,0,3915,0,2936,734,0,2936,0,0,0,0,0,200,80,2043,817,0,1000,380,28.41794742246948,493.878690152602,0,1,0,0,0,0,0,0,0.4,380,346,465,200,0,0,0,0,0,0,10,3461,4,1860,55554,39860,9,20,0,0,0,0,0,0,0,0,BENIGN
443,1824907,222,5,197012,90,887,0,887,39.141681527036894,18,0,18,15.124485963394807,108006,124,8039,918.3539785429507,1824907,9,1459925,6576,0,1459925,0,1094944,218988,0,1094944,0,0,0,0,0,4440,100,121,2,0,1500,868,73.04243237741822,375.87581278203373,0,1,0,0,0,0,0,0,0.02,868,887,18,4440,0,0,0,0,0,0,222,197012,5,90,37416,42877,221,20,0,0,0,0,0,0,0,0,DDoS
22,1590,3,9,641,1555,213,10,213,21.624058385924585,172,0,172,9.7276975318074,1381316,7544,132,22.19686960036038,1590,4,1272,424,0,1272,0,954,106,0,954,0,0,0,0,0,60,180,1886,5658,0,1000,183,8.688160731512884,711.1129760340848,0,0,0,0,0,0,0,0,3.0,183,213,172,60,0,0,0,0,0,0,3,641,9,1555,46797,56180,2,20,0,0,0,0,0,0,0,0,BENIGN
80,895,4,10,2122,7115,530,10,530,6.958930128525642,711,0,711,2.9365382958367325,10312285,15628,63,256.9872842759703,895,4,716,179,0,716,0,537,53,0,537,0,0,0,0,0,80,200,4465,11162,0,1000,659,22.736515959886304,366.8306028365827,0,1,0,0,1,0,0,0,2.5,659,530,711,80,0,0,0,0,0,0,4,2122,10,7115,32553,35111,3,20,0,0,0,0,0,0,0,0,BENIGN
22,1819,8,4,2323,512,290,10,290,41.03294027628897,128,0,128,21.30349208960119,1558690,6596,151,936.378572459984,1819,6,1455,181,0,1455,0,1091,272,0,1091,0,0,0,0,0,160,80,4397,2198,0,1000,236,53.999181768617476,708.3722500142159,0,0,0,0,1,0,0,0,0.5,236,290,128,160,0,0,0,0,0,0,8,2323,4,512,43210,36259,7,20,0,0,0,0,0,0,0,0,BENIGN
80,589,5,5,1203,2754,240,10,240,16.76578497262425,550,0,550,12.118460909150148,6714097,16964,58,803.1699298408947,589,1,471,94,0,471,0,353,70,0,353,0,0,0,0,0,100,100,8482,8482,0,1000,395,7.734189808389091,746.7603082781532,0,1,0,0,0,0,0,0,1.0,395,240,550,100,0,0,0,0,0,0,5,1203,5,2754,59170,44340,4,20,0,0,0,0,0,0,0,0,BENIGN
443,3830,2,4,1059,3353,529,10,529,45.9846395352075,838,0,838,7.924590860881181,1152087,1566,638,513.3422638420064,3830,7,3064,1532,0,3064,0,2298,574,0,2298,0,0,0,0,0,40,80,522,1044,0,1000,735,68.70387170087866,169.62201771578967,0,0,0,0,1,0,0,0,2.0,735,529,838,40,0,0,0,0,0,0,2,1059,4,3353,38029,37943,1,20,0,0,0,0,0,0,0,0,BENIGN
53,521,2,9,504,3461,252,10,252,40.671510727823566,384,0,384,7.7679383426055235,7603432,21091,47,249.63082944424653,521,7,417,208,0,417,0,312,34,0,312,0,0,0,0,0,40,180,3834,17256,0,1000,360,22.61173366204333,112.11247107741428,0,1,0,0,0,0,0,0,4.5,360,252,384,40,0,0,0,0,0,0,2,504,9,3461,59182,62724,1,20,0,0,0,0,0,0,0,0,BENIGN
443,2178,3,8,2006,9116,668,10,668,39.864688460176865,1139,0,1139,38.63476808787241,5105383,5048,198,264.90793076156683,2178,2,1743,581,0,1743,0,1307,163,0,1307,0,0,0,0,0,60,160,1376,3671,0,1000,1011,61.28638025013087,431.7672750560323,0,1,0,0,0,0,0,0,2.67,1011,668,1139,60,0,0,0,0,0,0,3,2006,8,9116,30844,57148,2,20,0,0,0,0,0,0,0,0,BENIGN
123,2770,9,1,4589,844,509,10,509,16.00952890607638,844,0,844,37.262078888421236,1961462,3609,277,541.7887818691427,2770,4,2216,246,0,2216,0,1662,1662,0,1662,0,0,0,0,0,180,20,3248,360,0,1000,543,51.505110754513716,589.8911378521232,0,1,0,0,1,0,0,0,0.11,543,509,844,180,0,0,0,0,0,0,9,4589,1,844,29735,57727,8,20,0,0,0,0,0,0,0,0,BENIGN
22,158847,57,84,1828,6123,32,0,32,42.0050377754033,72,0,72,7.194865696407438,50055,887,1126,162.1000724563718,158847,8,127078,2229,0,127078,0,95308,1134,0,95308,0,0,0,0,0,1140,1680,358,528,0,1000,56,36.05884412118662,770.5268934537928,0,0,0,0,1,0,0,0,1.47,56,32,72,1140,0,0,0,0,0,0,57,1828,84,6123,35132,62109,56,20,0,0,0,0,0,0,0,0,SSH-Patator
443,2600,9,9,2414,6120,268,10,268,25.35234862444747,680,0,680,13.326388324455701,3281454,6920,144,556.9520745437459,2600,4,2080,231,0,2080,0,1560,173,0,1560,0,0,0,0,0,180,180,3460,3460,0,1000,474,73.69866699114345,975.6363324613417,0,1,0,0,0,0,0,0,1.0,474,268,680,180,0,0,0,0,0,0,9,2414,9,6120,40666,33894,8,20,0,0,0,0,0,0,0,0,BENIGN
443,1147651,87,0,75671,0,869,0,869,33.40557036820151,0,0,0,17.129966254203755,65936,75,13191,231.5043106920559,1147651,5,918121,10553,0,918121,0,688590,0,0,688590,0,0,0,0,0,1740,0,75,0,0,1500,869,23.65730963979177,894.7565238827615,0,1,0,0,0,0,0,0,0.0,869,869,0,1740,0,0,0,0,0,0,87,75671,0,0,53114,64265,86,20,0,0,0,0,0,0,0,0,DDoS
80,2008491,89,1,95871,7,1077,0,1077,2.3417416525621126,7,0,7,34.03688663643696,47737,44,22316,528.0045723168677,2008491,10,1606793,18053,0,1606793,0,1205094,1205094,0,1205094,0,0,0,0,0,1780,20,44,0,0,1500,1065,30.353848169058363,963.7829969886255,0,1,0,0,0,0,0,0,0.01,1065,1077,7,1780,0,0,0,0,0,0,89,95871,1,7,37462,62762,88,20,0,0,0,0,0,0,0,0,DDoS
123,1266,10,12,8436,6227,843,10,843,43.20062641852523,518,0,518,15.614096692356561,11576140,17367,57,543.1793124218534,1266,9,1013,101,0,1013,0,760,63,0,760,0,0,0,0,0,200,240,7894,9473,0,1000,666,52.29388355435742,461.7623341201903,0,1,0,0,0,0,0,0,1.2,666,843,518,200,0,0,0,0,0,0,10,8436,12,6227,46156,34845,9,20,0,0,0,0,0,0,0,0,BENIGN
8080,420004,355,2,209275,5,589,0,589,6.28775500523025,2,0,2,44.67831874601361,498283,849,1176,530.3690705298602,420004,9,336003,946,0,336003,0,252002,126001,0,252002,0,0,0,0,0,7100,40,845,4,0,1500,586,40.78739482586735,163.74730143740757,0,1,0,0,0,0,0,0,0.01,586,589,2,7100,0,0,0,0,0,0,355,209275,2,5,32635,38320,354,20,0,0,0,0,0,0,0,0,DDoS
443,3255,7,5,4160,5565,594,10,594,46.03251646302249,1113,0,1113,38.72075729240903,2986995,3685,271,626.4768358136342,3255,10,2604,372,0,2604,0,1953,390,0,1953,0,0,0,0,0,140,100,2149,1535,0,1000,810,24.15228545143965,637.626183940864,0,1,0,0,0,0,0,0,0.71,810,594,1113,140,0,0,0,0,0,0,7,4160,5,5565,45108,65104,6,20,0,0,0,0,0,0,0,0,BENIGN
80,4941,9,8,3175,8655,352,10,352,10.023985991305512,1081,0,1081,20.716180735298646,2394170,3439,290,893.5185147450732,4941,5,3953,439,0,3953,0,2965,370,0,2965,0,0,0,0,0,180,160,1821,1618,0,1000,695,16.933306338656262,271.13363775028387,0,1,0,0,0,0,0,0,0.89,695,352,1081,180,0,0,0,0,0,0,9,3175,8,8655,43863,30587,8,20,0,0,0,0,0,0,0,0,BENIGN
21513,2,1,0,0,0,0,0,0,2.1561541126680686,0,0,0,47.672490425178005,0,438479,2,215.2162538683041,2,6,1,1,0,1,0,1,0,0,1,0,0,0,0,0,20,0,438479,0,0,1000,0,31.833518521226424,534.6334780835041,0,1,0,0,0,0,0,0,0.0,0,0,0,20,0,0,0,0,0,0,1,0,0,0,36653,62582,0,20,0,0,0,0,0,0,0,0,PortScan
80,3346388,350,2,223909,59,639,0,639,5.010510730660206,29,0,29,10.932436300074338,66928,105,9506,659.7194956200952,3346388,3,2677110,7648,0,2677110,0,2007832,1003916,0,2007832,0,0,0,0,0,7000,40,104,0,0,1500,636,95.87659399537343,624.2793244389467,0,1,0,0,0,0,0,0,0.01,636,639,29,7000,0,0,0,0,0,0,350,223909,2,59,35145,56665,349,20,0,0,0,0,0,0,0,0,DDoS
443,553551,206,1,88604,29,430,0,430,16.16617225934782,29,0,29,2.167839946339928,160118,373,2674,894.5832561663906,553551,5,442841,2149,0,442841,0,332131,332131,0,332131,0,0,0,0,0,4120,20,372,1,0,1500,428,1.7737368107672902,128.40482936517606,0,1,0,0,0,0,0,0,0.0,428,430,29,4120,0,0,0,0,0,0,206,88604,1,29,58203,46108,205,20,0,0,0,0,0,0,0,0,DDoS
123,2413,10,6,8457,2599,845,10,845,38.21626341674708,433,0,433,23.285278147352233,4581122,6629,150,590.887900162486,2413,2,1930,193,0,1930,0,1448,241,0,1448,0,0,0,0,0,200,120,4143,2485,0,1000,691,33.30510922155454,407.20089860225715,0,1,0,0,0,0,0,0,0.6,691,845,433,200,0,0,0,0,0,0,10,8457,6,2599,45609,42293,9,20,0,0,0,0,0,0,0,0,BENIGN
80,940,2,7,648,287,324,10,324,1.4017715318869028,41,0,41,21.95380630688985,994913,9573,104,170.76364731507076,940,4,752,376,0,752,0,564,80,0,564,0,0,0,0,0,40,140,2127,7446,0,1000,103,18.741253083357044,628.0206779297366,0,1,0,0,0,0,0,0,3.5,103,324,41,40,0,0,0,0,0,0,2,648,7,287,44934,36810,1,20,0,0,0,0,0,0,0,0,BENIGN
443,3322,5,12,953,8939,190,10,190,21.40435400482402,744,0,744,33.70727777307719,2977128,5115,195,557.3547652078388,3322,1,2658,531,0,2658,0,1993,166,0,1993,0,0,0,0,0,100,240,1504,3611,0,1000,581,77.93014535253835,606.983389292865,0,1,0,0,0,0,0,0,2.4,581,190,744,100,0,0,0,0,0,0,5,953,12,8939,36788,60763,4,20,0,0,0,0,0,0,0,0,BENIGN
443,737,2,12,1949,7096,974,10,974,46.35248311614571,591,0,591,9.545548111103802,12270011,18989,52,380.9774994643217,737,7,589,294,0,589,0,442,36,0,442,0,0,0,0,0,40,240,2712,16276,0,1000,646,24.45025830766081,818.9470737017305,0,1,0,0,0,0,0,0,6.0,646,974,591,40,0,0,0,0,0,0,2,1949,12,7096,65063,33544,1,20,0,0,0,0,0,0,0,0,BENIGN
443,571,2,8,1415,7922,707,10,707,43.65298758362846,990,0,990,21.423010420043774,16330808,17490,57,217.4096345697494,571,1,457,228,0,457,0,343,42,0,343,0,0,0,0,0,40,160,3498,13992,0,1000,933,1.0471877193898527,344.71604111478416,0,1,0,0,0,0,0,0,4.0,933,707,990,40,0,0,0,0,0,0,2,1415,8,7922,42905,53111,1,20,0,0,0,0,0,0,0,0,BENIGN
22,270799,36,98,1174,2327,32,0,32,49.287207566504065,23,0,23,23.70665618480713,12930,494,2020,846.6331670520143,270799,10,216639,6017,0,216639,0,162479,1657,0,162479,0,0,0,0,0,720,1960,132,361,0,1000,26,46.72580812247978,762.9566270388376,0,0,0,0,1,0,0,0,2.72,26,32,23,720,0,0,0,0,0,0,36,1174,98,2327,46934,39520,35,20,0,0,0,0,0,0,0,0,SSH-Patator
443,1566,5,4,4092,1544,818,10,818,41.71778988683074,386,0,386,32.90045529581357,3597082,5743,174,355.1694790371955,1566,8,1253,250,0,1253,0,940,235,0,940,0,0,0,0,0,100,80,3190,2552,0,1000,626,26.585024093025254,108.93137040097956,0,0,0,0,1,0,0,0,0.8,626,818,386,100,0,0,0,0,0,0,5,4092,4,1544,38677,53684,4,20,0,0,0,0,0,0,0,0,BENIGN
123,4829,10,12,4797,12896,479,10,479,32.186622375129204,1074,0,1074,12.217447566881672,3663272,4554,219,158.58127261053346,4829,10,3863,386,0,3863,0,2897,241,0,2897,0,0,0,0,0,200,240,2070,2484,0,1000,804,24.555301890956027,711.6619881791423,0,0,0,0,1,0,0,0,1.2,804,479,1074,200,0,0,0,0,0,0,10,4797,12,12896,52012,35468,9,20,0,0,0,0,0,0,0,0,BENIGN
22,2504,7,10,6526,3789,932,10,932,37.83031439765537,378,0,378,20.2292554671803,4118568,6786,147,639.0492652807743,2504,5,2003,286,0,2003,0,1502,150,0,1502,0,0,0,0,0,140,200,2794,3992,0,1000,606,61.63374979148691,73.33313569945743,0,0,0,0,1,0,0,0,1.43,606,932,378,140,0,0,0,0,0,0,7,6526,10,3789,62350,47139,6,20,0,0,0,0,0,0,0,0,BENIGN
80,4885,10,9,7203,3103,720,10,720,9.99177187221666,344,0,344,20.317165121939105,2109817,3889,257,580.2290833426606,4885,3,3908,390,0,3908,0,2931,325,0,2931,0,0,0,0,0,200,180,2046,1842,0,1000,542,75.71211605240926,933.2985565712103,0,1,0,0,0,0,0,0,0.9,542,720,344,200,0,0,0,0,0,0,10,7203,9,3103,50504,64457,9,20,0,0,0,0,0,0,0,0,BENIGN
22,942,7,3,2599,1316,371,10,371,37.35970961590374,438,0,438,2.932752051166998,4157102,10614,94,791.8669925729206,942,10,753,107,0,753,0,565,188,0,565,0,0,0,0,0,140,60,7430,3184,0,1000,391,53.50750161339683,883.4119361956224,0,1,0,0,0,0,0,0,0.43,391,371,438,140,0,0,0,0,0,0,7,2599,3,1316,57468,56215,6,20,0,0,0,0,0,0,0,0,BENIGN
8080,4753303,302,2,84435,83,279,0,279,11.828884151692327,41,0,41,5.897758831457928,17780,63,15635,796.8106902375071,4753303,9,3802643,12591,0,3802643,0,2851982,1425991,0,2851982,0,0,0,0,0,6040,40,63,0,0,1500,278,71.9684443535816,34.756102804180514,0,1,0,0,0,0,0,0,0.01,278,279,41,6040,0,0,0,0,0,0,302,84435,2,83,37419,56735,301,20,0,0,0,0,0,0,0,0,DDoS
123,203,1,5,559,2278,559,10,559,28.6999585070774,455,0,455,36.20631070880464,13951049,29498,33,757.8121427808655,203,2,162,162,0,162,0,122,24,0,122,0,0,0,0,0,20,100,4916,24581,0,1000,472,18.031805835511115,459.2113507258855,0,0,0,0,0,0,0,0,5.0,472,559,455,20,0,0,0,0,0,0,1,559,5,2278,46007,62505,0,20,0,0,0,0,0,0,0,0,BENIGN
443,2709,8,6,2329,4317,291,10,291,0.521117786292441,719,0,719,44.69942893143479,2452629,5166,193,454.7697662562258,2709,7,2167,270,0,2167,0,1625,270,0,1625,0,0,0,0,0,160,120,2952,2214,0,1000,474,63.552004991818364,707.6768803893075,0,1,0,0,0,0,0,0,0.75,474,291,719,160,0,0,0,0,0,0,8,2329,6,4317,36290,61439,7,20,0,0,0,0,0,0,0,0,BENIGN
8080,3762797,267,1,257893,15,965,0,965,6.942698885474751,15,0,15,40.00153054541513,68541,71,14040,513.16576500093,3762797,5,3010237,11274,0,3010237,0,2257678,2257678,0,2257678,0,0,0,0,0,5340,20,70,0,0,1500,962,87.16046346944405,970.1496109952042,0,1,0,0,0,0,0,0,0.0,962,965,15,5340,0,0,0,0,0,0,267,257893,1,15,54369,37112,266,20,0,0,0,0,0,0,0,0,DDoS
53,980,4,7,1386,6683,346,10,346,4.78959031866244,954,0,954,44.326261588188025,8226367,11213,89,444.8433761189773,980,9,784,196,0,784,0,588,84,0,588,0,0,0,0,0,80,140,4077,7135,0,1000,733,28.123770648518033,453.74672827189653,0,1,0,0,1,0,0,0,1.75,733,346,954,80,0,0,0,0,0,0,4,1386,7,6683,45264,44974,3,20,0,0,0,0,0,0,0,0,BENIGN
123,1813,7,8,3037,6314,433,10,433,17.887663706029638,789,0,789,40.58534087499611,5158166,8272,120,685.182034994972,1813,9,1450,207,0,1450,0,1087,135,0,1087,0,0,0,0,0,140,160,3860,4412,0,1000,623,86.57722819670401,848.021169682953,0,1,0,0,0,0,0,0,1.14,623,433,789,140,0,0,0,0,0,0,7,3037,8,6314,43413,43590,6,20,0,0,0,0,0,0,0,0,BENIGN
3306,220146,297,4,130504,7,439,0,439,21.54863841980345,1,0,1,35.05735224592501,592845,1367,731,683.4578883358931,220146,1,176117,592,0,176117,0,132087,33021,0,132087,0,0,0,0,0,5940,80,1349,18,0,1500,433,59.96677150358683,804.9024730453735,0,1,0,0,0,0,0,0,0.01,433,439,1,5940,0,0,0,0,0,0,297,130504,4,7,31586,42275,296,20,0,0,0,0,0,0,0,0,DDoS
123,448,3,10,188,8890,62,10,62,29.445515332200557,889,0,889,6.651731493179186,20226290,28959,34,701.2414657543585,448,6,359,119,0,359,0,269,26,0,269,0,0,0,0,0,60,200,6682,22276,0,1000,698,4.875556127262537,226.24568332386164,0,0,0,0,1,0,0,0,3.33,698,62,889,60,0,0,0,0,0,0,3,188,10,8890,54639,46450,2,20,0,0,0,0,0,0,0,0,BENIGN
80,4434,9,10,826,920,91,10,91,7.159187631508374,92,0,92,17.052696882696495,393998,4284,233,800.8680051165601,4434,5,3547,394,0,3547,0,2660,266,0,2660,0,0,0,0,0,180,200,2029,2254,0,1000,91,75.42456265922105,345.5770023337699,0,1,0,0,1,0,0,0,1.11,91,91,92,180,0,0,0,0,0,0,9,826,10,920,40473,62003,8,20,0,0,0,0,0,0,0,0,BENIGN
53,2293,2,5,1453,3473,726,10,726,39.623124498543596,694,0,694,5.470753896245473,2148183,3051,327,140.63343347780878,2293,5,1834,917,0,1834,0,1376,275,0,1376,0,0,0,0,0,40,100,871,2179,0,1000,703,20.304067689803816,831.2234386599346,0,0,0,0,1,0,0,0,2.5,703,726,694,40,0,0,0,0,0,0,2,1453,5,3473,52115,47705,1,20,0,0,0,0,0,0,0,0,BENIGN
80,4891,1,12,88,9975,88,10,88,16.246395675159963,831,0,831,44.77882256654134,2057354,2657,376,170.0404097314302,4891,4,3913,3913,0,3913,0,2934,244,0,2934,0,0,0,0,0,20,240,204,2453,0,1000,774,7.549716897483183,682.2238443859644,0,1,0,0,0,0,0,0,12.0,774,88,831,20,0,0,0,0,0,0,1,88,12,9975,40771,62467,0,20,0,0,0,0,0,0,0,0,BENIGN
123,612,4,5,1978,3096,494,10,494,35.77971724657831,619,0,619,14.386295079766137,8287841,14699,68,306.3957056582305,612,9,489,122,0,489,0,367,73,0,367,0,0,0,0,0,80,100,6532,8166,0,1000,563,70.14020403162155,786.6426352798243,0,1,0,0,1,0,0,0,1.25,563,494,619,80,0,0,0,0,0,0,4,1978,5,3096,65439,53473,3,20,0,0,0,0,0,0,0,0,BENIGN
123,4785,8,9,425,7563,53,10,53,4.556744103109789,840,0,840,4.332844499664751,1669401,3552,281,684.8892599911801,4785,7,3828,478,0,3828,0,2871,319,0,2871,0,0,0,0,0,160,180,1671,1880,0,1000,469,63.38688121839691,947.2144449404616,0,1,0,0,1,0,0,0,1.12,469,53,840,160,0,0,0,0,0,0,8,425,9,7563,61904,37963,7,20,0,0,0,0,0,0,0,0,BENIGN
53,2277,5,8,314,7336,62,10,62,13.005043678889116,917,0,917,25.231149602273284,3359276,5708,175,301.01517667393483,2277,8,1821,364,0,1821,0,1366,170,0,1366,0,0,0,0,0,100,160,2195,3512,0,1000,588,84.952415060807,710.2819805874358,0,1,0,0,0,0,0,0,1.6,588,62,917,100,0,0,0,0,0,0,5,314,8,7336,33986,42240,4,20,0,0,0,0,0,0,0,0,BENIGN
443,2826,10,11,7913,3656,791,10,791,20.86388733506781,332,0,332,25.99945956998475,4093356,7429,134,513.8455125483317,2826,1,2261,226,0,2261,0,1695,154,0,1695,0,0,0,0,0,200,220,3537,3891,0,1000,550,65.07030327328418,940.189299646081,0,1,0,0,1,0,0,0,1.1,550,791,332,200,0,0,0,0,0,0,10,7913,11,3656,43494,58536,9,20,0,0,0,0,0,0,0,0,BENIGN
123,1736,6,7,5231,6642,871,10,871,24.31480171888628,948,0,948,9.403413596727061,6837743,7486,133,298.3461925364893,1736,2,1389,231,0,1389,0,1041,148,0,1041,0,0,0,0,0,120,140,3455,4031,0,1000,913,42.87285678985532,981.3148870854013,0,1,0,0,0,0,0,0,1.17,913,871,948,120,0,0,0,0,0,0,6,5231,7,6642,58796,47189,5,20,0,0,0,0,0,0,0,0,BENIGN
80,652,5,2,3861,700,772,10,772,36.427684432961094,350,0,350,36.50963807761352,6994293,10732,93,499.51962581376296,652,4,521,104,0,521,0,391,195,0,391,0,0,0,0,0,100,40,7666,3066,0,1000,651,40.6966277311724,759.2799408851043,0,1,0,0,1,0,0,0,0.4,651,772,350,100,0,0,0,0,0,0,5,3861,2,700,33311,59611,4,20,0,0,0,0,0,0,0,0,BENIGN
53,3597,1,6,885,6731,885,10,885,5.081275294607512,1121,0,1121,9.022401541421814,2117476,1946,513,403.7380813814165,3597,10,2877,2877,0,2877,0,2158,359,0,2158,0,0,0,0,0,20,120,278,1668,0,1000,1088,45.52213893551008,963.4829045211392,0,0,0,0,1,0,0,0,6.0,1088,885,1121,20,0,0,0,0,0,0,1,885,6,6731,45207,45369,0,20,0,0,0,0,0,0,0,0,BENIGN
123,2145,7,3,1362,3500,194,10,194,20.72610675155665,1166,0,1166,10.197364007597349,2267310,4661,214,721.7786436756326,2145,1,1716,245,0,1716,0,1287,429,0,1287,0,0,0,0,0,140,60,3263,1398,0,1000,486,32.91482071354292,894.5354938837894,0,1,0,0,0,0,0,0,0.43,486,194,1166,140,0,0,0,0,0,0,7,1362,3,3500,31266,48659,6,20,0,0,0,0,0,0,0,0,BENIGN
53,1687,8,5,1388,2565,173,10,173,46.429431320937404,513,0,513,3.353823280076856,2342738,7701,129,62.59488462154861,1687,2,1350,168,0,1350,0,1012,202,0,1012,0,0,0,0,0,160,100,4739,2962,0,1000,304,28.909976843696583,488.3554877349019,0,1,0,0,0,0,0,0,0.62,304,173,513,160,0,0,0,0,0,0,8,1388,5,2565,35656,50140,7,20,0,0,0,0,0,0,0,0,BENIGN
443,3137,2,3,665,1185,332,10,332,39.81153526954096,395,0,395,42.443501068864094,590174,1593,627,860.2888216131751,3137,1,2509,1254,0,2509,0,1882,627,0,1882,0,0,0,0,0,40,60,637,956,0,1000,370,81.4665358152084,372.85961082027484,0,0,0,0,0,0,0,0,1.5,370,332,395,40,0,0,0,0,0,0,2,665,3,1185,38440,57204,1,20,0,0,0,0,0,0,0,0,BENIGN
123,2158,1,8,894,6527,894,10,894,48.744711912468595,815,0,815,0.008565198863780266,3439285,4170,239,249.80283539385695,2158,1,1726,1726,0,1726,0,1294,161,0,1294,0,0,0,0,0,20,160,463,3706,0,1000,824,44.77519316803429,231.88294060368997,0,1,0,0,1,0,0,0,8.0,824,894,815,20,0,0,0,0,0,0,1,894,8,6527,42530,39646,0,20,0,0,0,0,0,0,0,0,BENIGN
80,4680660,261,3,34464,39,132,0,132,42.726369292697974,13,0,13,10.14661757489273,7371,56,17729,973.3619080997465,4680660,3,3744528,14346,0,3744528,0,2808396,936132,0,2808396,0,0,0,0,0,5220,60,55,0,0,1500,130,69.00617240193938,310.874171339209,0,1,0,0,0,0,0,0,0.01,130,132,13,5220,0,0,0,0,0,0,261,34464,3,39,35014,37448,260,20,0,0,0,0,0,0,0,0,DDoS
8080,318631,136,3,87788,48,645,0,645,48.92230805943347,16,0,16,46.14242660458947,275669,436,2292,264.25958717988806,318631,8,254905,1874,0,254905,0,191178,63726,0,191178,0,0,0,0,0,2720,60,426,9,0,1500,631,48.837686307913096,528.3784224659545,0,1,0,0,0,0,0,0,0.02,631,645,16,2720,0,0,0,0,0,0,136,87788,3,48,39870,38828,135,20,0,0,0,0,0,0,0,0,DDoS
53,2247,1,8,580,4136,580,10,580,41.95869225230911,517,0,517,17.96278469398586,2098145,4003,249,684.0997452612183,2247,7,1798,1798,0,1798,0,1348,168,0,1348,0,0,0,0,0,20,160,444,3558,0,1000,524,76.73663495711985,887.2214225230612,0,0,0,0,0,0,0,0,8.0,524,580,517,20,0,0,0,0,0,0,1,580,8,4136,30484,31984,0,20,0,0,0,0,0,0,0,0,BENIGN
22,2556,9,6,7304,5738,811,10,811,9.496964982638573,956,0,956,8.979462790427178,5101015,5866,170,137.36557079696044,2556,8,2045,227,0,2045,0,1534,255,0,1534,0,0,0,0,0,180,120,3519,2346,0,1000,869,3.770915650611062,195.37219020288364,0,1,0,0,0,0,0,0,0.67,869,811,956,180,0,0,0,0,0,0,9,7304,6,5738,35451,33632,8,20,0,0,0,0,0,0,0,0,BENIGN
53,3747,2,3,1410,761,705,10,705,23.457777751869656,253,0,253,3.386184287187005,579620,1334,749,839.0813244904798,3747,6,2998,1499,0,2998,0,2248,749,0,2248,0,0,0,0,0,40,60,533,800,0,1000,434,35.36462286553731,480.35614445168227,0,0,0,0,1,0,0,0,1.5,434,705,253,40,0,0,0,0,0,0,2,1410,3,761,49714,58123,1,20,0,0,0,0,0,0,0,0,BENIGN
123,3944,10,2,4927,260,492,10,492,45.78477774095514,130,0,130,34.14743937561463,1315209,3042,328,560.5216549899307,3944,1,3155,315,0,3155,0,2366,1183,0,2366,0,0,0,0,0,200,40,2535,507,0,1000,432,91.12627762515297,993.2812195500662,0,1,0,0,1,0,0,0,0.2,432,492,130,200,0,0,0,0,0,0,10,4927,2,260,49043,54425,9,20,0,0,0,0,0,0,0,0,BENIGN
22,4812,7,2,1092,1531,156,10,156,45.95484511275728,765,0,765,18.777494320738725,545239,1869,534,505.35241097362484,4812,8,3850,550,0,3850,0,2887,1443,0,2887,0,0,0,0,0,140,40,1454,415,0,1000,291,1.9349124211958668,54.3657122693858,0,0,0,0,0,0,0,0,0.29,291,156,765,140,0,0,0,0,0,0,7,1092,2,1531,48028,45115,6,20,0,0,0,0,0,0,0,0,BENIGN
80,2862,1,8,421,7983,421,10,421,0.9435999946064089,997,0,997,40.676573981929984,2936105,3144,318,631.7834593368133,2862,1,2290,2290,0,2290,0,1717,214,0,1717,0,0,0,0,0,20,160,349,2794,0,1000,933,13.761374205417932,84.9707337505713,0,0,0,0,0,0,0,0,8.0,933,421,997,20,0,0,0,0,0,0,1,421,8,7983,41661,29349,0,20,0,0,0,0,0,0,0,0,BENIGN
80,4079,9,5,6117,4559,679,10,679,20.331306643605064,911,0,911,31.685019145187805,2617460,3431,291,704.940088845483,4079,4,3263,362,0,3263,0,2447,489,0,2447,0,0,0,0,0,180,100,2206,1225,0,1000,762,0.44496814331300705,472.01823832083966,0,1,0,0,0,0,0,0,0.56,762,679,911,180,0,0,0,0,0,0,9,6117,5,4559,57407,51152,8,20,0,0,0,0,0,0,0,0,BENIGN
123,3240,2,10,368,9521,184,10,184,33.346977574638316,952,0,952,6.3395101924235195,3051610,3702,270,76.07980528351987,3240,9,2592,1296,0,2592,0,1944,194,0,1944,0,0,0,0,0,40,200,617,3085,0,1000,824,20.400375369817613,31.498477531833323,0,0,0,0,0,0,0,0,5.0,824,184,952,40,0,0,0,0,0,0,2,368,10,9521,60195,50548,1,20,0,0,0,0,0,0,0,0,BENIGN
53,1596,10,7,5243,7008,524,10,524,7.2655852050305665,1001,0,1001,48.734618882707395,7674871,10648,93,41.93193365580217,1596,10,1277,127,0,1277,0,957,136,0,957,0,0,0,0,0,200,140,6264,4384,0,1000,720,4.3853643194978975,600.1743093576359,0,1,0,0,1,0,0,0,0.7,720,524,1001,200,0,0,0,0,0,0,10,5243,7,7008,45520,55630,9,20,0,0,0,0,0,0,0,0,BENIGN
53,1553,9,8,976,722,108,10,108,15.192207388124073,90,0,90,5.451919995377113,1093489,10944,91,40.774088807808305,1553,9,1242,138,0,1242,0,931,116,0,931,0,0,0,0,0,180,160,5794,5150,0,1000,99,39.51270938090248,33.53991275957324,0,0,0,0,1,0,0,0,0.89,99,108,90,180,0,0,0,0,0,0,9,976,8,722,58053,43076,8,20,0,0,0,0,0,0,0,0,BENIGN
123,3427,6,2,5952,1608,992,10,992,20.338769965024873,804,0,804,40.43331091858858,2206060,2333,428,560.5705680920763,3427,3,2742,457,0,2742,0,2056,1028,0,2056,0,0,0,0,0,120,40,1750,583,0,1000,945,61.64688287178065,465.55148141073323,0,0,0,0,0,0,0,0,0.33,945,992,804,120,0,0,0,0,0,0,6,5952,2,1608,58838,31534,5,20,0,0,0,0,0,0,0,0,BENIGN
123,3147,10,3,8604,2178,860,10,860,23.75552226943239,726,0,726,47.959403114149765,3425920,4130,242,446.5711341155876,3147,6,2517,251,0,2517,0,1888,629,0,1888,0,0,0,0,0,200,60,3177,953,0,1000,829,17.27708294733533,111.09176018070855,0,1,0,0,1,0,0,0,0.3,829,860,726,200,0,0,0,0,0,0,10,8604,3,2178,38437,49339,9,20,0,0,0,0,0,0,0,0,BENIGN
22,38917,53,40,3781,1386,71,0,71,3.978907410549415,34,0,34,35.692020742282324,132777,2389,418,556.2281942313178,38917,9,31134,587,0,31134,0,23350,583,0,23350,0,0,0,0,0,1060,800,1361,1027,0,1000,55,75.69746158692209,941.8982439807246,0,0,0,0,1,0,0,0,0.75,55,71,34,1060,0,0,0,0,0,0,53,3781,40,1386,48976,30188,52,20,0,0,0,0,0,0,0,0,SSH-Patator
22,344,9,8,6273,3214,697,10,697,29.95060404177331,401,0,401,49.311285536613326,27539199,49344,20,573.802550109086,344,4,275,30,0,275,0,206,25,0,206,0,0,0,0,0,180,160,26123,23220,0,1000,558,64.57017527956913,851.8788891975088,0,1,0,0,1,0,0,0,0.89,558,697,401,180,0,0,0,0,0,0,9,6273,8,3214,51801,48227,8,20,0,0,0,0,0,0,0,0,BENIGN
22,4948,5,6,2004,5782,400,10,400,34.65917431798929,963,0,963,21.168256391114298,1573638,2222,449,963.292144454724,4948,1,3958,791,0,3958,0,2969,494,0,2969,0,0,0,0,0,100,120,1010,1212,0,1000,707,31.27428819009238,23.024462975747785,0,0,0,0,1,0,0,0,1.2,707,400,963,100,0,0,0,0,0,0,5,2004,6,5782,47829,36513,4,20,0,0,0,0,0,0,0,0,BENIGN
443,3264,8,6,5602,5656,700,10,700,18.076868047509354,942,0,942,46.51693758934883,3448717,4288,233,168.6676855934348,3264,5,2611,326,0,2611,0,1958,326,0,1958,0,0,0,0,0,160,120,2450,1837,0,1000,804,99.3091685751711,94.45913031003417,0,0,0,0,0,0,0,0,0.75,804,700,942,160,0,0,0,0,0,0,8,5602,6,5656,52202,65433,7,20,0,0,0,0,0,0,0,0,BENIGN
443,1006434,118,5,64943,61,550,0,550,22.228844939201604,12,0,12,14.657119626060155,64589,122,8182,972.4409783078887,1006434,6,805147,6823,0,805147,0,603860,120772,0,603860,0,0,0,0,0,2360,100,117,4,0,1500,528,79.49315312859865,467.92597296766394,0,1,0,0,0,0,0,0,0.04,528,550,12,2360,0,0,0,0,0,0,118,64943,5,61,60239,61332,117,20,0,0,0,0,0,0,0,0,DDoS
22,4007,10,6,7423,1333,742,10,742,16.817005244034455,222,0,222,44.19471402258616,2185017,3992,250,646.3374184159451,4007,4,3206,320,0,3206,0,2404,400,0,2404,0,0,0,0,0,200,120,2495,1497,0,1000,547,57.58741188331176,525.7827151539683,0,1,0,0,1,0,0,0,0.6,547,742,222,200,0,0,0,0,0,0,10,7423,6,1333,40000,60245,9,20,0,0,0,0,0,0,0,0,BENIGN
80,4287,2,2,1326,1493,663,10,663,31.64011113220167,746,0,746,25.50282346352606,657637,932,1071,785.8913179812716,4287,9,3429,1714,0,3429,0,2572,1286,0,2572,0,0,0,0,0,40,40,466,466,0,1000,704,87.96023728097828,483.35997099744196,0,0,0,0,1,0,0,0,1.0,704,663,746,40,0,0,0,0,0,0,2,1326,2,1493,39023,64928,1,20,0,0,0,0,0,0,0,0,BENIGN
53,2761,2,2,1831,1060,915,10,915,27.234390074923414,530,0,530,14.734056512445548,1047556,1448,690,667.7861927335329,2761,1,2208,1104,0,2208,0,1656,828,0,1656,0,0,0,0,0,40,40,724,724,0,1000,723,63.44979962392186,562.9870531649312,0,0,0,0,0,0,0,0,1.0,723,915,530,40,0,0,0,0,0,0,2,1831,2,1060,52601,48756,1,20,0,0,0,0,0,0,0,0,BENIGN
53,2889,8,11,3863,12564,482,10,482,37.59709904490718,1142,0,1142,28.47933162465261,5685554,6575,152,140.53360121313142,2889,10,2311,288,0,2311,0,1733,157,0,1733,0,0,0,0,0,160,220,2768,3806,0,1000,864,41.48024747310164,545.3283426676545,0,0,0,0,0,0,0,0,1.38,864,482,1142,160,0,0,0,0,0,0,8,3863,11,12564,41735,51743,7,20,0,0,0,0,0,0,0,0,BENIGN
443,3263,4,4,613,1157,153,10,153,24.757737842563373,289,0,289,34.575842602298415,542447,2451,407,742.889411788768,3263,7,2611,652,0,2611,0,1958,489,0,1958,0,0,0,0,0,80,80,1225,1225,0,1000,221,84.2558718735182,363.9850055124162,0,1,0,0,0,0,0,0,1.0,221,153,289,80,0,0,0,0,0,0,4,613,4,1157,65255,34635,3,20,0,0,0,0,0,0,0,0,BENIGN
22,3779,9,2,4666,1253,518,10,518,35.92150428044894,626,0,626,22.435780012800866,1566267,2910,343,534.6576802047291,3779,4,3023,335,0,3023,0,2267,1133,0,2267,0,0,0,0,0,180,40,2381,529,0,1000,538,41.398014436762075,803.3551898244832,0,0,0,0,0,0,0,0,0.22,538,518,626,180,0,0,0,0,0,0,9,4666,2,1253,48349,63812,8,20,0,0,0,0,0,0,0,0,BENIGN
53,4211,4,8,3298,7234,824,10,824,33.96781333796894,904,0,904,15.391073526206883,2500988,2849,350,38.25042581498506,4211,2,3368,842,0,3368,0,2526,315,0,2526,0,0,0,0,0,80,160,949,1899,0,1000,877,70.01282850833128,656.862958127875,0,1,0,0,1,0,0,0,2.0,877,824,904,80,0,0,0,0,0,0,4,3298,8,7234,30530,56988,3,20,0,0,0,0,0,0,0,0,BENIGN
3306,2794853,192,0,45630,0,237,0,237,40.31914797131304,0,0,0,17.854397044528884,16326,68,14556,657.9676212921195,2794853,7,2235882,11645,0,2235882,0,1676912,0,0,1676912,0,0,0,0,0,3840,0,68,0,0,1500,237,37.988917360097865,900.7858137461541,0,1,0,0,0,0,0,0,0.0,237,237,0,3840,0,0,0,0,0,0,192,45630,0,0,49889,43596,191,20,0,0,0,0,0,0,0,0,DDoS
22,163011,30,84,1232,4397,41,0,41,49.989569033669795,52,0,52,40.761292804882544,34539,699,1429,259.89213061742356,163011,9,130409,4346,0,130409,0,97806,1164,0,97806,0,0,0,0,0,600,1680,184,515,0,1000,49,21.42899149499985,12.315642537080173,0,0,0,0,1,0,0,0,2.8,49,41,52,600,0,0,0,0,0,0,30,1232,84,4397,32630,36652,29,20,0,0,0,0,0,0,0,0,SSH-Patator
443,330,6,5,2086,5848,347,10,347,33.59961968828146,1169,0,1169,39.797919329584985,23997830,33267,30,418.73841530094614,330,4,264,44,0,264,0,198,39,0,198,0,0,0,0,0,120,100,18145,15121,0,1000,721,70.10624781151633,448.8510469373745,0,1,0,0,1,0,0,0,0.83,721,347,1169,120,0,0,0,0,0,0,6,2086,5,5848,32367,42080,5,20,0,0,0,0,0,0,0,0,BENIGN
123,4665,2,12,198,8318,99,10,99,49.74280718943374,693,0,693,31.697530359362425,1825327,3000,333,70.18330462446332,4665,9,3732,1866,0,3732,0,2799,233,0,2799,0,0,0,0,0,40,240,428,2571,0,1000,608,68.09295546115072,599.6114195869238,0,0,0,0,1,0,0,0,6.0,608,99,693,40,0,0,0,0,0,0,2,198,12,8318,34722,31187,1,20,0,0,0,0,0,0,0,0,BENIGN
443,186,6,1,4520,492,753,10,753,1.0443629571396884,492,0,492,37.834474726301885,26917466,37588,26,786.7135750979558,186,8,148,24,0,148,0,111,111,0,111,0,0,0,0,0,120,20,32219,5369,0,1000,716,95.74198623961239,1.932048796900232,0,1,0,0,1,0,0,0,0.17,716,753,492,120,0,0,0,0,0,0,6,4520,1,492,49556,47067,5,20,0,0,0,0,0,0,0,0,BENIGN
22,4702,5,8,1305,5572,261,10,261,40.43145867267406,696,0,696,4.928618307567051,1462637,2764,361,409.2414606347449,4702,9,3762,752,0,3762,0,2821,352,0,2821,0,0,0,0,0,100,160,1063,1701,0,1000,529,73.82465563290445,992.0683044548235,0,0,0,0,0,0,0,0,1.6,529,261,696,100,0,0,0,0,0,0,5,1305,8,5572,37135,56821,4,20,0,0,0,0,0,0,0,0,BENIGN
22,4754,7,7,2736,7698,390,10,390,30.27967742453995,1099,0,1099,49.711152499379935,2194701,2944,339,115.60236067443785,4754,4,3803,543,0,3803,0,2852,407,0,2852,0,0,0,0,0,140,140,1472,1472,0,1000,745,99.28032514717398,409.46607158316584,0,0,0,0,1,0,0,0,1.0,745,390,1099,140,0,0,0,0,0,0,7,2736,7,7698,50981,58685,6,20,0,0,0,0,0,0,0,0,BENIGN
3306,3280652,63,0,46267,0,734,0,734,47.46826055800772,0,0,0,38.546159040124856,14103,19,52073,734.686596528266,3280652,1,2624521,41659,0,2624521,0,1968391,0,0,1968391,0,0,0,0,0,1260,0,19,0,0,1500,734,11.00827505125258,114.48766872142014,0,1,0,0,0,0,0,0,0.0,734,734,0,1260,0,0,0,0,0,0,63,46267,0,0,35703,51541,62,20,0,0,0,0,0,0,0,0,DDoS
123,138,2,12,1414,8485,707,10,707,10.718253731212362,707,0,707,25.77819433787541,71704674,101405,9,691.047646733589,138,10,110,55,0,110,0,82,6,0,82,0,0,0,0,0,40,240,14486,86918,0,1000,707,97.20437875043582,561.6558931279857,0,1,0,0,1,0,0,0,6.0,707,707,707,40,0,0,0,0,0,0,2,1414,12,8485,45612,43118,1,20,0,0,0,0,0,0,0,0,BENIGN
22,449453,76,61,1853,1954,24,0,24,42.25086581717715,32,0,32,24.69456991894255,8472,304,3280,912.9502924517433,449453,5,359562,4731,0,359562,0,269672,4420,0,269672,0,0,0,0,0,1520,1220,169,135,0,1000,27,18.468295707700833,293.5321112667726,0,0,0,0,1,0,0,0,0.8,27,24,32,1520,0,0,0,0,0,0,76,1853,61,1954,38467,37894,75,20,0,0,0,0,0,0,0,0,SSH-Patator
22,1424,2,8,1330,6532,665,10,665,9.122583811465201,816,0,816,6.443507762103784,5518537,7018,142,603.5874519770753,1424,5,1139,569,0,1139,0,854,106,0,854,0,0,0,0,0,40,160,1403,5614,0,1000,786,95.09210480949852,125.08997415965051,0,1,0,0,0,0,0,0,4.0,786,665,816,40,0,0,0,0,0,0,2,1330,8,6532,55199,30191,1,20,0,0,0,0,0,0,0,0,BENIGN
443,4850,10,1,7900,933,790,10,790,4.3585470515850435,933,0,933,17.70744290945509,1821167,2267,440,117.6471303157789,4850,5,3880,388,0,3880,0,2910,2910,0,2910,0,0,0,0,0,200,20,2061,206,0,1000,803,47.34572012539297,229.02465404018247,0,1,0,0,1,0,0,0,0.1,803,790,933,200,0,0,0,0,0,0,10,7900,1,933,46582,38311,9,20,0,0,0,0,0,0,0,0,BENIGN
22,4998,9,4,7268,4686,807,10,807,44.7979759259166,1171,0,1171,37.55188366876414,2391697,2600,384,168.7584965562433,4998,4,3998,444,0,3998,0,2999,749,0,2999,0,0,0,0,0,180,80,1800,800,0,1000,919,50.48953881023978,153.72847164351245,0,0,0,0,1,0,0,0,0.44,919,807,1171,180,0,0,0,0,0,0,9,7268,4,4686,64006,46249,8,20,0,0,0,0,0,0,0,0,BENIGN
53,2981,1,7,568,6658,568,10,568,41.11343378523311,951,0,951,32.43130370897311,2423664,2682,372,538.2417195296243,2981,6,2385,2385,0,2385,0,1789,255,0,1789,0,0,0,0,0,20,140,335,2347,0,1000,903,19.741668217039667,370.9132449881901,0,0,0,0,1,0,0,0,7.0,903,568,951,20,0,0,0,0,0,0,1,568,7,6658,34298,29869,0,20,0,0,0,0,0,0,0,0,BENIGN
443,904014,284,1,389619,6,1371,0,1371,26.600975123414255,6,0,6,30.184686066044307,430996,315,3171,407.2747893120396,904014,9,723211,2546,0,723211,0,542408,542408,0,542408,0,0,0,0,0,5680,20,314,1,0,1500,1367,9.543537567633297,457.11885239197557,0,1,0,0,0,0,0,0,0.0,1367,1371,6,5680,0,0,0,0,0,0,284,389619,1,6,47964,57407,283,20,0,0,0,0,0,0,0,0,DDoS
123,1701,3,5,1255,2087,418,10,418,46.96404010345406,417,0,417,26.81299770549449,1965153,4702,212,253.45705089379334,1701,8,1361,453,0,1361,0,1020,204,0,1020,0,0,0,0,0,60,100,1763,2938,0,1000,417,46.6326776073516,897.2838727819055,0,0,0,0,0,0,0,0,1.67,417,418,417,60,0,0,0,0,0,0,3,1255,5,2087,37479,45395,2,20,0,0,0,0,0,0,0,0,BENIGN
80,1889655,216,4,228887,1,1059,0,1059,6.798713272448681,0,0,0,14.885139781153367,121127,116,8589,192.52809205699782,1889655,7,1511724,6998,0,1511724,0,1133793,283448,0,1133793,0,0,0,0,0,4320,80,114,2,0,1500,1040,45.90430786650447,939.6030772887646,0,1,0,0,0,0,0,0,0.02,1040,1059,0,4320,0,0,0,0,0,0,216,228887,4,1,36015,39363,215,20,0,0,0,0,0,0,0,0,DDoS
22,3502,9,4,4174,1474,463,10,463,16.549868536243338,368,0,368,4.509664341854997,1612492,3711,269,363.8257087187748,3502,10,2802,311,0,2802,0,2101,525,0,2101,0,0,0,0,0,180,80,2569,1141,0,1000,434,31.591612168528137,339.9416794127993,0,1,0,0,1,0,0,0,0.44,434,463,368,180,0,0,0,0,0,0,9,4174,4,1474,29805,34522,8,20,0,0,0,0,0,0,0,0,BENIGN
53,1084,8,2,6824,900,853,10,853,10.843959738435139,450,0,450,28.57014326488064,7120986,9217,108,956.975582167164,1084,3,867,108,0,867,0,650,325,0,650,0,0,0,0,0,160,40,7373,1843,0,1000,772,65.4467276193623,88.55160067215806,0,1,0,0,0,0,0,0,0.25,772,853,450,160,0,0,0,0,0,0,8,6824,2,900,53201,30549,7,20,0,0,0,0,0,0,0,0,BENIGN
123,3519,8,10,7215,9222,901,10,901,38.15407637598895,922,0,922,2.3402168812401483,4670893,5114,195,431.5587805672512,3519,4,2815,351,0,2815,0,2111,211,0,2111,0,0,0,0,0,160,200,2273,2841,0,1000,913,75.9363273569204,74.3884180747919,0,0,0,0,1,0,0,0,1.25,913,901,922,160,0,0,0,0,0,0,8,7215,10,9222,45644,55484,7,20,0,0,0,0,0,0,0,0,BENIGN
80,707,7,12,309,3925,44,10,44,30.127211837756647,327,0,327,38.870981589635086,5981942,26841,37,830.4360074106452,707,9,566,80,0,566,0,424,35,0,424,0,0,0,0,0,140,240,9889,16952,0,1000,222,86.2249349516236,508.58030333891446,0,1,0,0,1,0,0,0,1.71,222,44,327,140,0,0,0,0,0,0,7,309,12,3925,50788,41092,6,20,0,0,0,0,0,0,0,0,BENIGN
3306,2611179,484,1,347465,8,717,0,717,5.97645495016566,8,0,8,5.508290559985152,133071,185,5383,701.5776383326421,2611179,3,2088943,4315,0,2088943,0,1566707,1566707,0,1566707,0,0,0,0,0,9680,20,185,0,0,1500,716,54.060275649336695,265.9801243339154,0,1,0,0,0,0,0,0,0.0,716,717,8,9680,0,0,0,0,0,0,484,347465,1,8,49920,31559,483,20,0,0,0,0,0,0,0,0,DDoS
80,4673,8,12,794,2832,99,10,99,43.265386511821504,236,0,236,8.386141409057373,775822,4279,233,371.67372872174053,4673,1,3739,467,0,3739,0,2804,233,0,2804,0,0,0,0,0,160,240,1711,2567,0,1000,181,26.17353179700205,67.67837734908,0,0,0,0,1,0,0,0,1.5,181,99,236,160,0,0,0,0,0,0,8,794,12,2832,42320,38655,7,20,0,0,0,0,0,0,0,0,BENIGN
38830,78,2,0,0,0,0,0,0,23.401649795689416,0,0,0,24.623138459270415,0,25363,39,926.1573277918429,78,6,63,31,0,63,0,47,0,0,47,0,0,0,0,0,40,0,25363,0,0,1000,0,55.68117168358477,286.0151559754113,0,1,0,0,0,0,0,0,0.0,0,0,0,40,0,0,0,0,0,0,2,0,0,0,46058,38414,1,20,0,0,0,0,0,0,0,0,PortScan
80,3692,5,10,803,11291,160,10,160,42.976861793119994,1129,0,1129,24.22465475460129,3275960,4062,246,842.0784646309021,3692,2,2953,590,0,2953,0,2215,221,0,2215,0,0,0,0,0,100,200,1354,2708,0,1000,806,25.514963840558046,72.64421653006625,0,1,0,0,0,0,0,0,2.0,806,160,1129,100,0,0,0,0,0,0,5,803,10,11291,42427,51586,4,20,0,0,0,0,0,0,0,0,BENIGN
22,3628,6,7,5019,7822,836,10,836,36.966738226668014,1117,0,1117,27.618989939040784,3539270,3582,279,712.3358348195451,3628,7,2902,483,0,2902,0,2177,311,0,2177,0,0,0,0,0,120,140,1653,1929,0,1000,987,3.3250352095653857,369.4291622356719,0,0,0,0,0,0,0,0,1.17,987,836,1117,120,0,0,0,0,0,0,6,5019,7,7822,63469,45207,5,20,0,0,0,0,0,0,0,0,BENIGN
22,2248,7,9,3275,6116,467,10,467,11.74878345373318,679,0,679,24.621307752410683,4176945,7116,140,708.9019854481104,2248,5,1798,256,0,1798,0,1349,149,0,1349,0,0,0,0,0,140,180,3113,4002,0,1000,586,4.299722939999029,478.4582720756011,0,0,0,0,0,0,0,0,1.29,586,467,679,140,0,0,0,0,0,0,7,3275,9,6116,64089,65312,6,20,0,0,0,0,0,0,0,0,BENIGN
443,3595,8,7,4654,5385,581,10,581,28.059173518447512,769,0,769,8.087215727091795,2792699,4172,239,612.1785237351313,3595,7,2876,359,0,2876,0,2157,308,0,2157,0,0,0,0,0,160,140,2225,1947,0,1000,669,27.21136291077445,240.2788250922222,0,0,0,0,1,0,0,0,0.88,669,581,769,160,0,0,0,0,0,0,8,4654,7,5385,30079,48780,7,20,0,0,0,0,0,0,0,0,BENIGN
22,2652,2,3,1841,1750,920,10,920,48.6936824656496,583,0,583,49.26136091476643,1354167,1885,530,431.02691452138185,2652,1,2121,1060,0,2121,0,1591,530,0,1591,0,0,0,0,0,40,60,754,1131,0,1000,718,58.80605543592229,971.6625735697913,0,0,0,0,0,0,0,0,1.5,718,920,583,40,0,0,0,0,0,0,2,1841,3,1750,40416,31049,1,20,0,0,0,0,0,0,0,0,BENIGN
443,4922983,94,1,38186,36,406,0,406,26.31529864221559,36,0,36,14.609199955550544,7764,19,51820,870.2737089815247,4922983,8,3938386,41897,0,3938386,0,2953790,2953790,0,2953790,0,0,0,0,0,1880,20,19,0,0,1500,402,40.50073736985147,282.23252129092504,0,1,0,0,0,0,0,0,0.01,402,406,36,1880,0,0,0,0,0,0,94,38186,1,36,36281,50815,93,20,0,0,0,0,0,0,0,0,DDoS
34759,100,2,0,0,0,0,0,0,20.05319817738383,0,0,0,44.58041176021093,0,19838,50,67.14288861955097,100,3,80,40,0,80,0,60,0,0,60,0,0,0,0,0,40,0,19838,0,0,1000,0,23.86709630917707,38.71784325661609,0,1,0,0,0,0,0,0,0.0,0,0,0,40,0,0,0,0,0,0,2,0,0,0,56779,51465,1,20,0,0,0,0,0,0,0,0,PortScan
123,3689,4,12,807,9489,201,10,201,24.674627779720538,790,0,790,43.164999093621255,2791135,4337,230,301.2724603477807,3689,7,2951,737,0,2951,0,2213,184,0,2213,0,0,0,0,0,80,240,1084,3252,0,1000,643,29.649526738222033,564.8458951012107,0,0,0,0,0,0,0,0,3.0,643,201,790,80,0,0,0,0,0,0,4,807,12,9489,65187,50672,3,20,0,0,0,0,0,0,0,0,BENIGN
443,2228,9,10,7854,10752,872,10,872,40.47353495202265,1075,0,1075,23.05115593903612,8349482,8525,117,434.78888706281504,2228,7,1782,198,0,1782,0,1337,133,0,1337,0,0,0,0,0,180,200,4038,4487,0,1000,979,27.674357975481023,109.26864534279801,0,1,0,0,1,0,0,0,1.11,979,872,1075,180,0,0,0,0,0,0,9,7854,10,10752,31230,44028,8,20,0,0,0,0,0,0,0,0,BENIGN
22,775,2,4,1866,4322,933,10,933,42.33665958111431,1080,0,1080,2.178418238390356,7985635,7741,129,508.5783175611938,775,2,620,310,0,620,0,465,116,0,465,0,0,0,0,0,40,80,2580,5161,0,1000,1031,42.57325156996268,229.3462239249896,0,0,0,0,1,0,0,0,2.0,1031,933,1080,40,0,0,0,0,0,0,2,1866,4,4322,59289,57028,1,20,0,0,0,0,0,0,0,0,BENIGN
53,259,9,12,5898,5320,655,10,655,41.88619087113648,443,0,443,47.957043254471934,43152832,80777,12,192.62459484688986,259,7,207,23,0,207,0,155,12,0,155,0,0,0,0,0,180,240,34618,46158,0,1000,534,15.568968187583554,927.022894570295,0,1,0,0,0,0,0,0,1.33,534,655,443,180,0,0,0,0,0,0,9,5898,12,5320,40720,54208,8,20,0,0,0,0,0,0,0,0,BENIGN
443,159,5,4,4784,2142,956,10,956,19.112078391320175,535,0,535,1.3277803860696824,43395913,56376,17,751.5041252047988,159,8,127,25,0,127,0,95,23,0,95,0,0,0,0,0,100,80,31320,25056,0,1000,769,38.40938722242009,415.92243445130373,0,0,0,0,0,0,0,0,0.8,769,956,535,100,0,0,0,0,0,0,5,4784,4,2142,36638,63653,4,20,0,0,0,0,0,0,0,0,BENIGN
22,1169,4,11,198,6624,49,10,49,37.343257105860694,602,0,602,4.172153532030021,5834636,12825,77,735.9742572945632,1169,10,935,233,0,935,0,701,63,0,701,0,0,0,0,0,80,220,3420,9405,0,1000,454,67.21225882947755,608.9427827104527,0,0,0,0,0,0,0,0,2.75,454,49,602,80,0,0,0,0,0,0,4,198,11,6624,53442,44014,3,20,0,0,0,0,0,0,0,0,BENIGN
443,256,8,1,2138,442,267,10,267,27.331574640770935,442,0,442,32.13722402926687,10059746,35074,28,68.10224189918357,256,3,205,25,0,205,0,153,153,0,153,0,0,0,0,0,160,20,31177,3897,0,1000,286,32.78879108549039,62.41143340543953,0,1,0,0,1,0,0,0,0.12,286,267,442,160,0,0,0,0,0,0,8,2138,1,442,50637,32852,7,20,0,0,0,0,0,0,0,0,BENIGN
80,143313,116,4,83793,194,722,0,722,23.840582834749895,48,0,48,5.501017085162574,586046,837,1194,711.3546629557444,143313,9,114650,988,0,114650,0,85988,21497,0,85988,0,0,0,0,0,2320,80,809,27,0,1500,699,54.72202595134013,253.86406929202553,0,1,0,0,0,0,0,0,0.03,699,722,48,2320,0,0,0,0,0,0,116,83793,4,194,52835,50058,115,20,0,0,0,0,0,0,0,0,DDoS
443,607141,262,4,69794,127,266,0,266,26.881684725058857,31,0,31,35.608489544408805,115164,438,2282,934.2981753757969,607141,6,485712,1853,0,485712,0,364284,91071,0,364284,0,0,0,0,0,5240,80,431,6,0,1500,262,84.27232106583224,356.4099804990949,0,1,0,0,0,0,0,0,0.02,262,266,31,5240,0,0,0,0,0,0,262,69794,4,127,30947,56514,261,20,0,0,0,0,0,0,0,0,DDoS
80,4508,3,10,2895,10592,965,10,965,47.01591989154064,1059,0,1059,33.10188643663189,2991592,2883,346,738.5773605121084,4508,4,3606,1202,0,3606,0,2705,270,0,2705,0,0,0,0,0,60,200,665,2218,0,1000,1037,61.293143079381565,742.3181223969989,0,1,0,0,0,0,0,0,3.33,1037,965,1059,60,0,0,0,0,0,0,3,2895,10,10592,52629,30947,2,20,0,0,0,0,0,0,0,0,BENIGN
443,4002,6,9,4392,9446,732,10,732,19.59016674879076,1049,0,1049,0.6365895963080126,3457920,3748,266,752.1776834858699,4002,6,3201,533,0,3201,0,2401,266,0,2401,0,0,0,0,0,120,180,1499,2248,0,1000,922,84.1166132784848,543.4318265473853,0,0,0,0,0,0,0,0,1.5,922,732,1049,120,0,0,0,0,0,0,6,4392,9,9446,40178,56937,5,20,0,0,0,0,0,0,0,0,BENIGN
123,4688,9,2,417,304,46,10,46,1.5364761310172226,152,0,152,26.14137516535274,153775,2345,426,475.73558860585075,4688,7,3751,416,0,3751,0,2813,1406,0,2813,0,0,0,0,0,180,40,1919,426,0,1000,65,23.351950313098158,586.5400961717291,0,0,0,0,1,0,0,0,0.22,65,46,152,180,0,0,0,0,0,0,9,417,2,304,52091,53119,8,20,0,0,0,0,0,0,0,0,BENIGN
80,110,4,4,2940,518,735,10,735,8.843486491551722,129,0,129,21.768097707481797,31167553,72084,13,698.2172512412047,110,7,88,22,0,88,0,66,16,0,66,0,0,0,0,0,80,80,36042,36042,0,1000,432,68.07023349336639,85.71481530388358,0,0,0,0,0,0,0,0,1.0,432,735,129,80,0,0,0,0,0,0,4,2940,4,518,31507,29794,3,20,0,0,0,0,0,0,0,0,BENIGN
53,2730,1,12,43,10177,43,10,43,39.809478545807075,848,0,848,15.894834151624188,3743470,4761,210,427.1322503316999,2730,3,2184,2184,0,2184,0,1638,136,0,1638,0,0,0,0,0,20,240,366,4395,0,1000,786,11.22211266066364,684.4254819151666,0,0,0,0,1,0,0,0,12.0,786,43,848,20,0,0,0,0,0,0,1,43,12,10177,42448,35026,0,20,0,0,0,0,0,0,0,0,BENIGN
443,2456,1,12,132,8346,132,10,132,22.974990345206976,695,0,695,15.371506943652651,3451454,5291,188,49.87008254102976,2456,8,1965,1965,0,1965,0,1473,122,0,1473,0,0,0,0,0,20,240,407,4884,0,1000,652,38.62168805806034,680.7013025653853,0,0,0,0,1,0,0,0,12.0,652,132,695,20,0,0,0,0,0,0,1,132,12,8346,60741,56493,0,20,0,0,0,0,0,0,0,0,BENIGN
22,4088,8,4,1244,621,155,10,155,13.218574789430921,155,0,155,30.515039851981168,456274,2935,340,533.0686548858931,4088,6,3270,408,0,3270,0,2452,613,0,2452,0,0,0,0,0,160,80,1956,978,0,1000,155,46.04260325570583,110.39212477833304,0,1,0,0,0,0,0,0,0.5,155,155,155,160,0,0,0,0,0,0,8,1244,4,621,56753,48463,7,20,0,0,0,0,0,0,0,0,BENIGN
80,2089,10,1,1932,983,193,10,193,26.67764537783963,983,0,983,10.662602591956071,1395699,5263,189,285.20413979739203,2089,4,1671,167,0,1671,0,1253,1253,0,1253,0,0,0,0,0,200,20,4785,478,0,1000,265,5.819019303938122,906.8400205199567,0,1,0,0,0,0,0,0,0.1,265,193,983,200,0,0,0,0,0,0,10,1932,1,983,39245,34670,9,20,0,0,0,0,0,0,0,0,BENIGN
443,1833,7,8,401,6555,57,10,57,31.388942160374928,819,0,819,10.067767822297451,3794024,8179,122,83.96661701855857,1833,2,1467,209,0,1467,0,1100,137,0,1100,0,0,0,0,0,140,160,3816,4362,0,1000,463,38.54098046931509,226.2142758073349,0,0,0,0,0,0,0,0,1.14,463,57,819,140,0,0,0,0,0,0,7,401,8,6555,31862,55644,6,20,0,0,0,0,0,0,0,0,BENIGN
443,3306941,378,0,43705,0,115,0,115,47.0036589413451,0,0,0,21.5632120729534,13216,114,8748,156.76841047590838,3306941,9,2645553,6998,0,2645553,0,1984165,0,0,1984165,0,0,0,0,0,7560,0,114,0,0,1500,115,12.153631435463675,435.83321762846396,0,1,0,0,0,0,0,0,0.0,115,115,0,7560,0,0,0,0,0,0,378,43705,0,0,33795,40028,377,20,0,0,0,0,0,0,0,0,DDoS
123,4127,3,7,213,1188,71,10,71,24.215296832275936,169,0,169,5.1425738511808206,339538,2422,412,80.84384692086711,4127,5,3301,1100,0,3301,0,2476,353,0,2476,0,0,0,0,0,60,140,726,1696,0,1000,140,57.40709311470984,308.2351283822936,0,1,0,0,0,0,0,0,2.33,140,71,169,60,0,0,0,0,0,0,3,213,7,1188,30731,45854,2,20,0,0,0,0,0,0,0,0,BENIGN
123,4166,5,10,4159,3129,831,10,831,28.514281692999706,312,0,312,0.5886252272397419,1749573,3600,277,10.442916649096468,4166,10,3332,666,0,3332,0,2499,249,0,2499,0,0,0,0,0,100,200,1200,2400,0,1000,485,44.652290500942236,752.9725535289016,0,1,0,0,0,0,0,0,2.0,485,831,312,100,0,0,0,0,0,0,5,4159,10,3129,62821,52908,4,20,0,0,0,0,0,0,0,0,BENIGN
443,3141,2,2,1241,1151,620,10,620,33.19890272736017,575,0,575,25.49986716546888,761957,1273,785,20.657483619690108,3141,4,2513,1256,0,2513,0,1885,942,0,1885,0,0,0,0,0,40,40,636,636,0,1000,598,79.64870115511106,304.2258594615712,0,1,0,0,1,0,0,0,1.0,598,620,575,40,0,0,0,0,0,0,2,1241,2,1151,41682,42830,1,20,0,0,0,0,0,0,0,0,BENIGN
123,39,5,8,3175,5981,635,10,635,40.608662913118515,747,0,747,5.270163274748718,230069522,326630,3,497.22496785458867,39,9,31,6,0,31,0,23,2,0,23,0,0,0,0,0,100,160,125627,201003,0,1000,704,71.25170672801309,755.579619915686,0,0,0,0,0,0,0,0,1.6,704,635,747,100,0,0,0,0,0,0,5,3175,8,5981,59513,59402,4,20,0,0,0,0,0,0,0,0,BENIGN
80,670,10,12,8900,2039,890,10,890,39.700819785018055,169,0,169,16.1811063360704,16322941,32826,30,600.3611636546708,670,5,536,53,0,536,0,402,33,0,402,0,0,0,0,0,200,240,14921,17905,0,1000,497,16.89103381308623,199.65416356228184,0,1,0,0,1,0,0,0,1.2,497,890,169,200,0,0,0,0,0,0,10,8900,12,2039,37805,64026,9,20,0,0,0,0,0,0,0,0,BENIGN
17811,138,2,0,0,0,0,0,0,14.83152370260904,0,0,0,17.807383622054974,0,14424,69,528.7052601084965,138,10,110,55,0,110,0,83,0,0,83,0,0,0,0,0,40,0,14424,0,0,1000,0,9.596067222746429,841.719916378799,0,1,0,0,0,0,0,0,0.0,0,0,0,40,0,0,0,0,0,0,2,0,0,0,54151,53319,1,20,0,0,0,0,0,0,0,0,PortScan
53,4042,4,7,3281,7678,820,10,820,30.824717372549877,1096,0,1096,47.866859985757905,2711245,2721,367,113.4571148755964,4042,5,3234,808,0,3234,0,2425,346,0,2425,0,0,0,0,0,80,140,989,1731,0,1000,996,26.31426495323882,928.4970557245495,0,1,0,0,1,0,0,0,1.75,996,820,1096,80,0,0,0,0,0,0,4,3281,7,7678,31143,46870,3,20,0,0,0,0,0,0,0,0,BENIGN
65029,69,2,1,0,0,0,0,0,7.418038819924999,0,0,0,8.779817072201347,0,43452,23,499.10123252817937,69,8,55,27,0,55,0,41,41,0,41,0,0,0,0,0,40,20,28968,14484,0,1000,0,57.23251150366464,219.49664458494067,0,1,0,0,0,0,0,0,0.5,0,0,0,40,0,0,0,0,0,0,2,0,1,0,34538,49838,1,20,0,0,0,0,0,0,0,0,PortScan
22,661,4,12,182,503,45,10,45,2.2487599035991126,41,0,41,11.077317278859638,1036436,24176,41,806.0402803793355,661,3,529,132,0,529,0,397,33,0,397,0,0,0,0,0,80,240,6044,18132,0,1000,42,32.110964277338184,441.0444571768033,0,1,0,0,0,0,0,0,3.0,42,45,41,80,0,0,0,0,0,0,4,182,12,503,51774,60272,3,20,0,0,0,0,0,0,0,0,BENIGN
22,3073,9,4,7370,2850,818,10,818,20.950960590465968,712,0,712,36.704109571160195,3324902,4229,236,479.86892836258374,3073,6,2459,273,0,2459,0,1844,461,0,1844,0,0,0,0,0,180,80,2927,1301,0,1000,786,81.75918812789415,151.69938545719674,0,1,0,0,1,0,0,0,0.44,786,818,712,180,0,0,0,0,0,0,9,7370,4,2850,59010,38094,8,20,0,0,0,0,0,0,0,0,BENIGN
53,2551,7,9,4942,4326,706,10,706,5.93471938370746,480,0,480,24.590379622522622,3633336,6271,159,573.1528930245763,2551,10,2040,291,0,2040,0,1530,170,0,1530,0,0,0,0,0,140,180,2743,3527,0,1000,579,39.983021042081205,926.7443484001375,0,1,0,0,1,0,0,0,1.29,579,706,480,140,0,0,0,0,0,0,7,4942,9,4326,61628,37982,6,20,0,0,0,0,0,0,0,0,BENIGN
123,3962,4,7,3212,5741,803,10,803,32.684411586011585,820,0,820,34.50402196908004,2259510,2775,360,451.18429115401506,3962,8,3170,792,0,3170,0,2377,339,0,2377,0,0,0,0,0,80,140,1009,1766,0,1000,813,25.059320951919982,890.6572924656958,0,0,0,0,0,0,0,0,1.75,813,803,820,80,0,0,0,0,0,0,4,3212,7,5741,57327,37271,3,20,0,0,0,0,0,0,0,0,BENIGN
80,3884,5,5,3642,4068,728,10,728,3.8022985613192284,813,0,813,13.947952398479568,1984878,2574,388,694.0149462316854,3884,9,3107,621,0,3107,0,2330,466,0,2330,0,0,0,0,0,100,100,1287,1287,0,1000,771,56.89328417059808,760.1030295416405,0,1,0,0,0,0,0,0,1.0,771,728,813,100,0,0,0,0,0,0,5,3642,5,4068,48764,47478,4,20,0,0,0,0,0,0,0,0,BENIGN
80,720425,447,4,197403,57,441,0,441,39.02671569740272,14,0,14,46.39174333634045,274090,626,1597,621.4764966625435,720425,5,576340,1289,0,576340,0,432255,108063,0,432255,0,0,0,0,0,8940,80,620,5,0,1500,437,18.181970349739927,464.8587684203427,0,1,0,0,0,0,0,0,0.01,437,441,14,8940,0,0,0,0,0,0,447,197403,4,57,58936,60994,446,20,0,0,0,0,0,0,0,0,DDoS
123,464,6,9,5103,2224,850,10,850,40.43915682411822,247,0,247,30.896113143461594,15791322,32325,30,718.4162745108171,464,6,371,61,0,371,0,278,30,0,278,0,0,0,0,0,120,180,12930,19395,0,1000,488,43.78542209153969,963.8359340187138,0,1,0,0,0,0,0,0,1.5,488,850,247,120,0,0,0,0,0,0,6,5103,9,2224,40571,49119,5,20,0,0,0,0,0,0,0,0,BENIGN
8080,2154501,472,3,408856,108,866,0,866,32.19574036973189,36,0,36,29.100739462755058,189818,220,4535,722.2870758791684,2154501,8,1723600,3651,0,1723600,0,1292700,430900,0,1292700,0,0,0,0,0,9440,60,219,1,0,1500,860,69.49313765274411,762.6501163007912,0,1,0,0,0,0,0,0,0.01,860,866,36,9440,0,0,0,0,0,0,472,408856,3,108,57387,34478,471,20,0,0,0,0,0,0,0,0,DDoS
53,4139,4,7,3855,3553,963,10,963,23.843184249512607,507,0,507,21.658443668307026,1789843,2657,376,192.24757694884298,4139,6,3311,827,0,3311,0,2483,354,0,2483,0,0,0,0,0,80,140,966,1691,0,1000,673,30.76154550946385,191.55576579447919,0,0,0,0,0,0,0,0,1.75,673,963,507,80,0,0,0,0,0,0,4,3855,7,3553,56283,43440,3,20,0,0,0,0,0,0,0,0,BENIGN
8080,1984029,271,1,108381,22,399,0,399,25.877463107747044,22,0,22,48.240568346097845,54638,137,7294,641.8193152605638,1984029,8,1587223,5856,0,1587223,0,1190417,1190417,0,1190417,0,0,0,0,0,5420,20,136,0,0,1500,398,22.8431600365263,940.4680509332666,0,1,0,0,0,0,0,0,0.0,398,399,22,5420,0,0,0,0,0,0,271,108381,1,22,53593,47083,270,20,0,0,0,0,0,0,0,0,DDoS
443,1724,5,7,1957,921,391,10,391,39.84081579549322,131,0,131,24.673727889169978,1669563,6958,143,84.38955950647009,1724,6,1379,275,0,1379,0,1034,147,0,1034,0,0,0,0,0,100,140,2899,4059,0,1000,239,48.385291783816776,572.725486444441,0,1,0,0,0,0,0,0,1.4,239,391,131,100,0,0,0,0,0,0,5,1957,7,921,53026,49978,4,20,0,0,0,0,0,0,0,0,BENIGN
22,1884,3,2,2020,1296,673,10,673,43.53820497695535,648,0,648,11.820473420574606,1760132,2653,376,746.3367726998694,1884,9,1507,502,0,1507,0,1130,565,0,1130,0,0,0,0,0,60,40,1591,1061,0,1000,663,61.07427254918478,942.9955235083634,0,0,0,0,1,0,0,0,0.67,663,673,648,60,0,0,0,0,0,0,3,2020,2,1296,38561,42714,2,20,0,0,0,0,0,0,0,0,BENIGN
443,3222014,379,1,64320,33,169,0,169,16.955123164471818,33,0,33,48.67885066327901,19973,117,8478,122.2253792631699,3222014,6,2577611,6801,0,2577611,0,1933208,1933208,0,1933208,0,0,0,0,0,7580,20,117,0,0,1500,169,97.16757496257769,882.4292673781879,0,1,0,0,0,0,0,0,0.0,169,169,33,7580,0,0,0,0,0,0,379,64320,1,33,42037,58862,378,20,0,0,0,0,0,0,0,0,DDoS
80,4379,6,6,3515,5046,585,10,585,24.833458029705252,841,0,841,20.90086428739872,1954786,2739,364,222.0624709309791,4379,6,3503,583,0,3503,0,2627,437,0,2627,0,0,0,0,0,120,120,1369,1369,0,1000,713,44.60991072431349,706.8011339841385,0,1,0,0,0,0,0,0,1.0,713,585,841,120,0,0,0,0,0,0,6,3515,6,5046,29674,48739,5,20,0,0,0,0,0,0,0,0,BENIGN
80,4175,2,6,966,2112,483,10,483,35.491513535235356,352,0,352,28.573169114378278,737351,1916,521,938.1008432716682,4175,9,3340,1670,0,3340,0,2505,417,0,2505,0,0,0,0,0,40,120,479,1437,0,1000,384,41.78174137715002,710.5302910538204,0,0,0,0,1,0,0,0,3.0,384,483,352,40,0,0,0,0,0,0,2,966,6,2112,44991,59736,1,20,0,0,0,0,0,0,0,0,BENIGN
443,3725304,299,3,152216,70,509,0,509,15.405271044384966,23,0,23,1.7467057383596885,40879,81,12335,133.1870549002212,3725304,5,2980243,9967,0,2980243,0,2235182,745060,0,2235182,0,0,0,0,0,5980,60,80,0,0,1500,504,59.767569882524455,897.8170810362537,0,1,0,0,0,0,0,0,0.01,504,509,23,5980,0,0,0,0,0,0,299,152216,3,70,65088,55678,298,20,0,0,0,0,0,0,0,0,DDoS
123,281,10,1,5412,167,541,10,541,41.091155077762394,167,0,167,19.405779553181773,19817971,39066,25,738.6950949013552,281,10,225,22,0,225,0,168,168,0,168,0,0,0,0,0,200,20,35514,3551,0,1000,507,91.47220828600766,402.1598100994449,0,0,0,0,1,0,0,0,0.1,507,541,167,200,0,0,0,0,0,0,10,5412,1,167,51077,33280,9,20,0,0,0,0,0,0,0,0,BENIGN
80,3513,6,11,2489,7487,414,10,414,47.26280139755923,680,0,680,22.670204331588906,2839319,4838,206,118.25494255417179,3513,5,2810,468,0,2810,0,2108,191,0,2108,0,0,0,0,0,120,220,1707,3130,0,1000,586,13.611841770023126,709.2131791399324,0,0,0,0,0,0,0,0,1.83,586,414,680,120,0,0,0,0,0,0,6,2489,11,7487,64304,58075,5,20,0,0,0,0,0,0,0,0,BENIGN
443,4625,5,5,2435,4333,487,10,487,37.34251463838112,866,0,866,38.980809923745156,1463285,2161,462,17.30919008707621,4625,3,3700,740,0,3700,0,2775,555,0,2775,0,0,0,0,0,100,100,1080,1080,0,1000,676,88.48532949893708,664.0220568296937,0,1,0,0,1,0,0,0,1.0,676,487,866,100,0,0,0,0,0,0,5,2435,5,4333,56164,52912,4,20,0,0,0,0,0,0,0,0,BENIGN
80,1535,9,1,4359,482,484,10,484,45.12505905045793,482,0,482,14.635516409444172,3152873,6510,153,923.8327108653817,1535,3,1228,136,0,1228,0,921,921,0,921,0,0,0,0,0,180,20,5859,651,0,1000,484,33.58559490404864,334.1343251208695,0,0,0,0,1,0,0,0,0.11,484,484,482,180,0,0,0,0,0,0,9,4359,1,482,64677,47439,8,20,0,0,0,0,0,0,0,0,BENIGN
80,3303928,468,4,100698,11,215,0,215,35.383530414840585,2,0,2,43.560572628495194,30481,142,6999,15.173209246261422,3303928,7,2643143,5647,0,2643143,0,1982357,495589,0,1982357,0,0,0,0,0,9360,80,141,1,0,1500,213,25.493885850567388,441.114973232118,0,1,0,0,0,0,0,0,0.01,213,215,2,9360,0,0,0,0,0,0,468,100698,4,11,39305,43385,467,20,0,0,0,0,0,0,0,0,DDoS
80,3023,7,7,2252,1362,321,10,321,3.8225598211019394,194,0,194,40.61035658090139,1195336,4630,215,163.46208425409614,3023,1,2418,345,0,2418,0,1814,259,0,1814,0,0,0,0,0,140,140,2315,2315,0,1000,258,90.15098465091307,199.69953885354542,0,0,0,0,1,0,0,0,1.0,258,321,194,140,0,0,0,0,0,0,7,2252,7,1362,64183,57722,6,20,0,0,0,0,0,0,0,0,BENIGN
123,4440,8,12,5005,13174,625,10,625,15.094532654822373,1097,0,1097,21.14778699062199,4093830,4503,222,380.52004458176737,4440,1,3552,444,0,3552,0,2664,222,0,2664,0,0,0,0,0,160,240,1801,2702,0,1000,909,86.42814185523928,128.45193238908635,0,0,0,0,0,0,0,0,1.5,909,625,1097,160,0,0,0,0,0,0,8,5005,12,13174,35639,47507,7,20,0,0,0,0,0,0,0,0,BENIGN
8080,4964207,68,4,25866,173,380,0,380,46.07375526458402,43,0,43,18.128440849131017,5245,14,68947,809.8681907211874,4964207,9,3971366,58402,0,3971366,0,2978524,744631,0,2978524,0,0,0,0,0,1360,80,13,0,0,1500,361,56.894820820665025,881.0690897823513,0,1,0,0,0,0,0,0,0.06,361,380,43,1360,0,0,0,0,0,0,68,25866,4,173,47007,45578,67,20,0,0,0,0,0,0,0,0,DDoS
80,3804,6,9,5337,10110,889,10,889,5.756058386958079,1123,0,1123,46.3077569913441,4060289,3942,253,919.6582359372507,3804,5,3043,507,0,3043,0,2282,253,0,2282,0,0,0,0,0,120,180,1577,2365,0,1000,1029,3.363017017915604,351.8174271978698,0,1,0,0,1,0,0,0,1.5,1029,889,1123,120,0,0,0,0,0,0,6,5337,9,10110,43312,48088,5,20,0,0,0,0,0,0,0,0,BENIGN
80,1031,10,5,9627,2072,962,10,962,37.599830490762024,414,0,414,39.22488898924576,11339771,14537,68,553.3400522259427,1031,7,825,82,0,825,0,619,123,0,619,0,0,0,0,0,200,100,9691,4845,0,1000,780,44.32452761149204,877.3698071869784,0,1,0,0,0,0,0,0,0.5,780,962,414,200,0,0,0,0,0,0,10,9627,5,2072,34544,54998,9,20,0,0,0,0,0,0,0,0,BENIGN
6782,171,1,1,0,0,0,0,0,34.49671627572617,0,0,0,15.859115727411332,0,11661,85,852.6823123161548,171,7,137,137,0,137,0,102,102,0,102,0,0,0,0,0,20,20,5830,5830,0,1000,0,79.13434207372295,909.8593595474141,0,1,0,0,0,0,0,0,1.0,0,0,0,20,0,0,0,0,0,0,1,0,1,0,42766,42282,0,20,0,0,0,0,0,0,0,0,PortScan
123,192,3,9,1575,529,525,10,525,42.003490275709446,58,0,58,28.762678983832885,10940942,62379,16,15.616619292234901,192,10,153,51,0,153,0,115,12,0,115,0,0,0,0,0,60,180,15594,46784,0,1000,175,93.72870170952358,620.6745393228698,0,1,0,0,1,0,0,0,3.0,175,525,58,60,0,0,0,0,0,0,3,1575,9,529,51695,59476,2,20,0,0,0,0,0,0,0,0,BENIGN
22,2107,3,3,1092,2143,364,10,364,29.012474050643927,714,0,714,22.57949184854367,1535713,2847,351,163.48353652977897,2107,4,1685,561,0,1685,0,1264,421,0,1264,0,0,0,0,0,60,60,1423,1423,0,1000,539,2.829341721313783,560.799155139633,0,0,0,0,0,0,0,0,1.0,539,364,714,60,0,0,0,0,0,0,3,1092,3,2143,58088,59221,2,20,0,0,0,0,0,0,0,0,BENIGN
123,261,10,12,5362,3924,536,10,536,14.036301387207144,327,0,327,8.0061684667047,35530725,84174,11,215.14014868549614,261,8,209,20,0,209,0,156,13,0,156,0,0,0,0,0,200,240,38261,45913,0,1000,422,22.867274252110303,380.9987348727636,0,1,0,0,1,0,0,0,1.2,422,536,327,200,0,0,0,0,0,0,10,5362,12,3924,61608,39284,9,20,0,0,0,0,0,0,0,0,BENIGN
80,3183,1,3,805,441,805,10,805,7.291585111119769,147,0,147,23.129528747277494,391819,1256,795,503.4047250931434,3183,8,2547,2547,0,2547,0,1910,636,0,1910,0,0,0,0,0,20,60,314,942,0,1000,311,10.178489041913208,663.7336503175179,0,0,0,0,0,0,0,0,3.0,311,805,147,20,0,0,0,0,0,0,1,805,3,441,42692,44420,0,20,0,0,0,0,0,0,0,0,BENIGN
123,4171,8,4,1362,1605,170,10,170,6.296586940224253,401,0,401,1.1672452727187144,711293,2876,347,229.38215842038178,4171,10,3337,417,0,3337,0,2503,625,0,2503,0,0,0,0,0,160,80,1917,958,0,1000,247,67.1598247222285,277.0714728703997,0,0,0,0,1,0,0,0,0.5,247,170,401,160,0,0,0,0,0,0,8,1362,4,1605,48960,57270,7,20,0,0,0,0,0,0,0,0,BENIGN
123,554,9,1,8478,991,942,10,942,32.01393062030141,991,0,991,24.11692177604927,17072770,18027,55,601.053445376778,554,5,443,49,0,443,0,332,332,0,332,0,0,0,0,0,180,20,16225,1802,0,1000,947,52.83670955184668,944.73024168586,0,0,0,0,1,0,0,0,0.11,947,942,991,180,0,0,0,0,0,0,9,8478,1,991,62639,36804,8,20,0,0,0,0,0,0,0,0,BENIGN
22,2335,10,3,2161,691,216,10,216,37.89514286831951,230,0,230,8.643180790288662,1221871,5567,179,577.831153185682,2335,10,1868,186,0,1868,0,1401,467,0,1401,0,0,0,0,0,200,60,4282,1284,0,1000,219,64.3441461275038,768.1106278432994,0,0,0,0,1,0,0,0,0.3,219,216,230,200,0,0,0,0,0,0,10,2161,3,691,37986,50146,9,20,0,0,0,0,0,0,0,0,BENIGN
63641,198,2,1,0,0,0,0,0,30.520113878255177,0,0,0,43.085741366880384,0,15109,66,556.6734885781383,198,6,158,79,0,158,0,119,119,0,119,0,0,0,0,0,40,20,10072,5036,0,1000,0,54.648267199084856,710.8366800369328,0,1,0,0,0,0,0,0,0.5,0,0,0,40,0,0,0,0,0,0,2,0,1,0,41383,35161,1,20,0,0,0,0,0,0,0,0,PortScan
22,396805,99,23,6512,1759,65,0,65,46.77090877150562,76,0,76,39.68044841243064,20846,307,3252,69.19726673521521,396805,10,317444,3206,0,317444,0,238083,10351,0,238083,0,0,0,0,0,1980,460,249,57,0,1000,67,62.944726502298096,49.78794342142312,0,0,0,0,1,0,0,0,0.23,67,65,76,1980,0,0,0,0,0,0,99,6512,23,1759,31175,49184,98,20,0,0,0,0,0,0,0,0,SSH-Patator
123,2258,1,12,901,11086,901,10,901,26.592788420964652,923,0,923,20.88097987126167,5307290,5754,173,38.13638409579823,2258,4,1807,1807,0,1807,0,1355,112,0,1355,0,0,0,0,0,20,240,442,5312,0,1000,922,62.07839506417683,754.9330085955006,0,0,0,0,0,0,0,0,12.0,922,901,923,20,0,0,0,0,0,0,1,901,12,11086,44602,63838,0,20,0,0,0,0,0,0,0,0,BENIGN
3306,1473733,228,2,149065,23,653,0,653,10.680099602853971,11,0,11,40.04615728092163,101163,156,6407,196.80919790169372,1473733,6,1178986,5170,0,1178986,0,884240,442120,0,884240,0,0,0,0,0,4560,40,154,1,0,1500,648,3.082305809806707,760.8541746785615,0,1,0,0,0,0,0,0,0.01,648,653,11,4560,0,0,0,0,0,0,228,149065,2,23,64842,49807,227,20,0,0,0,0,0,0,0,0,DDoS
123,3952,1,1,826,1034,826,10,826,29.922181447157055,1034,0,1034,20.949936856460926,470886,506,1976,107.00881858125544,3952,6,3161,3161,0,3161,0,2371,2371,0,2371,0,0,0,0,0,20,20,253,253,0,1000,930,58.133725408043624,270.59746038940847,0,0,0,0,1,0,0,0,1.0,930,826,1034,20,0,0,0,0,0,0,1,826,1,1034,32823,43133,0,20,0,0,0,0,0,0,0,0,BENIGN
22,3850,6,1,4096,503,682,10,682,46.098723207632254,503,0,503,7.396990251108932,1194798,1818,550,508.30031879034834,3850,9,3080,513,0,3080,0,2310,2310,0,2310,0,0,0,0,0,120,20,1558,259,0,1000,657,10.13051628807682,998.3315297906503,0,1,0,0,1,0,0,0,0.17,657,682,503,120,0,0,0,0,0,0,6,4096,1,503,47991,32365,5,20,0,0,0,0,0,0,0,0,BENIGN
123,3093,1,7,433,6743,433,10,433,21.13528675910939,963,0,963,16.501649350728897,2320241,2586,386,209.20689118773205,3093,2,2474,2474,0,2474,0,1855,265,0,1855,0,0,0,0,0,20,140,323,2262,0,1000,897,8.957702622928455,245.56053452807302,0,1,0,0,1,0,0,0,7.0,897,433,963,20,0,0,0,0,0,0,1,433,7,6743,45544,35901,0,20,0,0,0,0,0,0,0,0,BENIGN
53,3838,8,12,6971,12830,871,10,871,43.94865597975654,1069,0,1069,31.75931411426356,5158811,5210,191,657.0761743318989,3838,4,3070,383,0,3070,0,2303,191,0,2303,0,0,0,0,0,160,240,2084,3126,0,1000,990,38.24028740185008,660.7190933050363,0,0,0,0,0,0,0,0,1.5,990,871,1069,160,0,0,0,0,0,0,8,6971,12,12830,58182,32582,7,20,0,0,0,0,0,0,0,0,BENIGN
53,1098,7,2,1686,158,240,10,240,32.2133729237601,79,0,79,15.01572690008109,1679529,8191,122,96.8577096676645,1098,4,878,125,0,878,0,659,329,0,659,0,0,0,0,0,140,40,6370,1820,0,1000,205,39.24063841849781,699.343959084296,0,1,0,0,1,0,0,0,0.29,205,240,79,140,0,0,0,0,0,0,7,1686,2,158,38615,64622,6,20,0,0,0,0,0,0,0,0,BENIGN
53,3063,4,7,2572,2874,643,10,643,35.57769384276413,410,0,410,48.169679228663334,1778216,3590,278,517.9430859837909,3063,10,2450,612,0,2450,0,1837,262,0,1837,0,0,0,0,0,80,140,1305,2285,0,1000,495,53.895072214705706,745.2345937716531,0,1,0,0,0,0,0,0,1.75,495,643,410,80,0,0,0,0,0,0,4,2572,7,2874,62831,63655,3,20,0,0,0,0,0,0,0,0,BENIGN
123,3666,9,7,1287,1821,143,10,143,1.4679462857676295,260,0,260,1.933284329266255,847766,4364,229,687.5789024514118,3666,6,2932,325,0,2932,0,2199,314,0,2199,0,0,0,0,0,180,140,2454,1909,0,1000,194,11.503416004072642,967.9106879930486,0,0,0,0,0,0,0,0,0.78,194,143,260,180,0,0,0,0,0,0,9,1287,7,1821,52482,58656,8,20,0,0,0,0,0,0,0,0,BENIGN
80,1817,1,4,379,1662,379,10,379,49.39550151740846,415,0,415,48.39515322552778,1122989,2750,363,598.1174878347528,1817,4,1454,1454,0,1454,0,1090,272,0,1090,0,0,0,0,0,20,80,550,2200,0,1000,408,89.95593860311594,726.3396228179041,0,0,0,0,1,0,0,0,4.0,408,379,415,20,0,0,0,0,0,0,1,379,4,1662,62660,61968,0,20,0,0,0,0,0,0,0,0,BENIGN
80,2306,4,10,1002,6003,250,10,250,31.065858067928758,600,0,600,22.90392720386289,3037762,6070,164,236.10757789431182,2306,2,1844,461,0,1844,0,1383,138,0,1383,0,0,0,0,0,80,200,1734,4336,0,1000,500,8.27763949393555,371.2988506581411,0,1,0,0,1,0,0,0,2.5,500,250,600,80,0,0,0,0,0,0,4,1002,10,6003,31071,53083,3,20,0,0,0,0,0,0,0,0,BENIGN
3306,4988850,324,2,294961,0,910,0,910,18.949498376452244,0,0,0,28.957604355410965,59124,65,15303,585.2064896901944,4988850,1,3991080,12318,0,3991080,0,2993310,1496655,0,2993310,0,0,0,0,0,6480,40,64,0,0,1500,904,76.18605622466089,778.0878107967892,0,1,0,0,0,0,0,0,0.01,904,910,0,6480,0,0,0,0,0,0,324,294961,2,0,32249,48497,323,20,0,0,0,0,0,0,0,0,DDoS
443,682011,456,2,558155,35,1224,0,1224,40.10137161169667,17,0,17,40.47571113288701,818447,671,1489,934.6626909354918,682011,6,545609,1196,0,545609,0,409206,204603,0,409206,0,0,0,0,0,9120,40,668,2,0,1500,1218,33.992124176533224,896.2947200409664,0,1,0,0,0,0,0,0,0.0,1218,1224,17,9120,0,0,0,0,0,0,456,558155,2,35,41437,65177,455,20,0,0,0,0,0,0,0,0,DDoS
80,1279,4,10,2653,8007,663,10,663,44.39506178695318,800,0,800,15.18101749050168,8331660,10940,91,506.26386613283336,1279,9,1023,255,0,1023,0,767,76,0,767,0,0,0,0,0,80,200,3125,7814,0,1000,761,25.251803936786064,390.3713909203782,0,0,0,0,1,0,0,0,2.5,761,663,800,80,0,0,0,0,0,0,4,2653,10,8007,32649,41323,3,20,0,0,0,0,0,0,0,0,BENIGN
443,2464358,271,1,326302,42,1204,0,1204,18.761031298218427,42,0,42,12.337091606523476,132426,110,9060,893.9093017725487,2464358,8,1971486,7274,0,1971486,0,1478614,1478614,0,1478614,0,0,0,0,0,5420,20,109,0,0,1500,1199,19.622771659583936,778.5485380785778,0,1,0,0,0,0,0,0,0.0,1199,1204,42,5420,0,0,0,0,0,0,271,326302,1,42,59353,37479,270,20,0,0,0,0,0,0,0,0,DDoS
123,3419,9,9,3752,3543,416,10,416,49.44262235816878,393,0,393,47.1255081001584,2133275,5263,189,997.2825610836667,3419,10,2735,303,0,2735,0,2051,227,0,2051,0,0,0,0,0,180,180,2631,2631,0,1000,405,77.93748406388197,291.60215321705186,0,1,0,0,1,0,0,0,1.0,405,416,393,180,0,0,0,0,0,0,9,3752,9,3543,35840,39052,8,20,0,0,0,0,0,0,0,0,BENIGN
22,4068,2,11,315,5833,157,10,157,14.578964996482863,530,0,530,37.28334524454657,1511073,3194,312,762.3298676136449,4068,9,3255,1627,0,3255,0,2441,221,0,2441,0,0,0,0,0,40,220,491,2703,0,1000,472,15.866696383460043,362.55453305478227,0,0,0,0,1,0,0,0,5.5,472,157,530,40,0,0,0,0,0,0,2,315,11,5833,46493,49780,1,20,0,0,0,0,0,0,0,0,BENIGN
80,4464,2,1,656,1026,328,10,328,36.91456262037366,1026,0,1026,1.1802068075559446,376966,672,1488,533.027564660703,4464,8,3571,1785,0,3571,0,2678,2678,0,2678,0,0,0,0,0,40,20,448,224,0,1000,560,0.38255302173875183,342.6703202612815,0,1,0,0,0,0,0,0,0.5,560,328,1026,40,0,0,0,0,0,0,2,656,1,1026,55235,54532,1,20,0,0,0,0,0,0,0,0,BENIGN
80,2528,1,2,207,379,207,10,207,39.197823335692924,189,0,189,24.194254003366282,232132,1186,842,641.1837246093645,2528,9,2022,2022,0,2022,0,1516,758,0,1516,0,0,0,0,0,20,40,395,791,0,1000,195,58.02570468393263,702.8134400990693,0,0,0,0,0,0,0,0,2.0,195,207,189,20,0,0,0,0,0,0,1,207,2,379,63487,53369,0,20,0,0,0,0,0,0,0,0,BENIGN
80,4805848,133,1,108935,1,819,0,819,18.134046281650885,1,0,1,21.76567836025948,22667,27,35864,286.31740346572496,4805848,2,3844678,28907,0,3844678,0,2883509,2883509,0,2883509,0,0,0,0,0,2660,20,27,0,0,1500,812,28.46397358712335,277.57714227953636,0,1,0,0,0,0,0,0,0.01,812,819,1,2660,0,0,0,0,0,0,133,108935,1,1,58460,34286,132,20,0,0,0,0,0,0,0,0,DDoS
22,13,5,9,4905,9256,981,10,981,24.486454645929523,1028,0,1028,19.846469762452344,1024737741,1013003,0,571.7317489000127,13,2,11,2,0,11,0,8,0,0,8,0,0,0,0,0,100,180,361786,651216,0,1000,1011,75.84615133896854,787.1941227234604,0,1,0,0,0,0,0,0,1.8,1011,981,1028,100,0,0,0,0,0,0,5,4905,9,9256,29636,65173,4,20,0,0,0,0,0,0,0,0,BENIGN
53,2270,3,6,745,3207,248,10,248,38.25635285109982,534,0,534,20.42973103253496,1740517,3963,252,19.413812451488653,2270,5,1816,605,0,1816,0,1362,227,0,1362,0,0,0,0,0,60,120,1321,2642,0,1000,439,15.765609239147249,444.65105976367926,0,0,0,0,0,0,0,0,2.0,439,248,534,60,0,0,0,0,0,0,3,745,6,3207,30586,46509,2,20,0,0,0,0,0,0,0,0,BENIGN
123,4344,8,1,7554,567,944,10,944,18.133705518821834,567,0,567,35.062698408918955,1869383,2071,482,198.15760321565767,4344,3,3475,434,0,3475,0,2606,2606,0,2606,0,0,0,0,0,160,20,1841,230,0,1000,902,44.961119433594966,305.3243805636138,0,0,0,0,0,0,0,0,0.12,902,944,567,160,0,0,0,0,0,0,8,7554,1,567,50046,37207,7,20,0,0,0,0,0,0,0,0,BENIGN
443,432,1,6,924,6511,924,10,924,35.423479239737574,1085,0,1085,10.51781733801304,17195138,16186,61,776.6215320166713,432,5,345,345,0,345,0,259,43,0,259,0,0,0,0,0,20,120,2312,13873,0,1000,1062,1.557764868610667,861.7774063840343,0,0,0,0,0,0,0,0,6.0,1062,924,1085,20,0,0,0,0,0,0,1,924,6,6511,40271,38686,0,20,0,0,0,0,0,0,0,0,BENIGN
123,1351,1,9,564,5380,564,10,564,25.977201279575073,597,0,597,17.597965431065106,4399102,7399,135,357.25702432166986,1351,8,1081,1081,0,1081,0,810,90,0,810,0,0,0,0,0,20,180,739,6659,0,1000,594,78.42277664490432,526.3529353100506,0,1,0,0,1,0,0,0,9.0,594,564,597,20,0,0,0,0,0,0,1,564,9,5380,36698,32049,0,20,0,0,0,0,0,0,0,0,BENIGN
123,917,1,5,227,3132,227,10,227,30.656895317944045,626,0,626,6.355766163170418,3660729,6536,152,838.4845482678545,917,5,734,734,0,734,0,550,110,0,550,0,0,0,0,0,20,100,1089,5446,0,1000,560,13.935341318393347,730.289917705621,0,1,0,0,0,0,0,0,5.0,560,227,626,20,0,0,0,0,0,0,1,227,5,3132,43115,31710,0,20,0,0,0,0,0,0,0,0,BENIGN
80,2920,5,8,4484,6042,896,10,896,46.56125602718986,755,0,755,8.55058256768636,3604114,4450,224,242.38441070339667,2920,3,2336,467,0,2336,0,1752,219,0,1752,0,0,0,0,0,100,160,1711,2738,0,1000,809,91.84933283852341,643.6840736400411,0,0,0,0,1,0,0,0,1.6,809,896,755,100,0,0,0,0,0,0,5,4484,8,6042,55685,44639,4,20,0,0,0,0,0,0,0,0,BENIGN
22,1065,4,9,3544,2312,886,10,886,44.03514354553773,256,0,256,42.34109500135928,5494937,12197,81,411.9038382389127,1065,10,852,213,0,852,0,639,71,0,639,0,0,0,0,0,80,180,3753,8444,0,1000,450,71.48518353531574,516.6839475353099,0,0,0,0,1,0,0,0,2.25,450,886,256,80,0,0,0,0,0,0,4,3544,9,2312,38979,30029,3,20,0,0,0,0,0,0,0,0,BENIGN
443,3815,3,4,1625,2148,541,10,541,0.7100985142080685,537,0,537,3.8415972132315677,989028,1834,545,45.948412655969165,3815,5,3052,1017,0,3052,0,2289,572,0,2289,0,0,0,0,0,60,80,786,1048,0,1000,539,99.2138616465231,351.2321792310741,0,0,0,0,1,0,0,0,1.33,539,541,537,60,0,0,0,0,0,0,3,1625,4,2148,38431,41626,2,20,0,0,0,0,0,0,0,0,BENIGN
443,2327,7,6,4410,965,630,10,630,33.142545497952966,160,0,160,48.857950596153906,2310174,5585,179,443.0385893008787,2327,10,1861,265,0,1861,0,1396,232,0,1396,0,0,0,0,0,140,120,3007,2577,0,1000,413,56.10020441449031,316.87193941087696,0,1,0,0,0,0,0,0,0.86,413,630,160,140,0,0,0,0,0,0,7,4410,6,965,47613,31195,6,20,0,0,0,0,0,0,0,0,BENIGN
53,2218,6,11,4137,11592,689,10,689,13.32927330096106,1053,0,1053,24.88053185156984,7089562,7662,130,702.1091374943072,2218,8,1774,295,0,1774,0,1331,121,0,1331,0,0,0,0,0,120,220,2704,4957,0,1000,925,7.573654261353524,779.4643394273021,0,0,0,0,1,0,0,0,1.83,925,689,1053,120,0,0,0,0,0,0,6,4137,11,11592,47255,51986,5,20,0,0,0,0,0,0,0,0,BENIGN
123,4496,9,12,1955,8386,217,10,217,9.747447507524237,698,0,698,30.69407217687532,2299949,4670,214,973.5731085557475,4496,8,3597,399,0,3597,0,2697,224,0,2697,0,0,0,0,0,180,240,2001,2668,0,1000,492,89.457336603499,477.4563929174502,0,0,0,0,1,0,0,0,1.33,492,217,698,180,0,0,0,0,0,0,9,1955,12,8386,41080,48675,8,20,0,0,0,0,0,0,0,0,BENIGN
443,2115,10,9,7736,902,773,10,773,29.428520562903955,100,0,100,35.76563627377256,4084183,8982,111,435.2788798801001,2115,1,1692,169,0,1692,0,1269,141,0,1269,0,0,0,0,0,200,180,4727,4254,0,1000,454,59.529141469730504,373.3798694604989,0,0,0,0,0,0,0,0,0.9,454,773,100,200,0,0,0,0,0,0,10,7736,9,902,57259,32238,9,20,0,0,0,0,0,0,0,0,BENIGN
53,4891,7,5,4882,3176,697,10,697,39.91248564240537,635,0,635,42.583707781055104,1647563,2453,407,857.0688715240259,4891,9,3913,559,0,3913,0,2934,586,0,2934,0,0,0,0,0,140,100,1431,1022,0,1000,671,16.633850959729955,416.3533642939027,0,0,0,0,1,0,0,0,0.71,671,697,635,140,0,0,0,0,0,0,7,4882,5,3176,57683,65417,6,20,0,0,0,0,0,0,0,0,BENIGN
123,1436,10,9,3763,3243,376,10,376,8.448706087319813,360,0,360,41.66606587766161,4876883,13222,75,110.32944934403443,1436,2,1149,114,0,1149,0,862,95,0,862,0,0,0,0,0,200,180,6959,6263,0,1000,368,76.0849208924902,921.0104715075208,0,0,0,0,0,0,0,0,0.9,368,376,360,200,0,0,0,0,0,0,10,3763,9,3243,62837,53551,9,20,0,0,0,0,0,0,0,0,BENIGN
22,50540,124,75,2771,5760,22,0,22,2.7015775472987724,76,0,76,41.69273939944909,168816,3937,253,680.3735931109842,50540,1,40432,326,0,40432,0,30324,404,0,30324,0,0,0,0,0,2480,1500,2453,1483,0,1000,42,13.398468482360048,707.5532153045074,0,0,0,0,1,0,0,0,0.6,42,22,76,2480,0,0,0,0,0,0,124,2771,75,5760,57854,39079,123,20,0,0,0,0,0,0,0,0,SSH-Patator
5985,153,2,0,0,0,0,0,0,0.1266378078479513,0,0,0,15.60748933911974,0,13053,76,775.8204480424412,153,9,122,61,0,122,0,91,0,0,91,0,0,0,0,0,40,0,13053,0,0,1000,0,72.15664771579318,144.99746574807648,0,1,0,0,0,0,0,0,0.0,0,0,0,40,0,0,0,0,0,0,2,0,0,0,40557,53224,1,20,0,0,0,0,0,0,0,0,PortScan
443,4747,9,6,1798,3147,199,10,199,22.419348006460726,524,0,524,26.047248992294076,1041727,3159,316,130.92081163672754,4747,1,3797,421,0,3797,0,2848,474,0,2848,0,0,0,0,0,180,120,1895,1263,0,1000,329,37.09100718897874,171.8795946494118,0,0,0,0,1,0,0,0,0.67,329,199,524,180,0,0,0,0,0,0,9,1798,6,3147,64793,51802,8,20,0,0,0,0,0,0,0,0,BENIGN
443,4780,10,3,7908,2686,790,10,790,3.3338452567677646,895,0,895,21.389160057711916,2216379,2719,367,555.5079960504731,4780,2,3824,382,0,3824,0,2868,956,0,2868,0,0,0,0,0,200,60,2092,627,0,1000,814,43.96642025149,326.9823618086741,0,0,0,0,1,0,0,0,0.3,814,790,895,200,0,0,0,0,0,0,10,7908,3,2686,33145,51797,9,20,0,0,0,0,0,0,0,0,BENIGN
22,4898,9,1,3924,1107,436,10,436,17.49834771830143,1107,0,1107,15.483102039746022,1027142,2041,489,278.7247242156133,4898,2,3919,435,0,3919,0,2939,2939,0,2939,0,0,0,0,0,180,20,1837,204,0,1000,503,54.122029558634644,317.5809576175488,0,0,0,0,0,0,0,0,0.11,503,436,1107,180,0,0,0,0,0,0,9,3924,1,1107,46800,46373,8,20,0,0,0,0,0,0,0,0,BENIGN
53,170,8,1,3300,601,412,10,412,29.5339267637016,601,0,601,34.85407118277008,22891475,52797,18,197.8907431337279,170,6,136,17,0,136,0,102,102,0,102,0,0,0,0,0,160,20,46931,5866,0,1000,433,77.14755914246877,991.8877400881992,0,0,0,0,0,0,0,0,0.12,433,412,601,160,0,0,0,0,0,0,8,3300,1,601,36208,64696,7,20,0,0,0,0,0,0,0,0,BENIGN
22,1191,10,1,1172,92,117,10,117,4.97786870143786,92,0,92,40.266798944702046,1061917,9234,108,737.200840351618,1191,10,952,95,0,952,0,714,714,0,714,0,0,0,0,0,200,20,8394,839,0,1000,114,59.23773869477179,196.31258384908702,0,1,0,0,1,0,0,0,0.1,114,117,92,200,0,0,0,0,0,0,10,1172,1,92,56645,40663,9,20,0,0,0,0,0,0,0,0,BENIGN
80,2204,9,1,8528,308,947,10,947,29.00129563346741,308,0,308,10.333529327463092,4009681,4537,220,700.7386640308769,2204,2,1763,195,0,1763,0,1322,1322,0,1322,0,0,0,0,0,180,20,4083,453,0,1000,883,43.81716893230272,747.2889369403108,0,1,0,0,0,0,0,0,0.11,883,947,308,180,0,0,0,0,0,0,9,8528,1,308,60399,45567,8,20,0,0,0,0,0,0,0,0,BENIGN
22,1681,6,1,2087,867,347,10,347,19.314472674289927,867,0,867,40.118691756260354,1757450,4163,240,523.403030475198,1681,7,1345,224,0,1345,0,1008,1008,0,1008,0,0,0,0,0,120,20,3568,594,0,1000,422,98.35792164548697,562.2823390635913,0,0,0,0,1,0,0,0,0.17,422,347,867,120,0,0,0,0,0,0,6,2087,1,867,50787,33386,5,20,0,0,0,0,0,0,0,0,BENIGN
64104,88,2,1,0,0,0,0,0,44.820338129680366,0,0,0,16.173041409925393,0,34058,29,692.5650356078928,88,8,70,35,0,70,0,52,52,0,52,0,0,0,0,0,40,20,22705,11352,0,1000,0,7.867945178476143,583.5401283417881,0,1,0,0,0,0,0,0,0.5,0,0,0,40,0,0,0,0,0,0,2,0,1,0,54248,38436,1,20,0,0,0,0,0,0,0,0,PortScan
443,436,9,8,3959,2290,439,10,439,20.339429962373035,286,0,286,33.79445393118903,14322758,38959,25,843.9387492692947,436,8,349,38,0,349,0,261,32,0,261,0,0,0,0,0,180,160,20625,18333,0,1000,367,45.27372132397443,840.2384192370138,0,0,0,0,0,0,0,0,0.89,367,439,286,180,0,0,0,0,0,0,9,3959,8,2290,29599,37693,8,20,0,0,0,0,0,0,0,0,BENIGN
22,2341,2,6,565,3962,282,10,282,1.2974963650016658,660,0,660,24.838519585411078,1934080,3417,292,867.4996840663752,2341,6,1872,936,0,1872,0,1404,234,0,1404,0,0,0,0,0,40,120,854,2562,0,1000,565,15.24007113437288,513.9917356903593,0,1,0,0,1,0,0,0,3.0,565,282,660,40,0,0,0,0,0,0,2,565,6,3962,44677,43345,1,20,0,0,0,0,0,0,0,0,BENIGN
49222,121,1,1,0,0,0,0,0,39.879609856416685,0,0,0,49.8740262936674,0,16473,60,686.7918890301487,121,3,97,97,0,97,0,72,72,0,72,0,0,0,0,0,20,20,8236,8236,0,1000,0,89.93301098321437,940.5096541089694,0,1,0,0,0,0,0,0,1.0,0,0,0,20,0,0,0,0,0,0,1,0,1,0,50157,61672,0,20,0,0,0,0,0,0,0,0,PortScan
443,2617,2,12,1381,11024,690,10,690,1.2283996566936184,918,0,918,48.855922760957235,4739230,5348,186,609.9925310217126,2617,7,2094,1047,0,2094,0,1570,130,0,1570,0,0,0,0,0,40,240,764,4584,0,1000,886,28.70756556453745,721.567093859636,0,1,0,0,1,0,0,0,6.0,886,690,918,40,0,0,0,0,0,0,2,1381,12,11024,59976,33682,1,20,0,0,0,0,0,0,0,0,BENIGN
123,4089,2,10,1976,7031,988,10,988,11.3846590846942,703,0,703,39.51544671460014,2202779,2934,340,24.14633219677853,4089,9,3271,1635,0,3271,0,2453,245,0,2453,0,0,0,0,0,40,200,489,2445,0,1000,750,26.906878359690754,368.0683639665037,0,0,0,0,0,0,0,0,5.0,750,988,703,40,0,0,0,0,0,0,2,1976,10,7031,38007,52924,1,20,0,0,0,0,0,0,0,0,BENIGN
53,3568,5,1,4437,1096,887,10,887,30.61973080769024,1096,0,1096,15.408180583945807,1550542,1681,594,888.4319639129513,3568,6,2855,571,0,2855,0,2141,2141,0,2141,0,0,0,0,0,100,20,1401,280,0,1000,922,3.203937995809869,747.491348011053,0,0,0,0,0,0,0,0,0.2,922,887,1096,100,0,0,0,0,0,0,5,4437,1,1096,43534,34214,4,20,0,0,0,0,0,0,0,0,BENIGN
123,671,6,3,1144,3276,190,10,190,22.09231631792818,1092,0,1092,21.91055939198166,6584797,13404,74,359.39748205302357,671,2,537,89,0,537,0,402,134,0,402,0,0,0,0,0,120,60,8936,4468,0,1000,491,21.01091682091132,321.2841450038324,0,0,0,0,0,0,0,0,0.5,491,190,1092,120,0,0,0,0,0,0,6,1144,3,3276,57531,34417,5,20,0,0,0,0,0,0,0,0,BENIGN
443,998,10,3,5036,3474,503,10,503,5.468550605050593,1158,0,1158,35.61447637863232,8526888,13024,76,616.6478017166564,998,1,798,79,0,798,0,598,199,0,598,0,0,0,0,0,200,60,10018,3005,0,1000,654,5.939966888130044,626.460191332069,0,1,0,0,0,0,0,0,0.3,654,503,1158,200,0,0,0,0,0,0,10,5036,3,3474,46977,43970,9,20,0,0,0,0,0,0,0,0,BENIGN
8080,1723400,354,5,336091,152,949,0,949,44.73546037589407,30,0,30,29.707430962705793,195104,208,4800,299.1114726001819,1723400,5,1378720,3894,0,1378720,0,1034040,206808,0,1034040,0,0,0,0,0,7080,100,205,2,0,1500,936,36.18712554071779,161.7995200608997,0,1,0,0,0,0,0,0,0.01,936,949,30,7080,0,0,0,0,0,0,354,336091,5,152,37171,42807,353,20,0,0,0,0,0,0,0,0,DDoS
53,1865,5,6,1070,3374,214,10,214,14.312684887645306,562,0,562,17.455583422249397,2382887,5896,169,668.7816132227366,1865,6,1492,298,0,1492,0,1119,186,0,1119,0,0,0,0,0,100,120,2680,3216,0,1000,404,24.604831578115494,479.502230337411,0,0,0,0,1,0,0,0,1.2,404,214,562,100,0,0,0,0,0,0,5,1070,6,3374,33881,39108,4,20,0,0,0,0,0,0,0,0,BENIGN
22,2322,3,12,438,7265,146,10,146,7.404955876711567,605,0,605,22.308310461866967,3317248,6458,154,954.6168585479054,2322,6,1858,619,0,1858,0,1393,116,0,1393,0,0,0,0,0,60,240,1291,5166,0,1000,513,73.89536164847549,45.24182690177048,0,1,0,0,0,0,0,0,4.0,513,146,605,60,0,0,0,0,0,0,3,438,12,7265,40908,46671,2,20,0,0,0,0,0,0,0,0,BENIGN
22,557051,84,25,3207,1670,38,0,38,15.007307841646728,66,0,66,14.790385197699063,8755,195,5110,781.1059666753195,557051,9,445640,5305,0,445640,0,334230,13369,0,334230,0,0,0,0,0,1680,500,150,44,0,1000,44,29.222224632754358,670.4045908179605,0,0,0,0,1,0,0,0,0.3,44,38,66,1680,0,0,0,0,0,0,84,3207,25,1670,64932,35317,83,20,0,0,0,0,0,0,0,0,SSH-Patator
53,3831,9,10,3263,6532,362,10,362,48.333479097512964,653,0,653,42.267308333303745,2556690,4958,201,372.25937354258576,3831,3,3065,340,0,3065,0,2298,229,0,2298,0,0,0,0,0,180,200,2348,2609,0,1000,515,39.1817439859738,260.7993121781848,0,1,0,0,0,0,0,0,1.11,515,362,653,180,0,0,0,0,0,0,9,3263,10,6532,36915,40620,8,20,0,0,0,0,0,0,0,0,BENIGN
53,4009,6,10,5581,11341,930,10,930,10.73660609424163,1134,0,1134,25.24970900977862,4221146,3990,250,838.1094457960609,4009,4,3207,534,0,3207,0,2405,240,0,2405,0,0,0,0,0,120,200,1496,2494,0,1000,1057,56.4173905620299,376.8914379634325,0,1,0,0,0,0,0,0,1.67,1057,930,1134,120,0,0,0,0,0,0,6,5581,10,11341,64334,44177,5,20,0,0,0,0,0,0,0,0,BENIGN
123,178,7,1,3689,243,527,10,527,43.270965787644805,243,0,243,7.774559387727953,22059215,44870,22,678.8140035756501,178,9,142,20,0,142,0,106,106,0,106,0,0,0,0,0,140,20,39261,5608,0,1000,491,78.38534701226122,103.93757444155017,0,1,0,0,1,0,0,0,0.14,491,527,243,140,0,0,0,0,0,0,7,3689,1,243,46070,62421,6,20,0,0,0,0,0,0,0,0,BENIGN
123,225,1,8,910,3424,910,10,910,4.22643821882957,428,0,428,17.49090689739021,19261641,39989,25,6.412351777682956,225,5,180,180,0,180,0,135,16,0,135,0,0,0,0,0,20,160,4443,35546,0,1000,481,90.7682138324357,548.0340695093684,0,0,0,0,0,0,0,0,8.0,481,910,428,20,0,0,0,0,0,0,1,910,8,3424,37946,39566,0,20,0,0,0,0,0,0,0,0,BENIGN
22,2471,2,3,1916,3085,958,10,958,43.19017732851528,1028,0,1028,43.966672938177496,2024220,2023,494,558.0677240384812,2471,2,1977,988,0,1977,0,1482,494,0,1482,0,0,0,0,0,40,60,809,1213,0,1000,1000,99.22063838054476,895.1840194675475,0,1,0,0,0,0,0,0,1.5,1000,958,1028,40,0,0,0,0,0,0,2,1916,3,3085,41744,37821,1,20,0,0,0,0,0,0,0,0,BENIGN
443,4061715,227,2,59446,28,261,0,261,17.460152444989603,14,0,14,31.376186822694823,14642,56,17736,867.6594251553618,4061715,6,3249372,14314,0,3249372,0,2437029,1218514,0,2437029,0,0,0,0,0,4540,40,55,0,0,1500,259,33.298244693639546,69.30293510549978,0,1,0,0,0,0,0,0,0.01,259,261,14,4540,0,0,0,0,0,0,227,59446,2,28,30468,29610,226,20,0,0,0,0,0,0,0,0,DDoS
80,1426,9,11,5073,10468,563,10,563,3.699244476861374,951,0,951,28.635751349887776,10895451,14020,71,577.9848732075325,1426,5,1141,126,0,1141,0,855,77,0,855,0,0,0,0,0,180,220,6309,7711,0,1000,777,47.16617849316441,395.70815510684577,0,0,0,0,0,0,0,0,1.22,777,563,951,180,0,0,0,0,0,0,9,5073,11,10468,35926,52255,8,20,0,0,0,0,0,0,0,0,BENIGN
123,1390,5,10,4689,7294,937,10,937,41.64764300420089,729,0,729,46.67303445892031,8620678,10790,92,445.14435541117723,1390,10,1112,222,0,1112,0,834,83,0,834,0,0,0,0,0,100,200,3596,7193,0,1000,798,28.286272973630766,579.6378573194863,0,0,0,0,1,0,0,0,2.0,798,937,729,100,0,0,0,0,0,0,5,4689,10,7294,56792,54064,4,20,0,0,0,0,0,0,0,0,BENIGN
52011,68,1,0,0,0,0,0,0,0.8549626511459074,0,0,0,5.54013589634183,0,14591,68,412.0218410667259,68,7,54,54,0,54,0,41,0,0,41,0,0,0,0,0,20,0,14591,0,0,1000,0,11.105739185787556,837.1719641696922,0,1,0,0,0,0,0,0,0.0,0,0,0,20,0,0,0,0,0,0,1,0,0,0,42453,47236,0,20,0,0,0,0,0,0,0,0,PortScan
123,4657,10,12,3195,10475,319,10,319,2.1863847695019203,872,0,872,49.35940198378182,2935724,4724,211,267.0483010039663,4657,3,3725,372,0,3725,0,2794,232,0,2794,0,0,0,0,0,200,240,2147,2576,0,1000,621,12.719640135026655,32.1319259219961,0,0,0,0,0,0,0,0,1.2,621,319,872,200,0,0,0,0,0,0,10,3195,12,10475,48998,46048,9,20,0,0,0,0,0,0,0,0,BENIGN
443,3593,3,12,2127,12556,709,10,709,31.94973890191396,1046,0,1046,13.568477145338582,4086676,4174,239,791.141825396152,3593,8,2874,958,0,2874,0,2155,179,0,2155,0,0,0,0,0,60,240,834,3339,0,1000,978,94.40505159762158,291.9974224581133,0,0,0,0,0,0,0,0,4.0,978,709,1046,60,0,0,0,0,0,0,3,2127,12,12556,44144,59295,2,20,0,0,0,0,0,0,0,0,BENIGN
443,2182332,353,3,363232,2,1028,0,1028,38.75356381227331,0,0,0,14.11112491698075,166443,163,6130,423.47349371418784,2182332,3,1745866,4945,0,1745866,0,1309399,436466,0,1309399,0,0,0,0,0,7060,60,161,1,0,1500,1020,60.2618787773733,895.1789394720647,0,1,0,0,0,0,0,0,0.01,1020,1028,0,7060,0,0,0,0,0,0,353,363232,3,2,55255,32421,352,20,0,0,0,0,0,0,0,0,DDoS
123,1858,8,10,5547,8086,693,10,693,36.30965193786594,808,0,808,40.075832428378824,7335947,9685,103,673.1643963541057,1858,1,1486,185,0,1486,0,1115,111,0,1115,0,0,0,0,0,160,200,4304,5380,0,1000,757,34.63601424121866,742.8349690345667,0,0,0,0,0,0,0,0,1.25,757,693,808,160,0,0,0,0,0,0,8,5547,10,8086,45083,34868,7,20,0,0,0,0,0,0,0,0,BENIGN
80,2991,7,2,6867,744,981,10,981,35.334193259893,372,0,372,47.21859400192395,2544022,3008,332,393.86443245928217,2991,2,2393,341,0,2393,0,1795,897,0,1795,0,0,0,0,0,140,40,2339,668,0,1000,845,57.9446574867172,799.0204241090554,0,0,0,0,0,0,0,0,0.29,845,981,372,140,0,0,0,0,0,0,7,6867,2,744,65225,41194,6,20,0,0,0,0,0,0,0,0,BENIGN
80,4996,5,12,202,7737,40,10,40,43.25186233020168,644,0,644,42.249711568602386,1589152,3402,293,14.510411734083185,4996,10,3996,799,0,3996,0,2997,249,0,2997,0,0,0,0,0,100,240,1000,2401,0,1000,467,86.8681301201882,872.7005653005608,0,1,0,0,0,0,0,0,2.4,467,40,644,100,0,0,0,0,0,0,5,202,12,7737,56426,65216,4,20,0,0,0,0,0,0,0,0,BENIGN
123,3332,10,4,5732,1323,573,10,573,21.370653698168812,330,0,330,2.5451989729764533,2117597,4201,238,454.157025312102,3332,9,2665,266,0,2665,0,1999,499,0,1999,0,0,0,0,0,200,80,3001,1200,0,1000,504,72.66805030200535,639.7091453906748,0,0,0,0,1,0,0,0,0.4,504,573,330,200,0,0,0,0,0,0,10,5732,4,1323,57056,55489,9,20,0,0,0,0,0,0,0,0,BENIGN
123,4506,8,5,5736,1250,717,10,717,0.36067055865814934,250,0,250,18.91868080590171,1550331,2884,346,754.9814861354253,4506,5,3605,450,0,3605,0,2703,540,0,2703,0,0,0,0,0,160,100,1775,1109,0,1000,537,0.4779592032526758,340.5578475564001,0,0,0,0,1,0,0,0,0.62,537,717,250,160,0,0,0,0,0,0,8,5736,5,1250,38770,43085,7,20,0,0,0,0,0,0,0,0,BENIGN
80,668,2,7,697,1477,348,10,348,36.80175448051168,211,0,211,15.188649571695395,3255281,13470,74,38.21463761220345,668,4,534,267,0,534,0,400,57,0,400,0,0,0,0,0,40,140,2993,10477,0,1000,241,28.03075624512652,636.5166378560576,0,0,0,0,0,0,0,0,3.5,241,348,211,40,0,0,0,0,0,0,2,697,7,1477,47721,36074,1,20,0,0,0,0,0,0,0,0,BENIGN
22,2330,2,11,1938,6683,969,10,969,46.28103476582853,607,0,607,4.765409340488702,3699489,5577,179,146.12966101711498,2330,2,1864,932,0,1864,0,1398,127,0,1398,0,0,0,0,0,40,220,858,4719,0,1000,663,95.60651215083898,599.0876864121294,0,1,0,0,0,0,0,0,5.5,663,969,607,40,0,0,0,0,0,0,2,1938,11,6683,51740,63272,1,20,0,0,0,0,0,0,0,0,BENIGN
37695,151,1,0,0,0,0,0,0,37.32845629493442,0,0,0,34.11538802972257,0,6593,151,254.5649117372395,151,6,121,121,0,121,0,90,0,0,90,0,0,0,0,0,20,0,6593,0,0,1000,0,93.44918930691306,499.1311782588542,0,1,0,0,0,0,0,0,0.0,0,0,0,20,0,0,0,0,0,0,1,0,0,0,32045,45596,0,20,0,0,0,0,0,0,0,0,PortScan
38861,16,1,0,0,0,0,0,0,24.515193149006397,0,0,0,15.777602587581773,0,59414,16,56.75127082826437,16,3,13,13,0,13,0,10,0,0,10,0,0,0,0,0,20,0,59414,0,0,1000,0,88.19032810671165,105.69876835902492,0,1,0,0,0,0,0,0,0.0,0,0,0,20,0,0,0,0,0,0,1,0,0,0,47336,61752,0,20,0,0,0,0,0,0,0,0,PortScan
123,2005,4,9,3840,2734,960,10,960,28.627019170216826,303,0,303,41.92927678789991,3278567,6482,154,314.58648838362456,2005,7,1604,401,0,1604,0,1203,133,0,1203,0,0,0,0,0,80,180,1994,4487,0,1000,505,5.2459590247053605,395.637540692926,0,0,0,0,0,0,0,0,2.25,505,960,303,80,0,0,0,0,0,0,4,3840,9,2734,42080,61503,3,20,0,0,0,0,0,0,0,0,BENIGN
22,3774,7,3,2883,512,411,10,411,1.598714483854441,170,0,170,3.2781135170019846,899796,2649,377,940.6053473052966,3774,6,3019,431,0,3019,0,2264,754,0,2264,0,0,0,0,0,140,60,1854,794,0,1000,339,54.67726418427473,590.6098149387251,0,0,0,0,0,0,0,0,0.43,339,411,170,140,0,0,0,0,0,0,7,2883,3,512,29618,55663,6,20,0,0,0,0,0,0,0,0,BENIGN
443,3778567,448,2,183871,92,410,0,410,39.86099144050494,46,0,46,44.68666923327053,48686,119,8396,24.521134925338806,3778567,6,3022853,6747,0,3022853,0,2267140,1133570,0,2267140,0,0,0,0,0,8960,40,118,0,0,1500,408,20.332322124127668,784.9751505742502,0,1,0,0,0,0,0,0,0.0,408,410,46,8960,0,0,0,0,0,0,448,183871,2,92,36837,51377,447,20,0,0,0,0,0,0,0,0,DDoS
443,3268,8,9,4583,7853,572,10,572,42.12229902272912,872,0,872,44.178431970505315,3804981,5200,192,489.23033562649266,3268,1,2614,326,0,2614,0,1961,217,0,1961,0,0,0,0,0,160,180,2447,2753,0,1000,731,56.94958017007459,201.8599857273309,0,0,0,0,1,0,0,0,1.12,731,572,872,160,0,0,0,0,0,0,8,4583,9,7853,59291,45405,7,20,0,0,0,0,0,0,0,0,BENIGN
80,1941,2,9,1231,3686,615,10,615,7.410912889080912,409,0,409,29.399501065805545,2533231,5665,176,955.1725096752715,1941,10,1553,776,0,1553,0,1164,129,0,1164,0,0,0,0,0,40,180,1030,4635,0,1000,447,69.29036663079697,725.1500559125748,0,0,0,0,1,0,0,0,4.5,447,615,409,40,0,0,0,0,0,0,2,1231,9,3686,36035,58843,1,20,0,0,0,0,0,0,0,0,BENIGN
22,4756,6,11,1321,6500,220,10,220,13.277725270437324,590,0,590,29.25868137576133,1644285,3573,279,751.2028157962325,4756,2,3805,634,0,3805,0,2853,259,0,2853,0,0,0,0,0,120,220,1261,2312,0,1000,460,13.085549134139951,177.8391460088823,0,1,0,0,0,0,0,0,1.83,460,220,590,120,0,0,0,0,0,0,6,1321,11,6500,54701,56082,5,20,0,0,0,0,0,0,0,0,BENIGN
443,932,10,8,2082,3319,208,10,208,46.29398721763036,414,0,414,48.089446711292915,5792089,19300,51,336.83027015663856,932,6,746,74,0,746,0,559,69,0,559,0,0,0,0,0,200,160,10722,8578,0,1000,300,38.32238356912268,969.6303550721825,0,0,0,0,1,0,0,0,0.8,300,208,414,200,0,0,0,0,0,0,10,2082,8,3319,44376,39836,9,20,0,0,0,0,0,0,0,0,BENIGN
443,1879,2,7,212,1395,106,10,106,45.92154575934723,199,0,199,32.541205909335474,855465,4789,208,463.9508455061339,1879,10,1503,751,0,1503,0,1127,161,0,1127,0,0,0,0,0,40,140,1064,3725,0,1000,178,14.553121440224526,487.75265315694236,0,0,0,0,1,0,0,0,3.5,178,106,199,40,0,0,0,0,0,0,2,212,7,1395,29801,32822,1,20,0,0,0,0,0,0,0,0,BENIGN
123,806,2,7,210,1983,105,10,105,40.3632207374498,283,0,283,3.6904834793606955,2719498,11152,89,751.9121704549431,806,4,645,322,0,645,0,484,69,0,484,0,0,0,0,0,40,140,2478,8674,0,1000,243,27.806424490738614,259.90738651891274,0,1,0,0,1,0,0,0,3.5,243,105,283,40,0,0,0,0,0,0,2,210,7,1983,45101,44932,1,20,0,0,0,0,0,0,0,0,BENIGN
3306,4656244,55,0,38731,0,704,0,704,4.793986945169642,0,0,0,2.579555495315206,8318,11,84658,26.0308348898608,4656244,8,3724995,67727,0,3724995,0,2793746,0,0,2793746,0,0,0,0,0,1100,0,11,0,0,1500,704,33.77761226851037,248.90752092443392,0,1,0,0,0,0,0,0,0.0,704,704,0,1100,0,0,0,0,0,0,55,38731,0,0,39266,60280,54,20,0,0,0,0,0,0,0,0,DDoS
80,1119,6,5,3134,1006,522,10,522,49.58142149085781,201,0,201,22.25523028439244,3699646,9828,101,549.7789140374131,1119,2,895,149,0,895,0,671,134,0,671,0,0,0,0,0,120,100,5360,4467,0,1000,376,61.259242257649774,651.7887349723026,0,0,0,0,0,0,0,0,0.83,376,522,201,120,0,0,0,0,0,0,6,3134,5,1006,34208,46552,5,20,0,0,0,0,0,0,0,0,BENIGN
53,140,5,7,4154,6727,830,10,830,9.318140622972344,961,0,961,27.152791687150945,77339524,85285,11,811.7102763200891,140,1,112,22,0,112,0,84,12,0,84,0,0,0,0,0,100,140,35535,49749,0,1000,906,79.17840787623098,747.0883079423606,0,1,0,0,1,0,0,0,1.4,906,830,961,100,0,0,0,0,0,0,5,4154,7,6727,29233,34191,4,20,0,0,0,0,0,0,0,0,BENIGN
53,3633,4,4,659,4377,164,10,164,18.276134837193737,1094,0,1094,42.47566141903009,1386349,2201,454,436.3793814865036,3633,2,2906,726,0,2906,0,2179,544,0,2179,0,0,0,0,0,80,80,1100,1100,0,1000,629,11.457319884860617,345.8611954091135,0,1,0,0,0,0,0,0,1.0,629,164,1094,80,0,0,0,0,0,0,4,659,4,4377,37633,42849,3,20,0,0,0,0,0,0,0,0,BENIGN
53,3582,2,3,1686,2923,843,10,843,1.3146901130533517,974,0,974,36.12891941403079,1286580,1395,716,8.622237122769771,3582,5,2866,1433,0,2866,0,2149,716,0,2149,0,0,0,0,0,40,60,558,837,0,1000,921,90.42738551299072,878.4870921871908,0,1,0,0,0,0,0,0,1.5,921,843,974,40,0,0,0,0,0,0,2,1686,3,2923,53309,33212,1,20,0,0,0,0,0,0,0,0,BENIGN
443,2783,4,6,2184,1165,546,10,546,40.66315687289374,194,0,194,7.957408929517923,1203621,3592,278,85.53827287569472,2783,6,2226,556,0,2226,0,1670,278,0,1670,0,0,0,0,0,80,120,1436,2155,0,1000,335,90.48151454447249,578.909835492993,0,1,0,0,0,0,0,0,1.5,335,546,194,80,0,0,0,0,0,0,4,2184,6,1165,52320,53758,3,20,0,0,0,0,0,0,0,0,BENIGN
80,1125,10,4,5718,1966,571,10,571,36.689492392578536,491,0,491,1.4467411652668682,6828617,12439,80,866.3822757787635,1125,1,900,90,0,900,0,675,168,0,675,0,0,0,0,0,200,80,8885,3554,0,1000,548,84.18132793514846,854.3423623091578,0,1,0,0,0,0,0,0,0.4,548,571,491,200,0,0,0,0,0,0,10,5718,4,1966,43448,59912,9,20,0,0,0,0,0,0,0,0,BENIGN
22,443810,111,67,4209,1516,37,0,37,22.804532625007635,22,0,22,4.273637031610361,12902,401,2493,88.80908410636923,443810,7,355048,3198,0,355048,0,266286,3974,0,266286,0,0,0,0,0,2220,1340,250,150,0,1000,32,88.91743676813036,26.308382257005935,0,0,0,0,1,0,0,0,0.6,32,37,22,2220,0,0,0,0,0,0,111,4209,67,1516,56714,39046,110,20,0,0,0,0,0,0,0,0,SSH-Patator
443,659,7,5,5076,1571,725,10,725,40.053477950492265,314,0,314,22.249041894656585,10074652,18186,54,729.698798811772,659,6,527,75,0,527,0,395,79,0,395,0,0,0,0,0,140,100,10608,7577,0,1000,553,52.37952591294207,509.23476822165867,0,1,0,0,0,0,0,0,0.71,553,725,314,140,0,0,0,0,0,0,7,5076,5,1571,46720,53939,6,20,0,0,0,0,0,0,0,0,BENIGN
443,103,2,6,1232,1462,616,10,616,41.02562453811666,243,0,243,11.96668990791162,26125724,77554,12,546.3408150847467,103,9,82,41,0,82,0,61,10,0,61,0,0,0,0,0,40,120,19388,58166,0,1000,336,87.85646191804588,94.86076956733159,0,0,0,0,0,0,0,0,3.0,336,616,243,40,0,0,0,0,0,0,2,1232,6,1462,41512,51457,1,20,0,0,0,0,0,0,0,0,BENIGN
80,824381,96,0,30869,0,321,0,321,30.46438058264731,0,0,0,48.613236369706996,37445,116,8587,876.9915055135862,824381,6,659505,6869,0,659505,0,494629,0,0,494629,0,0,0,0,0,1920,0,116,0,0,1500,321,45.27392322774423,772.474129460961,0,1,0,0,0,0,0,0,0.0,321,321,0,1920,0,0,0,0,0,0,96,30869,0,0,44800,53204,95,20,0,0,0,0,0,0,0,0,DDoS
123,352,7,2,3297,2268,471,10,471,6.37236180248848,1134,0,1134,20.575999393524146,15780057,25518,39,237.5409423494047,352,9,282,40,0,282,0,211,105,0,211,0,0,0,0,0,140,40,19847,5670,0,1000,618,85.15946338940161,134.83235658005222,0,0,0,0,1,0,0,0,0.29,618,471,1134,140,0,0,0,0,0,0,7,3297,2,2268,40623,59146,6,20,0,0,0,0,0,0,0,0,BENIGN
53,3972,9,10,6585,7953,731,10,731,2.1371644793419184,795,0,795,23.649430520741284,3660257,4783,209,185.93383615733728,3972,9,3177,353,0,3177,0,2383,238,0,2383,0,0,0,0,0,180,200,2265,2517,0,1000,765,13.041492296785506,614.1235978929323,0,0,0,0,0,0,0,0,1.11,765,731,795,180,0,0,0,0,0,0,9,6585,10,7953,45030,64512,8,20,0,0,0,0,0,0,0,0,BENIGN
443,3729,3,12,2128,14264,709,10,709,37.0924243706758,1188,0,1188,42.32559884682743,4395019,4021,248,499.6004176934764,3729,1,2983,994,0,2983,0,2237,186,0,2237,0,0,0,0,0,60,240,804,3217,0,1000,1092,58.37894430983851,964.3247632513181,0,1,0,0,0,0,0,0,4.0,1092,709,1188,60,0,0,0,0,0,0,3,2128,12,14264,37644,32300,2,20,0,0,0,0,0,0,0,0,BENIGN
123,3209,5,12,997,1489,199,10,199,26.95505819352697,124,0,124,40.07775309915566,775040,5296,188,114.98638265591998,3209,9,2567,513,0,2567,0,1925,160,0,1925,0,0,0,0,0,100,240,1557,3738,0,1000,146,60.88716416658666,829.1283261791416,0,0,0,0,0,0,0,0,2.4,146,199,124,100,0,0,0,0,0,0,5,997,12,1489,57500,49878,4,20,0,0,0,0,0,0,0,0,BENIGN
123,1055,7,3,6181,254,883,10,883,2.286567071166601,84,0,84,18.74844701264961,6097000,9473,105,237.64751328186574,1055,4,844,120,0,844,0,633,211,0,633,0,0,0,0,0,140,60,6631,2842,0,1000,643,3.888918297614752,251.9171257977567,0,0,0,0,1,0,0,0,0.43,643,883,84,140,0,0,0,0,0,0,7,6181,3,254,44763,63898,6,20,0,0,0,0,0,0,0,0,BENIGN
80,1596,9,10,8264,10591,918,10,918,17.820284970470713,1059,0,1059,0.0963712850384546,11810700,11900,84,693.8742693603193,1596,3,1277,141,0,1277,0,957,95,0,957,0,0,0,0,0,180,200,5637,6263,0,1000,992,61.533245181913834,703.0011654273655,0,0,0,0,0,0,0,0,1.11,992,918,1059,180,0,0,0,0,0,0,9,8264,10,10591,62440,36774,8,20,0,0,0,0,0,0,0,0,BENIGN
80,2193,5,4,4196,2169,839,10,839,27.59916953073189,542,0,542,19.66112521967225,2902978,4103,243,114.42925488487144,2193,10,1754,350,0,1754,0,1315,328,0,1315,0,0,0,0,0,100,80,2279,1823,0,1000,707,1.2956622811760354,205.1501594882752,0,0,0,0,0,0,0,0,0.8,707,839,542,100,0,0,0,0,0,0,5,4196,4,2169,35383,62737,4,20,0,0,0,0,0,0,0,0,BENIGN
80,4113,3,1,869,1073,289,10,289,18.477571670826265,1073,0,1073,1.2473850216980775,472414,972,1028,108.48059359994444,4113,6,3290,1096,0,3290,0,2468,2468,0,2468,0,0,0,0,0,60,20,729,243,0,1000,485,41.02483141367335,992.3624332179476,0,0,0,0,1,0,0,0,0.33,485,289,1073,60,0,0,0,0,0,0,3,869,1,1073,40994,50778,2,20,0,0,0,0,0,0,0,0,BENIGN
123,481,5,2,3723,1922,744,10,744,6.009286353379184,961,0,961,12.632682121537176,11731354,14543,68,110.12472700391062,481,5,385,77,0,385,0,288,144,0,288,0,0,0,0,0,100,40,10388,4155,0,1000,806,75.75142031946054,447.90313194743635,0,1,0,0,1,0,0,0,0.4,806,744,961,100,0,0,0,0,0,0,5,3723,2,1922,58884,54823,4,20,0,0,0,0,0,0,0,0,BENIGN
30750,82,1,1,0,0,0,0,0,14.621539010637024,0,0,0,16.23775648376471,0,24273,41,402.44393621020413,82,7,65,65,0,65,0,49,49,0,49,0,0,0,0,0,20,20,12136,12136,0,1000,0,95.86143675627046,600.4394918925934,0,1,0,0,0,0,0,0,1.0,0,0,0,20,0,0,0,0,0,0,1,0,1,0,42262,64031,0,20,0,0,0,0,0,0,0,0,PortScan
123,4697,1,12,86,3299,86,10,86,1.4005487858600674,274,0,274,46.72148136310992,720694,2767,361,807.9508874109187,4697,9,3757,3757,0,3757,0,2818,234,0,2818,0,0,0,0,0,20,240,212,2554,0,1000,260,13.186748513410551,851.1272049812991,0,1,0,0,0,0,0,0,12.0,260,86,274,20,0,0,0,0,0,0,1,86,12,3299,64947,62171,0,20,0,0,0,0,0,0,0,0,BENIGN
22,3194,8,10,3611,2712,451,10,451,44.05226944615701,271,0,271,34.81473088437147,1979254,5633,177,886.6102457434267,3194,6,2555,319,0,2555,0,1916,191,0,1916,0,0,0,0,0,160,200,2503,3129,0,1000,351,29.560946242624098,637.8455134515301,0,0,0,0,0,0,0,0,1.25,351,451,271,160,0,0,0,0,0,0,8,3611,10,2712,33754,32000,7,20,0,0,0,0,0,0,0,0,BENIGN
80,3005,7,1,3489,1035,498,10,498,31.260718297542912,1035,0,1035,23.874806618775672,1505917,2662,375,857.1873633166531,3005,6,2404,343,0,2404,0,1803,1803,0,1803,0,0,0,0,0,140,20,2329,332,0,1000,565,54.40769107254163,293.37263977409634,0,0,0,0,1,0,0,0,0.14,565,498,1035,140,0,0,0,0,0,0,7,3489,1,1035,38826,40704,6,20,0,0,0,0,0,0,0,0,BENIGN
48400,6,1,0,0,0,0,0,0,11.241145390559499,0,0,0,14.946354933243716,0,150843,6,710.623535912102,6,7,5,5,0,5,0,3,0,0,3,0,0,0,0,0,20,0,150843,0,0,1000,0,46.998854044429706,183.4997088742515,0,1,0,0,0,0,0,0,0.0,0,0,0,20,0,0,0,0,0,0,1,0,0,0,50518,64669,0,20,0,0,0,0,0,0,0,0,PortScan
123,3580,4,6,2628,3940,657,10,657,45.16870358215632,656,0,656,25.464011316906177,1834724,2792,358,542.5555772093854,3580,9,2864,716,0,2864,0,2148,358,0,2148,0,0,0,0,0,80,120,1117,1675,0,1000,656,20.61514649154149,843.5644839423427,0,1,0,0,1,0,0,0,1.5,656,657,656,80,0,0,0,0,0,0,4,2628,6,3940,48370,44350,3,20,0,0,0,0,0,0,0,0,BENIGN
51500,67,1,0,0,0,0,0,0,46.69728261080128,0,0,0,20.871550301540477,0,14822,67,293.6203307618276,67,9,53,53,0,53,0,40,0,0,40,0,0,0,0,0,20,0,14822,0,0,1000,0,37.48149969198414,553.3894522367228,0,1,0,0,0,0,0,0,0.0,0,0,0,20,0,0,0,0,0,0,1,0,0,0,59400,38286,0,20,0,0,0,0,0,0,0,0,PortScan
22,3012,2,9,731,2597,365,10,365,41.329749997156554,288,0,288,49.02010023842339,1105132,3651,273,24.125736176801137,3012,8,2410,1205,0,2410,0,1807,200,0,1807,0,0,0,0,0,40,180,663,2987,0,1000,302,88.03460828024153,131.94284123530775,0,1,0,0,0,0,0,0,4.5,302,365,288,40,0,0,0,0,0,0,2,731,9,2597,51396,34718,1,20,0,0,0,0,0,0,0,0,BENIGN
123,3890,8,2,325,841,40,10,40,24.38991094095309,420,0,420,8.256431831967648,299832,2570,389,175.25615942768968,3890,10,3112,389,0,3112,0,2334,1167,0,2334,0,0,0,0,0,160,40,2056,514,0,1000,116,47.77623227617938,422.72673109528915,0,0,0,0,1,0,0,0,0.25,116,40,420,160,0,0,0,0,0,0,8,325,2,841,63577,59391,7,20,0,0,0,0,0,0,0,0,BENIGN
123,536,2,6,1742,2479,871,10,871,7.323860218195138,413,0,413,36.828553485812,7872540,14918,67,157.16830588461684,536,10,429,214,0,429,0,321,53,0,321,0,0,0,0,0,40,120,3729,11188,0,1000,527,45.458915447213386,460.0493405784851,0,0,0,0,1,0,0,0,3.0,527,871,413,40,0,0,0,0,0,0,2,1742,6,2479,56071,43065,1,20,0,0,0,0,0,0,0,0,BENIGN
53,4248,1,10,912,410,912,10,912,21.987847792394614,41,0,41,20.516176809382358,311331,2589,386,453.0943815460591,4248,7,3398,3398,0,3398,0,2549,254,0,2549,0,0,0,0,0,20,200,235,2353,0,1000,120,83.43625370953447,177.72167049551945,0,1,0,0,0,0,0,0,10.0,120,912,41,20,0,0,0,0,0,0,1,912,10,410,49971,52872,0,20,0,0,0,0,0,0,0,0,BENIGN
22,1244,2,9,1952,7433,976,10,976,4.971669416452695,825,0,825,24.90421196572449,7539598,8836,113,258.4122108685376,1244,4,995,497,0,995,0,746,82,0,746,0,0,0,0,0,40,180,1606,7229,0,1000,853,86.55147389616087,402.2299010515924,0,0,0,0,1,0,0,0,4.5,853,976,825,40,0,0,0,0,0,0,2,1952,9,7433,58176,61015,1,20,0,0,0,0,0,0,0,0,BENIGN
80,1589,3,3,2232,2646,744,10,744,38.87535923832463,882,0,882,30.214986746606314,3070040,3775,264,206.41656185656743,1589,3,1271,423,0,1271,0,953,317,0,953,0,0,0,0,0,60,60,1887,1887,0,1000,813,40.05838185433013,409.26212456980835,0,0,0,0,1,0,0,0,1.0,813,744,882,60,0,0,0,0,0,0,3,2232,3,2646,46813,36874,2,20,0,0,0,0,0,0,0,0,BENIGN
123,1742,5,11,495,3305,99,10,99,32.20216443313187,300,0,300,24.07210812657401,2180573,9180,108,43.610233926398735,1742,7,1394,278,0,1394,0,1045,95,0,1045,0,0,0,0,0,100,220,2869,6311,0,1000,237,24.64330143311542,591.1686392690707,0,0,0,0,0,0,0,0,2.2,237,99,300,100,0,0,0,0,0,0,5,495,11,3305,45071,36513,4,20,0,0,0,0,0,0,0,0,BENIGN
80,1648,6,4,680,2738,113,10,113,17.93531670215469,684,0,684,41.013251412927225,2074371,6066,164,917.2722178176746,1648,5,1318,219,0,1318,0,988,247,0,988,0,0,0,0,0,120,80,3640,2426,0,1000,341,55.45080415007657,728.6713284536216,0,0,0,0,0,0,0,0,0.67,341,113,684,120,0,0,0,0,0,0,6,680,4,2738,51081,31419,5,20,0,0,0,0,0,0,0,0,BENIGN
443,4295,4,1,2314,509,578,10,578,30.913331362108142,509,0,509,26.288734481880148,657358,1163,859,892.3463729748406,4295,7,3436,859,0,3436,0,2577,2577,0,2577,0,0,0,0,0,80,20,931,232,0,1000,564,88.03824490580607,443.1687972204901,0,0,0,0,0,0,0,0,0.25,564,578,509,80,0,0,0,0,0,0,4,2314,1,509,63014,55860,3,20,0,0,0,0,0,0,0,0,BENIGN
80,4358,2,6,873,5065,436,10,436,12.49406611045617,844,0,844,6.7951817028881365,1362571,1835,544,35.456070123063064,4358,3,3486,1743,0,3486,0,2615,435,0,2615,0,0,0,0,0,40,120,458,1376,0,1000,742,26.596167735233887,533.7605557270401,0,1,0,0,0,0,0,0,3.0,742,436,844,40,0,0,0,0,0,0,2,873,6,5065,62740,50129,1,20,0,0,0,0,0,0,0,0,BENIGN
22,4271,4,9,1954,6188,488,10,488,31.164139127145223,687,0,687,21.02040630069224,1906252,3043,328,697.5973619358045,4271,2,3417,854,0,3417,0,2562,284,0,2562,0,0,0,0,0,80,180,936,2106,0,1000,626,76.31551642227376,126.90994513750876,0,1,0,0,1,0,0,0,2.25,626,488,687,80,0,0,0,0,0,0,4,1954,9,6188,63674,30918,3,20,0,0,0,0,0,0,0,0,BENIGN
443,4354,1,3,639,3243,639,10,639,31.92655012122706,1081,0,1081,28.1244132205095,891818,918,1088,641.7660167910716,4354,1,3483,3483,0,3483,0,2612,870,0,2612,0,0,0,0,0,20,60,229,689,0,1000,970,7.648107770819235,947.608027300992,0,0,0,0,0,0,0,0,3.0,970,639,1081,20,0,0,0,0,0,0,1,639,3,3243,55334,65527,0,20,0,0,0,0,0,0,0,0,BENIGN
53,4462,5,4,4208,1843,841,10,841,2.206773497028569,460,0,460,0.8930941577467488,1355907,2016,495,522.2138815581557,4462,3,3570,714,0,3570,0,2677,669,0,2677,0,0,0,0,0,100,80,1120,896,0,1000,672,83.12888874435251,359.41597318929087,0,1,0,0,1,0,0,0,0.8,672,841,460,100,0,0,0,0,0,0,5,4208,4,1843,35371,34424,4,20,0,0,0,0,0,0,0,0,BENIGN
80,535,2,11,124,9135,62,10,62,43.41064887472245,830,0,830,38.927625234385964,17291761,24275,41,180.72887181349307,535,10,428,214,0,428,0,321,29,0,321,0,0,0,0,0,40,220,3734,20540,0,1000,712,91.22914106587476,232.71729620157467,0,1,0,0,1,0,0,0,5.5,712,62,830,40,0,0,0,0,0,0,2,124,11,9135,45741,64367,1,20,0,0,0,0,0,0,0,0,BENIGN
443,4221891,208,3,248562,97,1195,0,1195,14.72646030188194,32,0,32,20.977821515634528,58897,49,20008,909.0076934070235,4221891,9,3377513,16238,0,3377513,0,2533134,844378,0,2533134,0,0,0,0,0,4160,60,49,0,0,1500,1178,67.83583081995229,863.9496711556574,0,1,0,0,0,0,0,0,0.01,1178,1195,32,4160,0,0,0,0,0,0,208,248562,3,97,48393,52827,207,20,0,0,0,0,0,0,0,0,DDoS
2492,75,1,0,0,0,0,0,0,11.218490885758275,0,0,0,2.536133540389618,0,13261,75,665.5142533325451,75,4,60,60,0,60,0,45,0,0,45,0,0,0,0,0,20,0,13261,0,0,1000,0,5.898387834055308,903.7001369783721,0,1,0,0,0,0,0,0,0.0,0,0,0,20,0,0,0,0,0,0,1,0,0,0,42157,41327,0,20,0,0,0,0,0,0,0,0,PortScan
80,2846338,221,2,269138,30,1217,0,1217,48.72096251396929,15,0,15,48.028870969842856,94566,78,12763,817.9316402151142,2846338,9,2277070,10303,0,2277070,0,1707803,853901,0,1707803,0,0,0,0,0,4420,40,77,0,0,1500,1207,51.37490576577014,831.0666442680167,0,1,0,0,0,0,0,0,0.01,1207,1217,15,4420,0,0,0,0,0,0,221,269138,2,30,40610,64424,220,20,0,0,0,0,0,0,0,0,DDoS
8080,1567180,85,1,114180,15,1343,0,1343,13.321149514973795,15,0,15,6.003876919288609,72866,54,18223,412.0726605903713,1567180,3,1253744,14749,0,1253744,0,940308,940308,0,940308,0,0,0,0,0,1700,20,54,0,0,1500,1327,77.6822887353171,813.5382610116529,0,1,0,0,0,0,0,0,0.01,1327,1343,15,1700,0,0,0,0,0,0,85,114180,1,15,31141,31220,84,20,0,0,0,0,0,0,0,0,DDoS
53,3616,3,7,2693,7841,897,10,897,32.220362327421,1120,0,1120,18.087177097513273,2913149,2764,361,201.48927984619402,3616,9,2893,964,0,2893,0,2169,309,0,2169,0,0,0,0,0,60,140,829,1935,0,1000,1053,26.59171581737908,502.0143033054225,0,0,0,0,0,0,0,0,2.33,1053,897,1120,60,0,0,0,0,0,0,3,2693,7,7841,33954,55440,2,20,0,0,0,0,0,0,0,0,BENIGN
53,1044,1,12,890,7928,890,10,890,16.683017744617874,660,0,660,11.36905339669344,8446945,12451,80,723.8934177148452,1044,9,835,835,0,835,0,626,52,0,626,0,0,0,0,0,20,240,957,11493,0,1000,678,17.583401066713844,409.2047120605572,0,1,0,0,1,0,0,0,12.0,678,890,660,20,0,0,0,0,0,0,1,890,12,7928,60541,43046,0,20,0,0,0,0,0,0,0,0,BENIGN
80,2836,3,6,474,4668,158,10,158,13.59383820094261,778,0,778,2.1536162275319515,1813275,3173,315,860.9633348009711,2836,9,2268,756,0,2268,0,1701,283,0,1701,0,0,0,0,0,60,120,1057,2115,0,1000,571,99.60828348597352,264.6129912467511,0,1,0,0,1,0,0,0,2.0,571,158,778,60,0,0,0,0,0,0,3,474,6,4668,51056,42320,2,20,0,0,0,0,0,0,0,0,BENIGN
80,299,2,4,677,270,338,10,338,19.17705050219613,67,0,67,27.78162338511857,3169029,20052,49,4.1498262423314,299,9,239,119,0,239,0,179,44,0,179,0,0,0,0,0,40,80,6684,13368,0,1000,158,74.34012991425294,477.1312778650357,0,1,0,0,0,0,0,0,2.0,158,338,67,40,0,0,0,0,0,0,2,677,4,270,47729,44506,1,20,0,0,0,0,0,0,0,0,BENIGN
123,922,8,8,4690,400,586,10,586,42.68850521933405,50,0,50,13.091665052187535,5521908,17352,57,977.8822431086342,922,10,737,92,0,737,0,553,69,0,553,0,0,0,0,0,160,160,8676,8676,0,1000,318,23.464348071215824,941.6627565907474,0,1,0,0,0,0,0,0,1.0,318,586,50,160,0,0,0,0,0,0,8,4690,8,400,43239,51604,7,20,0,0,0,0,0,0,0,0,BENIGN
443,1535583,413,0,111473,0,269,0,269,22.615660459259967,0,0,0,45.05291569332257,72593,268,3718,724.6819908546212,1535583,1,1228466,2974,0,1228466,0,921349,0,0,921349,0,0,0,0,0,8260,0,268,0,0,1500,269,41.154579146227945,53.18264450595156,0,1,0,0,0,0,0,0,0.0,269,269,0,8260,0,0,0,0,0,0,413,111473,0,0,63421,32843,412,20,0,0,0,0,0,0,0,0,DDoS
53,2958,9,3,2775,2490,308,10,308,18.499158779782455,830,0,830,38.88841473453666,1779595,4055,246,856.353856142128,2958,2,2367,263,0,2367,0,1775,591,0,1775,0,0,0,0,0,180,60,3041,1013,0,1000,438,27.044027185389307,31.740905034913446,0,0,0,0,1,0,0,0,0.33,438,308,830,180,0,0,0,0,0,0,9,2775,3,2490,58374,58231,8,20,0,0,0,0,0,0,0,0,BENIGN
80,1781,3,3,1306,1125,435,10,435,20.013574997255674,375,0,375,30.988361595211995,1365377,3368,296,790.4037935543577,1781,9,1425,475,0,1425,0,1068,356,0,1068,0,0,0,0,0,60,60,1684,1684,0,1000,405,13.904414953637524,474.59297045517434,0,1,0,0,0,0,0,0,1.0,405,435,375,60,0,0,0,0,0,0,3,1306,3,1125,30708,50550,2,20,0,0,0,0,0,0,0,0,BENIGN
443,3600881,436,5,386898,217,887,0,887,14.027550923780074,43,0,43,12.097059933316128,107505,122,8165,968.9833646782336,3600881,1,2880705,6607,0,2880705,0,2160528,432105,0,2160528,0,0,0,0,0,8720,100,121,1,0,1500,877,19.880998254918136,484.65966042512053,0,1,0,0,0,0,0,0,0.01,877,887,43,8720,0,0,0,0,0,0,436,386898,5,217,47288,64350,435,20,0,0,0,0,0,0,0,0,DDoS
22,2255,5,12,4496,9577,899,10,899,44.421816776480085,798,0,798,15.715567669553327,6240397,7538,132,567.1990996061843,2255,6,1804,360,0,1804,0,1353,112,0,1353,0,0,0,0,0,100,240,2217,5321,0,1000,827,13.389288802086396,773.4342916107107,0,1,0,0,1,0,0,0,2.4,827,899,798,100,0,0,0,0,0,0,5,4496,12,9577,52576,32530,4,20,0,0,0,0,0,0,0,0,BENIGN
22,302447,27,60,1812,3986,67,0,67,25.20410902722865,66,0,66,8.199204237983281,19172,287,3476,235.01968623264446,302447,3,241958,8961,0,241958,0,181468,3024,0,181468,0,0,0,0,0,540,1200,89,198,0,1000,66,36.60954313979216,787.578094436023,0,0,0,0,1,0,0,0,2.22,66,67,66,540,0,0,0,0,0,0,27,1812,60,3986,35109,51128,26,20,0,0,0,0,0,0,0,0,SSH-Patator
443,2530,6,5,5901,1302,983,10,983,47.205681317461675,260,0,260,16.136151991441285,2846410,4346,230,798.5932752557203,2530,9,2024,337,0,2024,0,1518,303,0,1518,0,0,0,0,0,120,100,2370,1975,0,1000,654,18.00239707156235,628.2035627716824,0,1,0,0,0,0,0,0,0.83,654,983,260,120,0,0,0,0,0,0,6,5901,5,1302,55131,45321,5,20,0,0,0,0,0,0,0,0,BENIGN
123,2020,4,7,674,7017,168,10,168,49.227149657924144,1002,0,1002,31.915718092589028,3807126,5444,183,247.62192938090445,2020,7,1616,404,0,1616,0,1212,173,0,1212,0,0,0,0,0,80,140,1979,3464,0,1000,699,10.434019365978441,650.2934051952963,0,1,0,0,0,0,0,0,1.75,699,168,1002,80,0,0,0,0,0,0,4,674,7,7017,56335,55926,3,20,0,0,0,0,0,0,0,0,BENIGN
8080,237793,150,2,47002,2,313,0,313,8.308609288999774,1,0,1,48.9549302051376,197672,639,1564,204.57679830627663,237793,1,190235,1268,0,190235,0,142676,71338,0,142676,0,0,0,0,0,3000,40,630,8,0,1500,309,67.1756525379272,177.16538977397468,0,1,0,0,0,0,0,0,0.01,309,313,1,3000,0,0,0,0,0,0,150,47002,2,2,58374,59661,149,20,0,0,0,0,0,0,0,0,DDoS
443,1400,2,6,412,5078,206,10,206,14.154604957514023,846,0,846,6.793696622526657,3919394,5710,175,119.11374046436474,1400,3,1120,560,0,1120,0,840,140,0,840,0,0,0,0,0,40,120,1427,4282,0,1000,686,62.03494594777933,629.993566778287,0,0,0,0,1,0,0,0,3.0,686,206,846,40,0,0,0,0,0,0,2,412,6,5078,41452,43651,1,20,0,0,0,0,0,0,0,0,BENIGN
443,763,4,1,3919,110,979,10,979,17.214244004776873,110,0,110,3.0215873560358766,5276486,6546,152,507.454339830579,763,10,611,152,0,611,0,458,458,0,458,0,0,0,0,0,80,20,5236,1309,0,1000,806,64.8753624410151,638.0405222690415,0,0,0,0,1,0,0,0,0.25,806,979,110,80,0,0,0,0,0,0,4,3919,1,110,46869,44673,3,20,0,0,0,0,0,0,0,0,BENIGN
53,160,2,1,351,1065,175,10,175,28.74636567836354,1065,0,1065,32.24961962616347,8804761,18639,53,456.02340025263686,160,7,128,64,0,128,0,96,96,0,96,0,0,0,0,0,40,20,12426,6213,0,1000,472,16.923643043061087,720.1081945075,0,0,0,0,1,0,0,0,0.5,472,175,1065,40,0,0,0,0,0,0,2,351,1,1065,33665,57652,1,20,0,0,0,0,0,0,0,0,BENIGN
80,1816,8,2,6789,421,848,10,848,1.534377972453127,210,0,210,17.516183657395178,3970394,5506,181,713.1421245679833,1816,3,1452,181,0,1452,0,1089,544,0,1089,0,0,0,0,0,160,40,4404,1101,0,1000,721,76.35396746901012,826.6349538616148,0,0,0,0,0,0,0,0,0.25,721,848,210,160,0,0,0,0,0,0,8,6789,2,421,41531,31769,7,20,0,0,0,0,0,0,0,0,BENIGN
443,2678,8,6,4751,4114,593,10,593,14.735689234095645,685,0,685,39.418050001771824,3310443,5227,191,538.0673710319024,2678,3,2142,267,0,2142,0,1606,267,0,1606,0,0,0,0,0,160,120,2987,2240,0,1000,633,61.94716917269704,842.978769963322,0,0,0,0,1,0,0,0,0.75,633,593,685,160,0,0,0,0,0,0,8,4751,6,4114,54699,57428,7,20,0,0,0,0,0,0,0,0,BENIGN
123,4128,9,6,1740,5593,193,10,193,48.31711441070314,932,0,932,8.989115134673414,1776453,3633,275,135.6519772222765,4128,3,3303,367,0,3303,0,2477,412,0,2477,0,0,0,0,0,180,120,2179,1453,0,1000,488,58.14252898715593,779.8495961996219,0,1,0,0,1,0,0,0,0.67,488,193,932,180,0,0,0,0,0,0,9,1740,6,5593,41863,52451,8,20,0,0,0,0,0,0,0,0,BENIGN
22,1689,8,7,5428,5607,678,10,678,7.692602905891705,801,0,801,32.63512177846184,6533699,8880,112,78.02553810881551,1689,7,1351,168,0,1351,0,1013,144,0,1013,0,0,0,0,0,160,140,4736,4144,0,1000,735,20.599881472731052,501.8449261826794,0,1,0,0,0,0,0,0,0.88,735,678,801,160,0,0,0,0,0,0,8,5428,7,5607,55157,55727,7,20,0,0,0,0,0,0,0,0,BENIGN
123,4221,10,12,9305,10304,930,10,930,27.976107696087027,858,0,858,30.39332962393648,4644787,5210,191,347.12252862493966,4221,6,3377,337,0,3377,0,2533,211,0,2533,0,0,0,0,0,200,240,2368,2842,0,1000,891,66.21855482669523,405.8836478593744,0,0,0,0,1,0,0,0,1.2,891,930,858,200,0,0,0,0,0,0,10,9305,12,10304,59331,53582,9,20,0,0,0,0,0,0,0,0,BENIGN
53,2203,5,11,1204,3572,240,10,240,3.7678185510033266,324,0,324,15.961620938533983,2168152,7261,137,122.62484722570444,2203,9,1762,352,0,1762,0,1321,120,0,1321,0,0,0,0,0,100,220,2269,4992,0,1000,298,38.91880785460153,0.4356245706427231,0,0,0,0,0,0,0,0,2.2,298,240,324,100,0,0,0,0,0,0,5,1204,11,3572,37248,33398,4,20,0,0,0,0,0,0,0,0,BENIGN
123,4487,5,8,1055,4202,211,10,211,49.05139966940455,525,0,525,22.576647061387376,1171775,2897,345,14.457278549118268,4487,9,3589,717,0,3589,0,2692,336,0,2692,0,0,0,0,0,100,160,1114,1782,0,1000,404,91.36848758752775,401.28100652589325,0,0,0,0,0,0,0,0,1.6,404,211,525,100,0,0,0,0,0,0,5,1055,8,4202,34407,37040,4,20,0,0,0,0,0,0,0,0,BENIGN
22,4239,1,1,363,846,363,10,363,41.983356792424395,846,0,846,8.712360116352242,285375,471,2119,75.81691398652002,4239,5,3391,3391,0,3391,0,2543,2543,0,2543,0,0,0,0,0,20,20,235,235,0,1000,604,53.59046468113833,730.1503602354957,0,0,0,0,1,0,0,0,1.0,604,363,846,20,0,0,0,0,0,0,1,363,1,846,47913,60253,0,20,0,0,0,0,0,0,0,0,BENIGN
443,2354,5,3,433,2731,86,10,86,45.24853719893224,910,0,910,11.733493334850948,1344223,3398,294,329.3366376851351,2354,5,1883,376,0,1883,0,1412,470,0,1412,0,0,0,0,0,100,60,2123,1274,0,1000,395,78.94725641350739,258.6524150218774,0,0,0,0,1,0,0,0,0.6,395,86,910,100,0,0,0,0,0,0,5,433,3,2731,55556,60384,4,20,0,0,0,0,0,0,0,0,BENIGN
443,1864,1,4,183,1886,183,10,183,37.45187199166701,471,0,471,5.134280586290657,1110005,2681,372,774.2933802261581,1864,5,1491,1491,0,1491,0,1118,279,0,1118,0,0,0,0,0,20,80,536,2145,0,1000,413,27.04312634249152,673.0137293719748,0,1,0,0,0,0,0,0,4.0,413,183,471,20,0,0,0,0,0,0,1,183,4,1886,47453,61626,0,20,0,0,0,0,0,0,0,0,BENIGN
80,3530517,414,1,548097,26,1323,0,1323,16.330356477661702,26,0,26,2.353241793103572,155252,117,8507,48.58756265420428,3530517,6,2824414,6822,0,2824414,0,2118310,2118310,0,2118310,0,0,0,0,0,8280,20,117,0,0,1500,1320,71.30288316374026,207.70845553923633,0,1,0,0,0,0,0,0,0.0,1320,1323,26,8280,0,0,0,0,0,0,414,548097,1,26,35209,29948,413,20,0,0,0,0,0,0,0,0,DDoS
443,917,2,3,781,589,390,10,390,18.766794778948515,196,0,196,7.111032778053755,1493874,5449,183,738.0135690852464,917,7,734,367,0,734,0,550,183,0,550,0,0,0,0,0,40,60,2179,3269,0,1000,274,23.368160585987397,8.694194549103361,0,0,0,0,0,0,0,0,1.5,274,390,196,40,0,0,0,0,0,0,2,781,3,589,35940,54096,1,20,0,0,0,0,0,0,0,0,BENIGN
22,4011,8,7,5946,4534,743,10,743,43.448516484545536,647,0,647,21.272605596020355,2613007,3739,267,55.10979239786096,4011,3,3209,401,0,3209,0,2406,343,0,2406,0,0,0,0,0,160,140,1994,1745,0,1000,698,56.377351056266654,92.1502554165049,0,1,0,0,0,0,0,0,0.88,698,743,647,160,0,0,0,0,0,0,8,5946,7,4534,34667,32330,7,20,0,0,0,0,0,0,0,0,BENIGN
22,3051,6,3,720,1206,120,10,120,39.16992341027015,402,0,402,45.98078571265775,631741,2949,339,120.74926857107083,3051,3,2441,406,0,2441,0,1830,610,0,1830,0,0,0,0,0,120,60,1966,983,0,1000,214,75.63817021614867,620.8763643755939,0,0,0,0,0,0,0,0,0.5,214,120,402,120,0,0,0,0,0,0,6,720,3,1206,57219,44211,5,20,0,0,0,0,0,0,0,0,BENIGN
443,4193,7,5,6272,4173,896,10,896,7.1888625320709885,834,0,834,9.069585173759181,2491313,2861,349,984.4067800680871,4193,9,3354,479,0,3354,0,2515,503,0,2515,0,0,0,0,0,140,100,1669,1192,0,1000,870,20.230203486464816,110.18712395228091,0,0,0,0,1,0,0,0,0.71,870,896,834,140,0,0,0,0,0,0,7,6272,5,4173,29558,59608,6,20,0,0,0,0,0,0,0,0,BENIGN
22,3983,8,12,7226,7321,903,10,903,2.4476117358277816,610,0,610,35.80540750990483,3652361,5021,199,543.0551316243855,3983,1,3186,398,0,3186,0,2389,199,0,2389,0,0,0,0,0,160,240,2008,3012,0,1000,727,16.888742655894127,794.2845787316105,0,0,0,0,0,0,0,0,1.5,727,903,610,160,0,0,0,0,0,0,8,7226,12,7321,47085,48837,7,20,0,0,0,0,0,0,0,0,BENIGN
443,4173,4,5,2648,5307,662,10,662,24.176326683405275,1061,0,1061,11.070688667443918,1906300,2156,463,254.72252151951102,4173,10,3339,834,0,3339,0,2504,500,0,2504,0,0,0,0,0,80,100,958,1197,0,1000,884,21.780578345095957,553.7485856621987,0,0,0,0,1,0,0,0,1.25,884,662,1061,80,0,0,0,0,0,0,4,2648,5,5307,53477,31010,3,20,0,0,0,0,0,0,0,0,BENIGN
443,381,1,7,156,5189,156,10,156,4.734924472933444,741,0,741,26.01596695209641,14019787,20976,47,514.123911302602,381,7,305,305,0,305,0,228,32,0,228,0,0,0,0,0,20,140,2622,18354,0,1000,668,83.27755938566864,631.7960885275795,0,0,0,0,1,0,0,0,7.0,668,156,741,20,0,0,0,0,0,0,1,156,7,5189,53564,37687,0,20,0,0,0,0,0,0,0,0,BENIGN
123,3715,6,4,1059,2590,176,10,176,4.317488937267716,647,0,647,46.870310847378775,982210,2691,371,331.2408350821553,3715,7,2972,495,0,2972,0,2229,557,0,2229,0,0,0,0,0,120,80,1614,1076,0,1000,364,38.17028590212062,418.15824134237766,0,0,0,0,1,0,0,0,0.67,364,176,647,120,0,0,0,0,0,0,6,1059,4,2590,35813,30660,5,20,0,0,0,0,0,0,0,0,BENIGN
443,1084,10,7,7726,3795,772,10,772,34.333709627288854,542,0,542,38.50410751970346,10629138,15682,63,730.9638663255903,1084,8,867,86,0,867,0,650,92,0,650,0,0,0,0,0,200,140,9225,6457,0,1000,677,63.29924855951019,834.4292344848171,0,0,0,0,0,0,0,0,0.7,677,772,542,200,0,0,0,0,0,0,10,7726,7,3795,36047,46655,9,20,0,0,0,0,0,0,0,0,BENIGN
53,3460,2,8,1555,9505,777,10,777,14.16765650401966,1188,0,1188,21.485420278903845,3195780,2889,346,432.55534486358624,3460,6,2768,1384,0,2768,0,2076,259,0,2076,0,0,0,0,0,40,160,577,2311,0,1000,1106,56.152903060638614,550.6951204125934,0,1,0,0,0,0,0,0,4.0,1106,777,1188,40,0,0,0,0,0,0,2,1555,8,9505,50302,52878,1,20,0,0,0,0,0,0,0,0,BENIGN
53,1159,8,11,7295,5326,911,10,911,49.04354829412351,484,0,484,41.663642725079036,10882538,16381,61,857.6126884739648,1159,5,927,115,0,927,0,695,63,0,695,0,0,0,0,0,160,220,6897,9484,0,1000,664,72.3336688421003,196.09865291341666,0,1,0,0,1,0,0,0,1.38,664,911,484,160,0,0,0,0,0,0,8,7295,11,5326,41129,43073,7,20,0,0,0,0,0,0,0,0,BENIGN
443,4738,3,11,905,8430,301,10,301,43.97394189920855,766,0,766,8.763581046668234,1970333,2954,338,39.69166138109337,4738,2,3790,1263,0,3790,0,2842,258,0,2842,0,0,0,0,0,60,220,633,2321,0,1000,666,42.98995794325593,593.2983275918169,0,1,0,0,1,0,0,0,3.67,666,301,766,60,0,0,0,0,0,0,3,905,11,8430,53423,54807,2,20,0,0,0,0,0,0,0,0,BENIGN
53,3206,7,12,1396,13504,199,10,199,5.304731863532269,1125,0,1125,41.902596801469365,4647291,5925,168,491.6729307946413,3206,9,2565,366,0,2565,0,1923,160,0,1923,0,0,0,0,0,140,240,2183,3742,0,1000,784,31.732418248544427,521.78917122712,0,1,0,0,1,0,0,0,1.71,784,199,1125,140,0,0,0,0,0,0,7,1396,12,13504,32189,33655,6,20,0,0,0,0,0,0,0,0,BENIGN
22,799,7,8,537,2697,76,10,76,3.239023096901783,337,0,337,41.80574270551688,4045091,18759,53,359.31865337706216,799,8,639,91,0,639,0,479,59,0,479,0,0,0,0,0,140,160,8754,10005,0,1000,215,25.94223820937409,954.9473733623441,0,1,0,0,0,0,0,0,1.14,215,76,337,140,0,0,0,0,0,0,7,537,8,2697,52069,56638,6,20,0,0,0,0,0,0,0,0,BENIGN
8080,716829,391,2,282301,5,721,0,721,31.2317790822021,2,0,2,20.80234725309373,393827,548,1823,307.3000654179165,716829,2,573463,1466,0,573463,0,430097,215048,0,430097,0,0,0,0,0,7820,40,545,2,0,1500,718,32.786014398507504,222.26621446131855,0,1,0,0,0,0,0,0,0.01,718,721,2,7820,0,0,0,0,0,0,391,282301,2,5,50250,36045,390,20,0,0,0,0,0,0,0,0,DDoS
443,4991446,293,2,136541,14,466,0,466,7.625306324247683,7,0,7,26.11567780863364,27358,59,16920,368.3133651755103,4991446,4,3993157,13628,0,3993157,0,2994867,1497433,0,2994867,0,0,0,0,0,5860,40,58,0,0,1500,462,69.35219627971733,261.46429813973646,0,1,0,0,0,0,0,0,0.01,462,466,7,5860,0,0,0,0,0,0,293,136541,2,14,59236,59451,292,20,0,0,0,0,0,0,0,0,DDoS
123,473,9,12,545,1871,60,10,60,37.872092173920244,155,0,155,40.0122725013496,5101328,44331,22,583.4169985984723,473,4,378,42,0,378,0,284,23,0,284,0,0,0,0,0,180,240,18999,25332,0,1000,115,13.456872736251702,540.7632869331952,0,0,0,0,1,0,0,0,1.33,115,60,155,180,0,0,0,0,0,0,9,545,12,1871,46426,40297,8,20,0,0,0,0,0,0,0,0,BENIGN
53,2079,2,9,704,1519,352,10,352,21.78568776695246,168,0,168,1.4697929827267475,1069260,5288,189,882.666395087299,2079,8,1663,831,0,1663,0,1247,138,0,1247,0,0,0,0,0,40,180,961,4326,0,1000,202,57.21484483892228,491.69121662669346,0,1,0,0,1,0,0,0,4.5,202,352,168,40,0,0,0,0,0,0,2,704,9,1519,52267,65133,1,20,0,0,0,0,0,0,0,0,BENIGN
80,69026,142,0,46329,0,326,0,326,4.880053956935576,0,0,0,40.75275583979944,671188,2057,486,102.17415081525927,69026,1,55221,388,0,55221,0,41416,0,0,41416,0,0,0,0,0,2840,0,2057,0,0,1500,326,50.835066336766545,38.24736539808826,0,1,0,0,0,0,0,0,0.0,326,326,0,2840,0,0,0,0,0,0,142,46329,0,0,45710,32063,141,20,0,0,0,0,0,0,0,0,DDoS
53,3878,3,5,778,808,259,10,259,30.06478487718679,161,0,161,41.27380394361844,409066,2062,484,9.878061643645687,3878,5,3102,1034,0,3102,0,2327,465,0,2327,0,0,0,0,0,60,100,773,1289,0,1000,198,82.54019095100523,672.9441877601961,0,1,0,0,0,0,0,0,1.67,198,259,161,60,0,0,0,0,0,0,3,778,5,808,35546,55255,2,20,0,0,0,0,0,0,0,0,BENIGN
80,4357654,77,0,54263,0,704,0,704,16.74609010539106,0,0,0,2.2581858829793076,12452,17,56592,104.12074210174337,4357654,6,3486123,45274,0,3486123,0,2614592,0,0,2614592,0,0,0,0,0,1540,0,17,0,0,1500,704,48.207284016903365,185.00221981833874,0,1,0,0,0,0,0,0,0.0,704,704,0,1540,0,0,0,0,0,0,77,54263,0,0,63094,35742,76,20,0,0,0,0,0,0,0,0,DDoS
22,4767,4,4,871,2916,217,10,217,44.61694510588678,729,0,729,4.710182655607559,794580,1677,595,605.5091513641661,4767,1,3814,953,0,3814,0,2860,715,0,2860,0,0,0,0,0,80,80,838,838,0,1000,473,0.24140829388848983,393.36489281227705,0,0,0,0,0,0,0,0,1.0,473,217,729,80,0,0,0,0,0,0,4,871,4,2916,54670,43026,3,20,0,0,0,0,0,0,0,0,BENIGN
443,3032,6,1,982,837,163,10,163,46.91438712205592,837,0,837,44.54346803413841,599940,2307,433,385.4989231768815,3032,1,2426,404,0,2426,0,1819,1819,0,1819,0,0,0,0,0,120,20,1978,329,0,1000,259,83.1993632419319,111.68217492785371,0,0,0,0,0,0,0,0,0.17,259,163,837,120,0,0,0,0,0,0,6,982,1,837,46170,35190,5,20,0,0,0,0,0,0,0,0,BENIGN
3306,1242924,391,2,458419,91,1172,0,1172,37.50185983783183,45,0,45,36.30534110526721,368896,316,3162,862.6458213350006,1242924,3,994339,2543,0,994339,0,745754,372877,0,745754,0,0,0,0,0,7820,40,314,1,0,1500,1166,62.6321752696133,917.6437700602036,0,1,0,0,0,0,0,0,0.01,1166,1172,45,7820,0,0,0,0,0,0,391,458419,2,91,51099,31800,390,20,0,0,0,0,0,0,0,0,DDoS
50384,54,1,1,0,0,0,0,0,20.510676405127644,0,0,0,7.315716329960492,0,36374,27,100.97004940503196,54,5,43,43,0,43,0,32,32,0,32,0,0,0,0,0,20,20,18187,18187,0,1000,0,14.689184067905359,90.7493049715774,0,1,0,0,0,0,0,0,1.0,0,0,0,20,0,0,0,0,0,0,1,0,1,0,40500,50720,0,20,0,0,0,0,0,0,0,0,PortScan
123,900,4,4,719,3585,179,10,179,33.8173310934411,896,0,896,32.35382427529684,4781784,8887,112,431.57264089281153,900,5,720,180,0,720,0,540,135,0,540,0,0,0,0,0,80,80,4443,4443,0,1000,538,32.36941518024224,617.443416856097,0,1,0,0,0,0,0,0,1.0,538,179,896,80,0,0,0,0,0,0,4,719,4,3585,59735,44847,3,20,0,0,0,0,0,0,0,0,BENIGN
22,419,1,9,970,2869,970,10,970,43.50837193223786,318,0,318,20.118858232093718,9164651,23864,41,51.89022964320422,419,9,335,335,0,335,0,251,27,0,251,0,0,0,0,0,20,180,2386,21478,0,1000,384,73.62218427184075,223.75372311162823,0,0,0,0,0,0,0,0,9.0,384,970,318,20,0,0,0,0,0,0,1,970,9,2869,65071,54933,0,20,0,0,0,0,0,0,0,0,BENIGN
8080,3250266,397,4,66043,68,166,0,166,34.312772189580066,17,0,17,48.212716664390676,20340,123,8105,549.2709493258416,3250266,6,2600213,6549,0,2600213,0,1950160,487540,0,1950160,0,0,0,0,0,7940,80,122,1,0,1500,164,6.356500211775462,291.0747487009282,0,1,0,0,0,0,0,0,0.01,164,166,17,7940,0,0,0,0,0,0,397,66043,4,68,33460,35677,396,20,0,0,0,0,0,0,0,0,DDoS
123,1829,4,8,1506,4106,376,10,376,22.89298522382126,513,0,513,49.61644056733217,3068225,6559,152,906.0676475594436,1829,3,1463,365,0,1463,0,1097,137,0,1097,0,0,0,0,0,80,160,2186,4372,0,1000,467,10.803484982895961,305.78285151151505,0,0,0,0,1,0,0,0,2.0,467,376,513,80,0,0,0,0,0,0,4,1506,8,4106,45821,40618,3,20,0,0,0,0,0,0,0,0,BENIGN
123,3355,2,10,1051,4913,525,10,525,42.19982627524774,491,0,491,17.05668281141684,1777635,3576,279,198.1525789640267,3355,3,2684,1342,0,2684,0,2013,201,0,2013,0,0,0,0,0,40,200,596,2980,0,1000,497,19.73710043568644,845.1225353162895,0,0,0,0,0,0,0,0,5.0,497,525,491,40,0,0,0,0,0,0,2,1051,10,4913,46264,33903,1,20,0,0,0,0,0,0,0,0,BENIGN
443,2869,6,6,1190,2490,198,10,198,4.667828548133713,415,0,415,40.9141598396587,1282727,4181,239,377.8091883030722,2869,1,2295,382,0,2295,0,1721,286,0,1721,0,0,0,0,0,120,120,2090,2090,0,1000,306,25.29761102870839,507.00752775017156,0,1,0,0,0,0,0,0,1.0,306,198,415,120,0,0,0,0,0,0,6,1190,6,2490,63560,43677,5,20,0,0,0,0,0,0,0,0,BENIGN
53,3325,4,1,2739,715,684,10,684,40.31141847673995,715,0,715,16.292322360338158,1039262,1503,665,632.817440136322,3325,3,2660,665,0,2660,0,1995,1995,0,1995,0,0,0,0,0,80,20,1202,300,0,1000,691,77.82823045895074,134.0871088453991,0,0,0,0,1,0,0,0,0.25,691,684,715,80,0,0,0,0,0,0,4,2739,1,715,51307,35842,3,20,0,0,0,0,0,0,0,0,BENIGN
22,4581,6,6,3240,4211,540,10,540,15.361444787943695,701,0,701,2.032109872892718,1626504,2619,381,123.7858019318584,4581,10,3665,610,0,3665,0,2748,458,0,2748,0,0,0,0,0,120,120,1309,1309,0,1000,620,57.10029052758527,872.3641807314904,0,0,0,0,0,0,0,0,1.0,620,540,701,120,0,0,0,0,0,0,6,3240,6,4211,36619,50763,5,20,0,0,0,0,0,0,0,0,BENIGN
123,54,3,5,1590,5488,530,10,530,49.4485362268554,1097,0,1097,5.807349851920951,129266728,146076,6,537.5414813286095,54,5,43,14,0,43,0,32,6,0,32,0,0,0,0,0,60,100,54778,91298,0,1000,884,26.74720812996638,656.9825224779576,0,1,0,0,0,0,0,0,1.67,884,530,1097,60,0,0,0,0,0,0,3,1590,5,5488,42605,33739,2,20,0,0,0,0,0,0,0,0,BENIGN
443,2459,5,1,2811,812,562,10,562,23.612581677283462,812,0,812,25.6295259786867,1473458,2439,409,731.400667579708,2459,6,1967,393,0,1967,0,1475,1475,0,1475,0,0,0,0,0,100,20,2032,406,0,1000,604,75.3224695273445,691.3781087254781,0,0,0,0,0,0,0,0,0.2,604,562,812,100,0,0,0,0,0,0,5,2811,1,812,49744,50234,4,20,0,0,0,0,0,0,0,0,BENIGN
29957,50,2,0,0,0,0,0,0,26.80505942133027,0,0,0,1.2625944447987036,0,39383,25,538.3770156980795,50,2,40,20,0,40,0,30,0,0,30,0,0,0,0,0,40,0,39383,0,0,1000,0,22.034031002795494,661.8696555309459,0,1,0,0,0,0,0,0,0.0,0,0,0,40,0,0,0,0,0,0,2,0,0,0,62441,51443,1,20,0,0,0,0,0,0,0,0,PortScan
443,597,6,9,5616,10044,936,10,936,28.873328367773087,1116,0,1116,10.416437272672784,26225506,25119,39,253.97919278648163,597,1,477,79,0,477,0,358,39,0,358,0,0,0,0,0,120,180,10047,15071,0,1000,1044,82.98424142940888,790.6399220280488,0,0,0,0,1,0,0,0,1.5,1044,936,1116,120,0,0,0,0,0,0,6,5616,9,10044,40828,63915,5,20,0,0,0,0,0,0,0,0,BENIGN
8080,4385980,127,3,30099,58,237,0,237,0.41951180926085296,19,0,19,45.84922776595939,6875,29,33738,925.0112973468531,4385980,2,3508784,27628,0,3508784,0,2631588,877196,0,2631588,0,0,0,0,0,2540,60,28,0,0,1500,231,97.34588782639956,256.4101399643136,0,1,0,0,0,0,0,0,0.02,231,237,19,2540,0,0,0,0,0,0,127,30099,3,58,58222,62678,126,20,0,0,0,0,0,0,0,0,DDoS
22,3494,5,10,4320,1849,864,10,864,25.90337443082045,184,0,184,14.378140001859464,1765536,4292,232,553.5368155382174,3494,10,2795,559,0,2795,0,2096,209,0,2096,0,0,0,0,0,100,200,1430,2861,0,1000,411,57.8697527660181,329.6985697147256,0,0,0,0,0,0,0,0,2.0,411,864,184,100,0,0,0,0,0,0,5,4320,10,1849,39977,57797,4,20,0,0,0,0,0,0,0,0,BENIGN
53,1391,1,3,445,1980,445,10,445,19.981779857051862,660,0,660,3.9924101970195136,1744292,2875,347,919.7482084183733,1391,1,1112,1112,0,1112,0,834,278,0,834,0,0,0,0,0,20,60,718,2156,0,1000,606,14.948439084334064,383.823937197731,0,0,0,0,1,0,0,0,3.0,606,445,660,20,0,0,0,0,0,0,1,445,3,1980,50399,38867,0,20,0,0,0,0,0,0,0,0,BENIGN
443,3982,8,7,5019,6647,627,10,627,31.832528954394153,949,0,949,38.36875314532413,2929211,3766,265,329.4267095949244,3982,8,3186,398,0,3186,0,2389,341,0,2389,0,0,0,0,0,160,140,2008,1757,0,1000,777,5.168911488838901,822.7276104201893,0,1,0,0,1,0,0,0,0.88,777,627,949,160,0,0,0,0,0,0,8,5019,7,6647,58965,49634,7,20,0,0,0,0,0,0,0,0,BENIGN
22,4653,9,11,8100,1267,900,10,900,40.8119816734057,115,0,115,37.62509874207962,2012955,4297,232,391.43911974720015,4653,6,3722,413,0,3722,0,2792,253,0,2792,0,0,0,0,0,180,220,1933,2363,0,1000,468,20.745892204786266,902.2179964046604,0,1,0,0,0,0,0,0,1.22,468,900,115,180,0,0,0,0,0,0,9,8100,11,1267,48187,56935,8,20,0,0,0,0,0,0,0,0,BENIGN
443,3034,1,4,901,1175,901,10,901,28.588133057720544,293,0,293,13.879694421108441,684596,1647,606,758.6346501754668,3034,10,2427,2427,0,2427,0,1820,455,0,1820,0,0,0,0,0,20,80,329,1318,0,1000,415,46.41538203858695,321.16063803726445,0,1,0,0,0,0,0,0,4.0,415,901,293,20,0,0,0,0,0,0,1,901,4,1175,49691,61560,0,20,0,0,0,0,0,0,0,0,BENIGN
3306,936860,57,1,72972,43,1280,0,1280,41.8904128597795,43,0,43,44.716183024786915,77936,61,16152,660.1982070252159,936860,6,749488,13148,0,749488,0,562116,562116,0,562116,0,0,0,0,0,1140,20,60,1,0,1500,1258,62.0764888787298,885.195199041033,0,1,0,0,0,0,0,0,0.02,1258,1280,43,1140,0,0,0,0,0,0,57,72972,1,43,31943,44435,56,20,0,0,0,0,0,0,0,0,DDoS
443,3557,7,11,1474,486,210,10,210,21.60309311948253,44,0,44,12.104745139993595,551489,5060,197,317.65495629117237,3557,6,2845,406,0,2845,0,2134,194,0,2134,0,0,0,0,0,140,220,1967,3092,0,1000,108,3.5162576296655534,837.5013650717827,0,0,0,0,0,0,0,0,1.57,108,210,44,140,0,0,0,0,0,0,7,1474,11,486,54286,61972,6,20,0,0,0,0,0,0,0,0,BENIGN
53,4531,10,5,4869,5398,486,10,486,47.726508518224925,1079,0,1079,43.44793282318957,2265784,3310,302,323.8937748731923,4531,3,3625,362,0,3625,0,2718,543,0,2718,0,0,0,0,0,200,100,2206,1103,0,1000,684,28.97486937690742,551.5428233100677,0,1,0,0,0,0,0,0,0.5,684,486,1079,200,0,0,0,0,0,0,10,4869,5,5398,32467,60244,9,20,0,0,0,0,0,0,0,0,BENIGN
80,4774,4,2,198,696,49,10,49,47.51963279683873,348,0,348,30.003984365072128,187507,1256,795,680.4835479246498,4774,6,3819,954,0,3819,0,2864,1432,0,2864,0,0,0,0,0,80,40,837,418,0,1000,149,66.87040340587883,880.0431528392602,0,0,0,0,1,0,0,0,0.5,149,49,348,80,0,0,0,0,0,0,4,198,2,696,31721,53234,3,20,0,0,0,0,0,0,0,0,BENIGN
80,2802606,406,1,254299,26,626,0,626,45.73508167784209,26,0,26,17.387122992889974,90746,145,6886,128.3956259075686,2802606,7,2242085,5522,0,2242085,0,1681564,1681564,0,1681564,0,0,0,0,0,8120,20,144,0,0,1500,624,62.21115255467604,239.44423735921373,0,1,0,0,0,0,0,0,0.0,624,626,26,8120,0,0,0,0,0,0,406,254299,1,26,47601,51658,405,20,0,0,0,0,0,0,0,0,DDoS
8080,4917618,155,1,102237,21,659,0,659,42.27548225667039,21,0,21,22.45894493766852,20794,31,31523,678.8981150366018,4917618,7,3934094,25381,0,3934094,0,2950570,2950570,0,2950570,0,0,0,0,0,3100,20,31,0,0,1500,655,86.5655005509983,286.7246729052332,0,1,0,0,0,0,0,0,0.01,655,659,21,3100,0,0,0,0,0,0,155,102237,1,21,57998,65515,154,20,0,0,0,0,0,0,0,0,DDoS
53,3189,7,3,2928,866,418,10,418,37.50338857109055,288,0,288,49.71514874115555,1189531,3135,318,340.6442980866632,3189,4,2551,364,0,2551,0,1913,637,0,1913,0,0,0,0,0,140,60,2194,940,0,1000,379,53.68951662809206,996.8857492575664,0,0,0,0,0,0,0,0,0.43,379,418,288,140,0,0,0,0,0,0,7,2928,3,866,57292,32984,6,20,0,0,0,0,0,0,0,0,BENIGN
53,3009,7,8,2062,3736,294,10,294,42.23304985472333,467,0,467,29.172545905128487,1926911,4984,200,262.7916351499642,3009,1,2407,343,0,2407,0,1805,225,0,1805,0,0,0,0,0,140,160,2325,2658,0,1000,386,8.337600346015716,256.11382302749706,0,1,0,0,1,0,0,0,1.14,386,294,467,140,0,0,0,0,0,0,7,2062,8,3736,35711,37546,6,20,0,0,0,0,0,0,0,0,BENIGN
